id,minorityInterest
b6ac8970d0624fd4956ec5dc3b91f5ef,
daf69cf81ace423189d9b9ca4e224f70,
6efd90e115b04ae69b3382f668eed74b,861000000.0000
83f85ce311904b2bac33f96c7fa19fa3,169900000.0000
d50a12933a6e4aee9c2a752d7dfd2b60,228000000.0000
3b8265fdaf85412da07f941d7397a582,
ca01e7974a844e38a533642f918bd29d,
0784d4ce6b174d7bafed246de96a126f,
f24a744cc73645498ff50055bfcc5e2e,763000000.0000
1ebe5fd22284414d984694c21375547f,
edda845b1f954b9398fa8cd992daa252,26600000.0000
b474a9af10fc49ed8741ce5385befed9,
d0ddf6ff7b054dd1ab28df7d7dc04cda,
46f3c88e48574b8c98a0b4866fedc677,11239412000.0000
b55239ab3ce147bfb08e5481b982a501,
4aac0cf512844e3587b7eef46474def9,
0a23451ab70d456cbffd139f0ea9604b,
5332ab6789804e3885cfde1a1c1007ba,
6d684df47a7542d6ab10162a9a4ebb98,
236d2d77a2c0405caec3e42077850753,587405000.0000
59040454c9b94afd86946e5fe685b594,
af278a71770f49ec9085bc442181690a,31000000.0000
3818b94e828b47d0abdf838fa678bb6d,
622e17009d6e49dda0adeaf40c559516,390000000.0000
6a9a742854f74bb7819beb75bf63f324,431000000.0000
3d45d173fc53499da8ed40e17eaf7480,351274000.0000
b07cee78b1d5492f8f45a175f71caaa1,431000000.0000
4d01fac1f646469c8f1f722501accf93,
8ea435856014486c8eb7ef00c25bc3c7,
d19f2de1a5e74eb9a7942d49acb6303b,
4304762ecef24b66bc7a30f2818362a5,551800000.0000
51e74d69bbb14f02b28550baa7a5fa43,
1bba1978237d4671b287c566267ed00a,
d74b263318074ceabe81d5936954c968,
5c4f761143564d4fbe8fefd055259309,
26c8b20cb73248a29dd21db2f0d01daf,
acaca1feb5cd4607a617bb2b549468e5,1615000000.0000
272d1f0d3ce14ebc9402d47f7f755696,
b8c2e745b74a4da18a38583d965d7b71,
1c829cf3e0ff4a9889c25b119a3e868e,
9eba642399534d32b203690e15d75a3b,
ac527ff9762a4d90b5015aceaa0416e0,
199f5c652a854748bc56694cfd64b5dc,
885e8eef64c44ee7b71280b2a4ae6fe7,
ea4cb81247d3487ea889894047ab4067,
c0f2cd2772d34db2a85af9b8eff712c1,401000000.0000
f424ae99f6b248edb6a67a36bb00837a,
7102eaac226f4d23afa4d413ed35a125,
7a41a9cb09d8473fbf1fb8242fee1048,
99ddf05679b645d1bf4ba9b069521bf7,
374a5bf35b3141d9a9e3ab5d700b7e36,
cb074d451e1e4e95bccb61077d1ace91,
f352e920adac492ebd738916593b0483,415000000.0000
27a4ee7c36194008b5f9116d7bc2f9dc,
a21e7a7173d64744b43b22c260cab2c9,
0ac5ab87f23d4acaae7e041dca451ae4,
5b99f0df51df46f5a24a5ecacd86c2a0,
b8dd8cd2c4974423896e6e830078a89a,
4558b0b65100408eaa7242f6d62f3f3b,
2d810f0ee16d4f3f9472b51ec3af14d4,359000000.0000
4dff56fffbd147dca3731e41fa4a8498,
e58607301532412ea9d3e321f659f72c,
f8c8547e73844f27b146abec543f3278,
975e236b03134c8a8d655bd1b9aa02c1,
b984d20067a746abba9d86f2264a45ff,
c3f6eae2ab4a47bab8c9203a41248c44,
cb91b80223d64317a34a1e5a03c7b469,
c5e103b4d82d4ec89d9804fb2621fb1b,
505e91c8bddb48108f0fa4e745e0ea07,
938553cb990f4747b3aba3b8849eba4e,
c14c5c9f57ba4134b78e3bf712767a7d,
af7e2785e76345a3bbac5e9326f0e57a,
e59d5dd9ab044a9499a756240c08fcce,
5cc5fe58251e482fb5f410853f818729,370000000.0000
80fa6a850d4c481cbbc1e9c2c7491259,
a9fbde7ab4b349d99097c5a302635e66,
87eb1425b0c448128f3389bf3ca32860,
bee80b4adfac4d7fb1f5b529a4632b97,
36581778b9d645e2b010cb0889c04d9e,
c87a6e6f89a74cf1ad3e962ebbf400da,
9d8ff20e033d4788ae50161f73c473d6,
cb4919769003456ba61bab953fd4d82e,
10b489bd0ff4488c8daf1648e4ebaaa1,
f33277f172b34b82b631cf6f1d45ce60,2537512000.0000
7a7a271efc3a41daabcc35ef74b54ce8,
c0b1243557d34c6f872de9dec2ec6768,850000000.0000
ddce881e96cb48b8a060d392a9a2b156,932000000.0000
50eeaa57b4f041b0a52c186a660be929,
900229fbbbd448858477713999abe755,269000000.0000
420d743bb9eb4f40ac47c5ad87b84196,758000000.0000
87477e0e17f048558d9abeec8d83973e,
3681d38ece9946f792a227d0976e0a32,
8407ccb9fc8b4cdab7db1627d42fb1a5,
89bcf06619e846c7b0924381797a450d,
7887ed81af8d41b4a49d0220f9d5a9fd,
77356f2dab7642969851d3fd10536a75,
99d4bc160ee046f5b209b0276420f713,
42d0b601132b489ab721a802301fcb86,
b52e2d1947054fc2ad8f1a391ce3adc6,
77d8a4c7ff6e4fb9af05796b69465a30,387000000.0000
d8b84dfd8649457898cfd1ca24a5374c,
86d16d037ae9420e9c5938c5eb862ffb,
dd33ac8e443d4a148926be2c83c67792,
f594fc9f3ecc4b9b9b45dc9c4eab7022,
0e66e6f5014847139f9158a233079770,
fbde8e29f52c48b8be357d6ce7eaa65a,
884f00a940fa41bfa340bc1130e0802c,932000000.0000
62006b4121b84e17943b48bd33265c64,
d5cc13358c1d41a78bde06ac3bb68b97,
28f8e5eb3bc8426aaba2de9a3f4b1e94,
bbaa31cccc924dafa866fe5989d348e0,
c1fc48ae8ffc4531900a81a71c841cbd,
9c17c3793acc4e8097d94e3ffeeaa314,
2b87cb36ad3d4d3fa9fa8a165e53e3c8,1056000000.0000
becb2ebafbe2477e8c0c50216967ab7a,10244683000.0000
12c3a3c28e4a4fd4b6ef7654e5ded9eb,758000000.0000
1f542245d0854333bc1f3270551e66de,
ec348f202c9f4aed8f69ef01c714fe02,1008000000.0000
6681eebc570a46bc94157e43bcfc341b,
e8d359dc146441c78cff7d5227b91b96,
da4f348db5164e4db4abeee064e515d0,
74a4d58311de4230a42f214e2ca541bd,371000000.0000
163cdf24ce274ceeb6fb4c6aee0e1ec8,
b691dba29278436ea0a46f1b8e6d6a09,
1777180fddee4d51b51567adc3402bd9,0.0000
482d601115b74f4abd45f7e2c885ca2f,
493de953679f4c3197b04605b635f80c,
ef4f45179b1340ffa65876e83a2b35ca,
b223c84326bf4b558e3e3fbdfc8aca1f,121439000.0000
30749ecf02bc47b78c9ab5bd5a50afa5,
f6959073151e470ca83b69392351f9c0,
0174f664cd0148b78d52ee7b7016be5b,
27cb544908cb46b5bd12ae4d0efea361,
660e536b8bd94433a22ae35e67a0312a,2145629000.0000
34b0de77493a42e78ca0d7483210fc72,
33ecb4d8e9304c539fab0ed43c2ce65f,
bc7d841e47ed4541ab343e0e3e5072c2,
d81c46ecfe60496ab40123680bb8fb85,
48909047d990404f9ce02f88c706d60d,
6e10235686db491a824b9597f691adb4,
7cd07c6b0cad467e80280b72d05d7800,
d595de3eb3304ad6829d6e9bc1afbac1,
15c005fb70f14fe4b960a0d062728468,
49072044a7664e4e8e4b82d2ad879360,184659000.0000
1185556c463147ee9da5afc8eba157a4,
fcde1fc5bda84bb68e2168d2316f088c,
0cdee1fffc4f470582c4d5062cd717d5,
8ca480a6e6824b98bcd4b54334d8f27d,
9bd32c3dc0c740808e6329239e0cb357,
966f41d5365b40d09e125634d470aaae,
5da89bbc8aee4b9797017a32f6f29243,
a5e1f1f2ec57444797c8b5eb4948113a,
60b1997e1a4c4fd9907c6df94fd16481,
10cf821f7b924259bb72e5ae18c55a12,
600da98f633b4d89be2c4237c9a2baac,185884000.0000
6bdd69cf5d464db9b24ab606f0a389bb,285100000.0000
d43483df574f45178a02342d0066ed51,
bfc562c85e914873b9b74966214b91c3,
19244b5fef3f464d95ad54ea72a848ab,8767000000.0000
2c3fa992ce2f45acbd71ef1fceb42bed,
345e9cf09f1b412190aa48072be0dae7,
b15a9ca68e4f441582f903e317369647,220894000.0000
0e0b43480385469faa289253da56e363,
3239f58daa894740a7d2dae62f95a1be,335700000.0000
653a32190ef0411690775515367a1b65,
f46eaf5aa2864109b351281f986b45de,156392000.0000
e4a7d705ffea49358ef389c23a6cc7e1,
86e92c63857b4ba4b4dc96ffb1db2eaa,
629ca5b62df543b1a17d070772ffec66,
d7006c51e4c1486da595da21cabf9084,
d5d24204fe9142288c2d867d75d72775,
f43f66509e5a411e8552e138c3e55b62,
d33122ed16c446e19a7ed577263c4fec,
3e8d3c79af124dde9d9aa9db61a3cb04,
db047eed26c84cb09f17913ad12809ee,
46e26a258f5c408085e91623383daa26,
33de62c345184581bdfd706957af527e,
2d2c30d759874975a2abb0cde8a8c3f5,
1078980b211743ddb91164e95b6cc7dd,
8314b3bc68ff456cac9ac6bad02cbda9,
8f1ef1fe3883401fab07632b1909d88e,
9b4ac77923604181b60b73a50120ad6b,
25483b3fb4ec4067b76e86bf588c9a49,
218c3fb6daaa435296b4e7f91442a435,
8cdfaebb9e3941ada2aead84b1d96389,
9dceb95b5692462a8c164ed169755660,
ada99d5a14c5434e9054be816be57fe3,
34897b5d6640423c86f12be0955a377e,
cd6398782ca04ac2909b75d1204c91cd,
4a116c6c8e734dedaa7a70ede2ff4a7c,
aa676f468fac45c0a503779bbbdbd951,
32380a76960242ee881ea40611b757be,
8d94585c1b4e448eb1756ce2bff82e5f,
ce313928a4094169a2e947441aef2214,
3c62cc812a194fe4ad904e58ae17e853,
217da03fb8ae4aeabc1806be9aae490d,
58729a13a6074174a76fd37098dcd0e2,
2b342e7e4df84a9dba5ee0e0584c8b50,
a88e074badf945458a9b9b9be19986d3,
b33bf1a5cf8b44baacc23c89a0e3e27e,
e5901c171de8496eb8c956b0b5986b9a,
0a28499f6b4a42ebbef6d5ce9d610762,
d04f5c8a97814cc6a1a4bf690c94c86a,
f3f210dfbe144515a27ca40b91ab426a,
ef7d7ff3190e460787f5a37c2bd151a0,
37c628e0b2514a22a3616e983910f404,
21b90114ad2f4f8f85596b0c5814a12b,
f787e0de6803471f8039890743baae62,
a3fff91b74ea482580e4887467851c96,
39e14964c14745e894a7fe480046e316,
f96ba1a80bba4c639fd54ab0d79176af,
f9af89e7dde94344948285a9dca90459,
48fe72968c7b4f04954b02c660636cff,
2a54d787fa874d72a423ddaac24cda54,
925d97d8ab324e4ba75f3f05ad8cf1e1,
6229d58e230f4c0fbb183a73cd720cb4,
6f2454a9ed6944188bf10652c4386e83,
5bd8973fb4e94f3a81701d9ab2fa7cee,
0d4f51966ba149ebac903eb18f5ccb1a,
f5b20b577ce34ea082c6699a91e7e864,0.0000
253ad15640314eae8c0e10a17ecda4ea,
0ec7288c340d4ec892e22cbff05b1bbc,
f23e8514d5734b399411d9faec704e66,
dfad63aff84f4b0382f1359bd405bbe4,
3314cc17da6247f68fe366d0fede3bb7,
ac4229b3d82c4613b72385ab4c54e098,281500000.0000
4f4cb4c6eeba4145898119368ee7c68e,
fa2f0f805e7b495f8b6e8c43ed82679f,
b8f87da6e6fb4d78a124ac616ce582ef,
c782c54fd19d48caba5446c801b2cb43,
4694313b434b4824a3b10678df54dada,
d6fc7c9b424f4695b7b878a700dcf45b,
5d317be4429f405ab38d014d95b502ba,
2f58beb1a18f47f1a5d7bf37607f07e3,
c187672832cb4fad9184db8fa9b0ce93,
e19ff459d33d4a27901c73a7d293f0d6,2329549000.0000
892f671a7ad944b1b3cbe7c21e600f8e,
c3ebbbe1e65f4696bc81dca0e1a35515,
69edb71af2f44b40be4bdcc5f45b0796,
82919cce87dd423d957c6dad189b177a,
8a4188f9d23d4e1cb845b4a8e1687ed1,
58213415e5bf41de811f8ec309cf2b15,
0c7119d14f594c73bf278a0480d54f12,
298c17ee43354dd4b9f79ca3fb0f82bb,
3a3161daf871429aa708053e22111474,
9f8513f5a6ce422290208d8aceef9ccf,
4f8daa70673141e7a821fc3b42080101,
827d1d6336784373be1fdab05eb89aca,
4e1e1995cf724312aee252e858774a14,
482f57d30391437fbc05eb8299d1e52f,
2ea1de5237c64f33aef37c18bc0689db,
63d99684fbe84878a1155c2fd9e5d4de,
f9234efc58bb4dcea151245fd8794007,
c33192f2d0744a2ba503c1aa5f4a04dc,728639000.0000
4cf1a856331049f8b6ab28a8546dcf45,226000000.0000
174db1d94884487bbd9c3c2632e3d598,
759a749f23284a67be74af910b1a477c,
e809b8a6117a45d88b5fd753e0d7b022,66710000.0000
a1d6115f75b54ca6943865db0df3452d,
c4b8c74773f04660a8480a525fbdef56,
d27e1720a66f434b8f9c749084417aa6,
f30a17d30a5e46adaa0ec3a05b94b620,
205523d2e476417c8cd06a8b114fde6f,
5a1292d633b84e06bd08c890a304bb27,
d8050d3283d14414852772e807040df9,
f1994bd759024883a2e891e71569c9b2,
789ca909d6824a418e50e754ed3dd081,
c3bddb24003f4edf9b11193befbf383b,
945cef5c59be4cc4a639fa439ed29c7d,
1611e1c22955443fa2ad61231743bbe4,
2b218f57b5ba4293989d70b8eec94e1b,
63f9a13c5f2c4483b00b49b13cfac7ef,
63960e74aa13488293b717dd4b07183a,1521000000.0000
44c9b1352f1e4e5a90096dd02cd5add6,
7a05e303e34c408dba8edf0c22cd014c,
9a1399b32599421cba957bcc119dcb79,
3e4c810ac2f84ca4a3b1cf3b4b5d5874,
22d5f318d64c49cf9568801a6b84b770,
24228c7e38774f83aaaddcbdf9b6bd87,
bac57f2c8b654ce3943c28facaa12a5e,
de91d87e207a4b9d82c665efc5c1f39e,
3ddb220d69154ee9ac2517b6465f2fc6,
a09bb84e23d4431cbdfb2b05e52289c9,
e78d900555f2487fa8ef9cd6e98580b7,
ba6b53170e22417fbddb3a205476c9a6,157100000.0000
aba9ba28ec88407cb4c3649d7a7f0d48,
1b2c34487e3842b397edb6bb078c4dd7,
fb07390fd8fe4c878a05225692347fd6,
1c574e0da4eb4b3cb8c0d9fe3c5275be,
019e575e7c174dd19d1e257d1b936b76,
85045ba73e0b4f74a3de94e802f89a1f,
6faea71b7061441e9e1a7ed497ef6f03,
6d89c5bfa9d64191acc2f5461817bf07,
b816c5bd8ed2481b9b4cf8aaef13027a,
4ea17b9c96cc488cbb04c0c0fd4c2f93,
a1bafa80ab004e7a8592d0c9667a6fb9,
f37cc47f36fe4f7099967226eebb5787,
3c1edff7e5ab44558cd1b728ec7cae37,
091702d90cae4da8a68d5eb3bc65b1f8,
2906e41644b14435b3beb8feeb2c4967,
7480ad55a9ad4d40bff299c04d5f5f74,57372000.0000
c3f2ffa7f7c943aab7db6762c7b54c3e,
5d368057acf34623ad630ced20659272,
2c1c1fcf26b14e79b773d52755c41409,
680199948c174bb39adfdb3320239d75,
a083e5d9648f4f72bba1749a45e6607a,531066000.0000
841adc0776f548979ad32981305dbca7,
80a1ff75066d42919eb57e58e9746c3e,
a3b085f2478d41819b197f96327d80e4,
aa03930823c340c4b9b750c080a276fd,
00a437ec671941148afbb4fec6e6325e,
bf550ceb2bdd48fb968deb30bcd9fbeb,
e236abc28e824db59b6ea8739bf8f503,
2da533644bf44c4cb39bbf8925b507ef,
296d94e8138749beaaf184311cea24f3,
c672eea4415b4551b93c8e3020cb9088,
5d67d175117b441fb838f0685c05f777,
0a9513e9247c48c68c03af879dbd2892,
7d479c0992b14dac8b82844d59694510,
d446996790ba44328032cadbbfa01d9d,
19a01c11cb93477ea827dff6c0ebc721,
250f81bdd32541f88e9b348765bb5efc,
4568123ce8d84ac2919f2a2b8c466bd2,
4a6ccd126a2f4c25938484487dc816a8,
c95007ea968a4761b951530dc834b575,
b31d331e53db40eba59a903bc4dffbdb,
8a67e03b9cdc4f33b5cef61c2ce8f150,
b4b8e4bd225b4eed9c324929ae9bca88,
d5e53ec905614f489a797121d98b6758,
ef17b7b3441242a2a560e83839a92e28,
bb221f5159c846d7ba225152e6c67d37,
ee74071401ac4deb8d54ced538edf46f,
fca555b2481e4bc592477018aa01bb9b,
ede633ac6bd344b6b9de12cbf54332a4,55488000.0000
fbdd6434ff3341c1b871e36e1166b16a,
062d84175bc448b8a925caceab5a987c,
a3368808d4fb43beb8f48127444a0980,179000000.0000
fe12a7696c324ddfb300a9656ea4aaf4,219000000.0000
a406fd3fa0da4ac9b3c891c52fa33900,
23603da209864ac1a07bbe8b1cabc9c4,
7c63090f373a4784b9d4942a43840ed1,55447000.0000
380916cdfb4d45a88a690cb3ce1dc87a,
2318d71405b94a49856c630c9ecb66e9,
34f744f130b44a3fbd0d928ebd4d887b,46306000.0000
140c7fce1b944cf4bd25f9fb8b4d81cd,
baacb7f6687841098541dd731b367417,
5e8e9b47be8e4298bdbf8e3cee87c9b6,58425000.0000
c54a5d5357904dbe8719a47010488135,
9aa6d62c40dc48908afac1d71c741b65,
b5dadcbdf08141d4a53f6f9525e64fee,
dc5c0fbb0e474cf082aee9a115cca144,
e5876dee91ce4431b5365e01248f19df,
ff194c715d4d4c72953cbf2fafba776a,194000000.0000
194a4a34432549ea8dac622373ddadf8,
27782417762a4c55af8a5539eea51d85,
eb17ff97018c41bba8d79b003de4e55a,
654d5131a8c745b6bb21514d1624e6ff,
13f203bb26fd4e4780a976e094267ea1,46093000.0000
793f4dae53d44d86a06285898c9d3f4b,
c8fcccb6d2254473bde1a302fee47518,
baddeee3f3324f0489aa063402b4b144,
7652648026f34ac59109da816c0f9f5e,
79e551b86ff9443985b39bf851f79428,
0c2ef7414fb74633a42b3952873bae0f,
9a201e80e3af4727b893f4d16d723f45,
0cc2574008c5402ba521beb8275d9c29,38100000.0000
7ecf770488334654a29a8db9c99c1199,
2cb9aa96ff114eec809294463c57310d,
951503ce85604cc081b636cdde2faa52,
e5eba1b69e5a4fc9bd140bed77098b37,
359eb80c0e4a40ca936a4b67e8ad9c1d,
eae2e0be80b949c7830dce8f8bc8adcb,
c4a29929d98b45c987b5927b191be866,402198000.0000
e6ad92419c134e0fa739bc149ad0cb8c,
50e2841bbf8d4783a33049ee0f45a3c5,
8c113dcf85d849dbb6807ccf064a49a2,17000000.0000
3c224b9a453443d8800f278185f99e36,
db342a5742034b2b913c06d0760b283c,1073000000.0000
41867c5301184f5aafaa1b4ea7f7668f,860000000.0000
7d630008c11d43db8a94486b8e6aa40f,
78a32b04d90b420b91fb48d4ce3a241b,
9565156f6265454aaac0523559551aaa,
a27db08a322f424aba8fdc40cf17c448,
1e99aeb5b6764db9b3808b3f0cf3a928,
8c62aa29f04f433fa8933301dcf39a5c,
1d3db1e7e52b46a09377509caef2e669,
0b4beffcf3694ad5b4b63bef8918a0fb,
559237ef11314bf1a0b6861db9e19863,
573c29ae442c4aedbf6dcc30a39e37c2,881000000.0000
013acf8c9dc1472281d8a4ed68ccf91c,973000000.0000
7b74066dfda44bc2960c8243d71db110,
9742d2a6da3d47d491e6aa69bab24668,
bed1817d6c0e4fccb73e108d8d28e12f,
cd973e5185cd483db3ee048f521dc361,
f22fdc94f978433aa19855243685eec4,
1a85de4f46534b6aab45cd5098dc6b8e,
caea14ee323147f1a980b5aad6af3e12,
e011795b2f5b417a8637007ab9e5b015,
ba8aeb5793424eedac750f065b439dfe,
8fc515f3c57d46abb656b64451e9885f,
3afbe93ed92f46df97320ba453d8b86a,
65c582bcedc14e4d849d9d80297fa1e6,
25728ac3d32748f39a03b92570100936,
f3f3b28c0abf4e9faa03098c1f0416db,649000000.0000
9229c06dfbc04a309ce120b1c11ef967,75748000.0000
8f1dabbb87ae42f7b24707eb8f2ae1e2,2820000000.0000
c56a92e7357640948ec609e6b553787c,779368000.0000
357b8cda23544421878118c9aba3e835,1254000000.0000
368d3f3e42434b11ad68bbdc0e868d48,670000000.0000
ea3c2ed7fd00439db8b425dfa64a4527,
513b9ca98f434a9590dd3910663d4915,58229000.0000
c1fe11f89fdc487cb8a1cc32fc0ee93f,
386208c19fa34b7c824226d073c93cf9,575000000.0000
5dc8adef16c840aa982831bc86de8786,
9699d520086c4ccd99aa25ca51cd00f9,
bebc8f15951d40b9ac7e1f69ff110c85,450000000.0000
d016f0ad0a35455b9387542e9fd58e6b,821156000.0000
16b9486367eb46c09ce24a1836206046,
d7f4012355354cee81ffc67727a9c78a,
978f02bbea304497b4760016bb2b4f20,
9adfca4ddefe4e31b09f5ce08190ec7f,64916000.0000
7d5d1d7836d54b998cdb1ee839358fee,3489578000.0000
73b93a05536f42aea1d687690cb9f64c,
d5c4e18b68064680bbbdce524fb2483b,
9ce4007f76cd49cc9d7a1d689fb4d25d,
da8a00a92a45403197ac8b02eef9a024,
c405dde872f14dd189b4a4f802eeb833,
d23a5432aea04803940ccc2b7ac48811,
d3f2433997364d96ab3e32efd1d8560e,
d712694ea1f343f1b8dacd7dd24b22e9,
086094a2d84e48e2be639ab1c2a18a5c,826000000.0000
fc12546384e74138a1dee47b2c011be6,849000000.0000
d81afdf5fc6f4d44a1ecaaac6f445f5f,
0667f9155637453b9b04b9392c16fc65,
1d9d393a5d45467a93b562d97f194657,
d42072ba05014f8a9e6461433660688c,862000000.0000
8051cce87eaa4c8487c9d7dd48532e4a,
28719ea694084b9d86ec8ba5550e680b,1880000000.0000
f216f585e16e45d5a8ee6cf360d75f55,
0333987c1319406bb0f870c30f87d408,1065000000.0000
72a43055e9f246268b33ac32338ac193,
521285d3aa334568be4743b4aa5a4c6f,
d141606b834b4996a73e4000d758d75d,1132312000.0000
e399137cfd0b47568bd7b3bee41b9645,5874000000.0000
ee4d9844345143c38ce5aec0c2af4914,
b4e29d74d50a4b509be69065955e3b92,
9dd859bcb562449d8bb10e9904f6d572,
76ce4e8af4004441bd9115e33d9aba51,
993071b7af144493ad76962f5ffe3c2c,
7ded3471bd834db8b21609ae0f0d55ac,
63000f049de243138745a502aa4342ad,
e7ca2166e35d4c928a2ccb53cf86d7eb,
890b458b7a28471ca3f9146e048f1aac,
30cf4bdbf00b44a2aa62db0907a45a9d,
09faf4e958734d508dc959f799ab1744,
26ee3b701a344378b7c69d6aea67c62f,
4d9f79b975914559accd63d413e18985,
2b3d194e2eb84495a975e3faa4a9405c,
7cec4fb6c4904645bf6214c13d1b7159,
4317c03d3798430d92807cf69a3a8be6,
98138141ffcd4fe4ac09a1d59f7308c5,
39bf1415a02445d18fc9af39607c5e5c,
6a12ce9d400a4f01aeff4e4d7436c927,409100000.0000
68fbd2b3b9664e3a9739aa941e7386f1,
99ac2573b4ae422c874e8fda3a20710c,173500000.0000
2b5bf1bfab1a4786b43d4073e956ad9c,
07dd53cde91f4ea49765c55cd8c835d3,
0003550d08fb4f8e8918a6d2c9d6facc,
c3dcb75e43cf4010acfffc30aaac5ddd,482576000.0000
a20b274ec56b4b1191168cefd946ffa8,12300000.0000
5b961f348242465aa0779340f15a0ce6,
5a46f65f742641038bcb842dee866bbb,
f4d3a04c7d624ff29ea38a96d29f48d5,
8401c4d01ef04959a7571f0e43a60889,
fa9bd5887ab5416782570487b28ec3ab,
80c933db84524b45937021e6fa0a8345,
0dc2a8ed7706494fb58bce7d24ef1cee,
6e5884cf193f4b82856101ecb7a56ece,
1cbde91bcbaa482ca850807b25b67a0d,
09f53ab420a949c8a5a0b3a927501b28,
efd5151750fc47f490f833691c730628,
fe1696e0f81042deada939931b30035f,
ba3dc45151974e6d810833d68cee86b4,9039000000.0000
b26893daa154409f94d11deec9f30097,
516fb6c416794bbca2245060c89e4305,
f24604fcc5854b8eaa31df6ee3e61eb4,
9d15b4739a27487b968703c47e3f6a07,
6c5ee63aeaef47088606e74c11762cfc,2323813000.0000
9c524e2154484a429b02e1f22a87fb37,
8fa67a4486c844718b82ad84074862e2,
5c47b29563c641e986df2cfc4387c666,
20c2dfd55ea84db19f37a197e91f47d2,
e544bc6fdcaa46898e18159f25b6ddb3,
a230be36cf7845da8d4976774b5c0941,
d17dcd572c4841bb818a1efa5db38313,
6787c39636404eb98c16333506de1bc0,10617000000.0000
993f86663c384ca1b6457daf8a5f500f,
d2f159a61b4e425d96a6458c2983cd7a,
501b4c52bb43498e8f9534d537c13578,
f50ac782c32f445c9281976cf2121d53,
b0d93492605a40c1a762c6c5c95112c2,
59711df541f840fa828a475a2c6fcb11,
d90b254952914535bfb2b0395b37681b,
90c07a93a8b94fb380f1508dc2aa83eb,587000000.0000
e205fe326a714b7085de58fc67ed5bed,
cd7e96a15e5844098f5e2601d366fc26,
9cc270e0bc4f46ac921096d7fab12ff0,
9e67b49d44a245bfb140b31b545118ae,
f5430a02ad8545559661a6821dc21d37,
bacad8b3b31c45838b2d0973b5c8b2ef,
7e92b96d50f04e74aaa9738701834cb8,
cf0016206d05477d87e7de373a52a3ba,
61c0e538453b4ba79cf2460952ac8cab,
d7d0f3a1c27e4dd0b844e87934e8ca7b,
319f7fa5f2d1462b8808025f85b58c79,
87dea5a9df9044c0a322a3ab8fe70328,
54eb8f521ea249f68367bf5a798011d8,276800000.0000
f159b662c98744f2aba38c9a648c00c8,
c0da8f24e78d4bf3885db34b8df0a348,
0e9d5e2f0d6a46fe97768baa9d46d604,
2de47cb145224f2e944dff1f64e59dbb,
964a6f8ebfcd413e94530f9bba30b1fc,
5924fa747e7f409ebb96601cd13c005c,
0efa54c99ea7481597db988be25bb640,
a6f8c290f46c415c92382098595a874a,
08398cad836540e48ccd9463c53b6a9d,
24f9a496f5604c92a1eb59761b5e46d4,
2ce78776f5e0461b8eb53d8772ace0d3,
52930c9aecf045feba2abc9516fb42e4,
1e9e8b486af34dfba7a381c455717a54,
996e011954a642149a4fcb83cdd7aea7,281500000.0000
74ac0347962f408ea45417c1960cf401,0.0000
d215f979e7e54758b863783e93190182,
f5bcab8bb4094806a947165802f2a0ea,
6aba35e2f65c4148bd370d28e2fb9248,
dff7ab751d5d47e884237e8b936ded66,
d31a70cbbd00499fad617ef84ce997f5,
cca99878519c4d96aeb4269e05759173,175809000.0000
aeebf459000443ac9b717d1a9a690b45,
22c73dfe6d634aef81b41a80ecd69121,
24af9867758d4334a8cdf074838a3ff6,
69871745f6fd4c5ebe54ef5705260ba6,
53dc260c63fb49758d7fbb71adbca89c,
aac6798b37954d14a61dafc6dfd02071,
4c0f8aa511bf42b6891d13b30fe7eee2,
225059be6b7a43bd91a6cfcde7b8276f,96000000.0000
9b3defd38fd247238ed94500fc536b63,
c11191a2908c4289a77710b86fcc0d86,
008f409d848d4f039a9d4d6ff2791935,
359afe0b7dc94684b868e053368dc0f9,197000000.0000
eeb61a6167184afa82fe569d43df6cf1,88000000.0000
9b772204c21d4c36ad55e327a52ad474,
457c44419a7d4eb9b755f3c6a6d411cf,
a52308126c5e47f8be035b28c253d951,
c4ddd8785de546518461205c0f713b05,
bbf470d52a9f4a3c802c879029abb569,
8fcd13ae0f89426f98c0ab5f45f04fb2,
821a93a37d8c475387e2f12aeb81be40,
6e9118ed3bd3446e814fb20d82711059,612000000.0000
5bf3e02a4def4636be6adbc24b241b36,
309a3e4e925541adbcae01f04b4665bd,
bf0240c9a56a44ee86d9b2b37c839752,
bfc5c022bbce483f9584736a8dfb5cbc,1669000000.0000
e29ada94cde14878ae1c741e620e22ed,
1fc857c20ea24d1487d8f8de7337b804,
331c13514df3490394e063ce03a09032,
c19bf2449b6d4af2909dfd6329699175,
88b6c6719dfe46a182ea9556cec4f4cd,
2b9e3934c1894d7e9d0ccd1195e966fd,
73e1888d90ac46c1a4d68f903b8b218c,
2c41bc44b3884e98b0e30acf5f4701e7,
e26dae889e9d435b823b13fd7489c0c1,
1ca89a7c7d09423b8fdc861733989c74,
d7441a3153fa4e9eb369c3c2fa44b399,
29479c9a55f3454eb6817f7958ecf910,
dd0e2e0fafd0465783e67ce14bfc56ad,
b99f74de4f854e7c92f1063c3dbb08cb,
9fcf2cf6b1aa4f2a8055e3c499dc4508,
c27fccc1d9714c74a572fc8360596823,3537000000.0000
45bfd33092b746df8000cf45b7d9bfc7,99000000.0000
0446bea60ee14c4cb49709198ac47c44,
b5a16784ed08401888a4db24836a39cc,
e61b9cfb4f42442d8ccc29cc7e26fe0b,
63b7f4806e7745488ea0184fedf976a9,
03d0cc724d6f4ea0a408955f11164c7c,
7fcd1749a84b4522b1c4d480cbbb030c,
3f60fe88546e4c1ab6f5b4ca62d10c6d,
970a9810509241949bef193f6863b7fa,
8e549b976e0548cb9b7c99d002b2ae97,
546394e7416a444fa29900afbfe41898,100000000.0000
bf320e36db1d4b4e8787d28257c5e0fe,
a4072efb8d2542f39cb1fe80e1a861b3,
0b333f42bedc450d8091801251f12483,
b6d17be274ad41b3b66676fc57716704,
25341a4640924d5b8cdfc414b2df7142,
80b7f657c44145ae9a549286fff3bea2,
a6b7d07907e54c75aeab30afb29aefe9,89000000.0000
31d089a1c1764789b6bfe6413970536f,
57ff1c61152b42d3b4959a9ea943e9a4,
2609bf23fc8d4c71b72023800c60fa05,
7ed490cdebed4f1f82bc53a7a096ea7d,84000000.0000
0218d231b06d4ee093d15de98ad8d54b,
bc3ea22c1e37421288ccf9a546b52962,
cddfcdeda3614965b404e2a933c4c930,
e66d8a61d71e44629a4ff1c0f2ca43c5,
522aefd09d12429e80d87664b54c1c7b,
d74d219ece9e47319114473639b1bd56,
6eb7b0523c9a4e9ca0d9bf7865672219,
a964e0af4eaf4c0a8ff9b2928e8ce4fc,
7200ff8d692e4af09c98ed29721e7a56,189000000.0000
73d591d1e32544de9a0cece0bddf4b4f,
7c3368c511e242d78cdcf05cfee75955,
6145a8dc35a04b8caf1a3d96bc6dcfcd,182000000.0000
d4eca338be6e40558a7bd014b0c5d9a6,
aa941063098240a3a5fd8c56fc6718ac,
8470fd1b8cb64537ad9032fc73f989b6,
b5752221627a4f8d8ddafcfca3d14ea0,
d5951d641cc346af8adbae75c134f639,
32e31fdfdf1f40c3a8402530f92587b6,
606def2a4adc4eb09385beeceb6b2182,
1b4e69f2918e4d7eacdc07e8e3f538b1,
df015fbad7b940be9130771a1858677f,
0b3d3fb3939b41d5ac54d67656753d08,
d7fcdab5b8be433290c7f77c9420fd51,
761e95fa61404296b79f9547ca0e7c24,
ccc7501937914931bb45e7a8f16201f3,
e3a3cd75306b4266a242c24cad452360,210000000.0000
e4733a4dff14463cb606d985da430dee,
995de671e90d4364a6cbe1dbdd0a8aa7,
86a7f4c7925a42f69737a0e625a6233b,
35fdac0fa8544783a02a46e9e45243bb,329700000.0000
95f565e560074b5bb39bf2c83bcf6bae,
044c0da8dcab491e9252b8b2797edaf4,
416f683627b04e2f8c18dc325d8d73af,
a1a0cdcd5c604f709e76cfcc051f1f58,
2344f76bbc694fc78689e7fb961b5d9d,
76269be69eb34e3d813702491bed532a,
7affa999138c437ead7c586f2fc335c1,
f1896d76360b4d8b8b7d26dabae82f77,
4dad12efc8714a4e9f6938af865e0b14,234000000.0000
7f1b93704776449eba8145a56fe9a4d4,
bc8e05bf6360484d98d93e03780fee49,
bd99073c79c34b2498dcd5ade4b3ea80,
7bae6a92bce34378b48ca33d4e172c22,312900000.0000
9cc0a0ee398d4c89b675b3ec4d72e681,
5ca67da6686547c6a682c69e1fe56c3e,248000000.0000
71122d3ce9b64302a3fa96fca9e118ea,
fe8e832b3eb84cba9b0b6557b2978ebe,264000000.0000
3d9575b50fca4549879d574541fc5516,282000000.0000
daf5840cc60444aca256faef972e9f4f,298000000.0000
349bdda9c2f848d0a962dd0c8b87f2d5,573200000.0000
c33c57a142494ef8b7ecc3283a433948,
17b5656448f14e44be0592ea6c526c8d,
e218bb9dfad4481db2debd0ce766702d,
b5f42665d9644a1dbd7822ad54253da9,
35ff42b6e3a2456bbdaa4d8dd0c889ad,
f53503ae834946ef8b451155756a8ab1,
5240fd6667e444d8a82f28499e647a0c,
10a177c563bd46079c7dc13541fabb03,
2c4c0f5ea56e432eb8d925abc6109b0e,314000000.0000
63fb880a7bc74f56b7b5287eb56c1e22,333000000.0000
f75aeee99a524007a5cff48662a979c7,342000000.0000
5e8bc8e911614521b15048edd11befec,
4d18bb83a68d42c9893a7abced901cc2,
2e82b03c45a34dd69e947901187502e7,
4f8227dfe180471ba8127bf9ea886a95,
aab20e16c1ca497fb32a7a5d4b249f38,364000000.0000
a2990f958be143bb847dd8f78512c60f,60118000.0000
8b64f7109350470d8c3d2fa958cc4eca,
7042a67c1ea7415488f494a6b37e4243,
8ab4c99ef11a433ea35e69449ed7b55a,
074ac6d78af04b1e9d56c6987bb9a839,
bd3b50f7482d4868b8c2635efd3c910f,
44ec1e1a8ac64840a5e5ba9137317087,
111f15d1511d463bbbd4953aeff06b8f,
5d13701bdab842ffa88245d692f97f66,
cf193e2c5774419da2c6ddb9f739793b,
eb92393698ef4ddaa80a1d2dadad4c67,
e4aa1b0ad12d4f98a4526c469bbd5efa,412000000.0000
3a646b46759b4989b71237aca8a4c810,
57f06f5ce7304968b0e5b10d1028e1ef,469000000.0000
72bebaf5dd4f43fbbe2cfae77a2cdf6b,
f2d9981e511b418f8b11f37ebc387d92,
5ee110bb3fea49df9f63095550347ab9,537000000.0000
c22a9ecdd5514d91a758b625dfcf6fcf,
d8eda52682f444eda7d7edeb9e15b11e,
a1477a65473147baa1422f1d063ef004,19500000.0000
bc718c89eebd4b16a81aaf139cf6bf3f,
6ae74ee31fed4cb093afe95a8a05f89b,1811000000.0000
375c5dfe35c74382883013e977da70c7,
e7e09725200043c8810f3bb74e882a64,
ae016ebefe5b46bcafbe981696440149,
20557fa87af447f5bfc4f801a2d1852c,
01f5bc2a154443809783459afaf1aa1b,
6ea9e15d7cf84432a48857007f5795ba,
0756558719424127bd3f146def3144c3,
053744b05e874fef916e4a33cf95c2fc,
53ce99cb61a346a3bed521bb13c7bb2e,
99d6aca736b74276863c83a8f030a4fb,
6542c0f2d723481faaa68dba031b6a9d,
f06e9dc2ff454339a9d6250ae4127e81,
ebf0fa22b034415dad7073a136b65366,
7b93da5c2d2940d59a7fbf5251d5c457,
b5e0b98abd3e4084adfda4cf2703b729,3873000000.0000
7486e5d70cfe466da5b43f298084b33e,4667000000.0000
b3f593ee8b444077a04b42fba74b3cc6,
c93e281daccb443c9d7c0d33b60e225f,
7c2ff850236740f0885de74d02f44003,
d8b394ac2ff0422cbaab81523fddf0b7,830924000.0000
0d728d94f88540f28f3ed39ba537c0c2,
368138ce99bb43dbbb4fca5b5c7c98fc,
80822523adab4f878430e8758b716246,
3e85be9f28fa42759abe401997860282,2847000000.0000
e8d1364ec9eb419cacc63086f707a6ea,
192ad95566d4431eada1a7d7405b68f8,
b4d46c329a6740f19c972a5d18bf0363,6100000000.0000
92808ce8b736463086cd7a512e2c593f,
8fb377e7139f416f9bda330a9cdd37b9,
9c332fcc4cb146d3917b3b63a6cba405,
989a49f8761e4ef49711b070d2d5911c,
e160305949d743b59d74212a7f60b069,
fdea71081a3b43f086ac95e7307e37fc,
6078a30b88734cceab3914c8c63ac243,
6ec1646a4af9488482ed34239ee3c0ec,
0c60e14fe30547ec9ea1d16b7a09db4c,
758e84d754db4baebba632c0edb3d60f,
a0350b6be9cb477eb95008882c14616b,4189000000.0000
2019ab9cbba945329370ef7759f1e4ea,3227000000.0000
8e4bf6a6ee4f4de0a5f2f81b03a21699,
40e5c0c160e6437f9ab575761478565f,
9ddd2324d6e346c4a14e23f2dc0c782f,
6fb3e10a965e4bec9215ba24ce1bac39,
597ca9ddfea64fc7a976aa1004668e25,
555438787d894744a6f624cb1c559fc6,
5bb13bd09151466daecc3cb690c96737,
d5c3994ac2ff4a9b95d262d71eb6ab41,
68190f1c76034ea4a190ba647df92f20,
0252bad18652401dbe2a5e9ca08593d0,
a1dd6777af6d4c48a3c2fdc09e506787,
96fb21d0f48c4e5fbde512e311bd7677,
0ee187c92b044bff9128ba4c6d826d1b,
dd657c2725694259b3b1193ab0106192,
c8b7a30eb8114f9f8deb921be279a2a6,9978291000.0000
825c64fff019416293e189d7ac0606e3,2834096000.0000
0825445fe1bc4ed8b93a69b8ed1a8511,
02377736e971469dbf155c1c5d28fe89,
aa2861ebd4f84d4b8fdddc914d11118d,
ce5f5a72d0e4424ab421bc1e375d6f86,
ddb0ddf2cb0c4f73951c259897344a3e,
957ace10e2904b24a9278bb5877b697d,
6a014dc42e344c458af4261b3f668f29,
ff64e516d8444e0dac3cc4e0e9895bc3,
ae34165dfaac4e35802f485980cbb5be,
3c6a829a7bdd4d0f99627b4239369e4c,
9d12cc23950b408a90cdf86148e2ac26,
cdf47ae5ebbb425da756bac1b3149cd1,
234a9c54c4d4419b91ec278db98517cb,
3f72a53ea2d440deba7f39f433363d74,
1b55ac937f82491194faf1df06b00b42,
6a66253ad8294e67a18c2ca808ff31f4,
39044716080d49a993a5067b6d016108,
99b9d258d7fd4c3e895dc5c3af9a1608,
f6b93e046bda46b9a9fd225c302c1853,
81aaa31d126f4fe3b0c0135241b78f01,
405174c283cd4919b297ae375e8fda08,
2ccd19cf130c4ca89e7831d4909dbcd9,
840042739c4d483494085b9891c8f016,
e8d41b2825d5409daed920eed0daa2d8,
7a0b2b8c8cab43d2b082e1199443b23d,
26c29c5135cd4e37a444de87e6290327,
9224ea2036f143f28acbb208f8d61316,
c5823ebf370f4e72b41ca1558bb52636,
ac0382eeefaf488abab9087e35008f1e,1045000000.0000
320923170d6d404e8fe5b57862548e95,
7d1805fc72e0496f933531f31fb30357,
c5d72b3b499345399162eb5374d62edc,
3b1fb7b58866479f8b0028594903f9d8,
a5bc5323c6944aefbd4941794f4efa95,42758000.0000
f21b83ca1c3c49b1a9661ba5271e5da2,
ae0eb54c22bc42569e53300f35d0cb34,
6b748a944af84aad8de6ef3c9d97a365,59435000.0000
540364f569af4bdc8e0e8f9ed86fc669,
aff45441dd7f4993a7c08d6c675a6e3e,
06f052705fd04ec190e4a5d039938ff8,342900000.0000
aa841dd015a646ca87e4a2bfddc81f54,
c40f6ff77cf642bbb9e3e373c9beaa3b,
c1bc204701354b4f988ec3b011bfd12f,
f0bbe9653d0148c49558c4a40c7f61e1,
1a46616a2688429b9b6beeb5402c7f4b,
33a4f2cfb7cc45c3bdaf2c31361e01f6,
970d18e601634320b605debe83806bfe,373000000.0000
5f6c41e0daff4f30bc01e418c82cc311,
37dbf1636ab0445cb71a563bc12eb831,
6bb1c7d9d26946a7b60c7f4c849c5486,60118000.0000
215afa003401470a9510020e27f968e8,
0882f47eb48b42c2bc87d0b71a0d0cb9,425900000.0000
03afbf56d49242c5b0c22bc38fa2b07f,1191961000.0000
6f48329c213e4be5a155fd9d5013d716,
2f6cf9605eda495b948a48eef61cbeb1,
0243930973014559b07b529a68985400,
cbf71098ef674d34b8490bfd30d846c2,
f290c90bf3a246a4abd0325b1d649816,
22fb5cbddad34bc5b5df581121bb0338,
1ec514ab6bab4c2b8136c82b8a624416,
2d599d49c8c9414f972be8f88266fad2,
aecc22e134ab40d6a0c3c378912bbb17,
c2bdddb902224524a693644619087191,
bc0aed92d44749b6a5f5b813c0c39a06,
e7b92933792f4711bb21d720e62df59f,
4d9d8820e6414c8fbade7651395a0be3,
12449d43763a48d891899eda6a8a7640,
571a1b376ee144778c35bd6e6538f91d,
6bb9cf144e044c5ba19cffdcdfb05f26,
ef0b9a4854f949668b274f8eb8c0b922,
906392b3d343447790045c0c33a10de8,
ed3215cf15a640bc9abdd2b09d8ea22e,
cacd1739a0f64e62b4273e62fb5d4669,
295ac25d7b2348d78c4f20bbd2daba4b,
7f6649511d564e8eb1be952e71e70c09,
7137721434824df5b4ef201d28e8e492,
260a92e31d1f43cfb19ae9bf30bf2844,
2e7eb05a2e4b442890e911533ee1a6df,
a234a05d8b744dbeb5ecc87777a74cfd,
69244e078aef430c9a26ba3823048c3c,
3df1665bb12e4732877436e433f5f104,150000000.0000
61417d1094774caea9e5272e596eb997,
a56f11b05286468c99b215f17a09d856,
f4c349b58ab34f77ac06b537e7623d10,
d8d7ce2fb8aa4a60a694d98f4ed275b0,
1fd2e302a0b84cc49fe3e37c5b559bbd,
155df07ee7c04458858ba60af42926f6,
e61454745d03401b941939ab07401bf9,71105000.0000
ed0538847afa45f69e6ae7f71d1ae990,
b28b4f9ac23946efb8c2363eb8542dce,
44c72caf372948a49e639077a1eeb7af,
5bf2e6dca3534210a9b68a4253dbdb1e,40419000.0000
1795a4e369364f52b8debcc1187fe222,134000000.0000
e6e27c625e0949c0a7cf3be3cd251168,
81ddcffc716840a295b622c3853f0e81,
0ffc241aac24481c9471cf9ccb6f09d8,
a9c0fa1252074abcbac3a9cd49e8f87a,
fd408f47ba4848e39270d654e88034af,
f19caccf068548278304b442d54aa3dd,
8eb73f4cd56c46409d96d5125d033a01,5660000000.0000
70569774e030464199daef580c3024f9,
500e8c16cb34498799069a96a46d36af,
2477fb9cbac84a8d800b650c8cc6319a,
72901134204941e0a36eb395fd06d16c,
8214e080e2b34925ab713e17b1c56802,
ecb8a9614bf84fe0bb7ebc0b9083cd0b,
2aef7d53e5944cd686c51947c0bf4ff9,
e92cdc4e776a4acca693fc1b4ec63249,
94820166253640568451aa60929df033,
d1e37ccddfd74544b6ca41502b3e38f2,
645812a4ebd54ac486d7d5f6da42eda4,
afa19cc10545475eb0b4443d96ec3e01,
1169eddb0e524b6796f8174f8eed79d8,
e28c78e59e35489f9dccda910ff27807,
d81f7a04c90942c080c7f1ecfbc50f99,6248000000.0000
de36e56ee3dd4a59a10db0493c004bef,
cf10b1a49e58480c9fdc9e4d5b4402f5,
1de783d1e7fe4021b855218aeba128fc,
b87fa2db5ddf43389b22fd4bce26c81f,
8050c467c3674efc9b47781a2e7b6ae9,9194000.0000
e81c29efb86347f29ea1ab03dc43009b,
75b2067946744501b16fed2ca7234914,
a220b1323adf4771b470c7f01f75a3e1,
743ea719a2704d5c9f94a59d4ab6e901,
be1ecfeb8884495cb55c0c7639355a06,
1c479f30a9844af9a616b79695049be4,
4ba56f51544148caa6a3983f21c3353b,
06263ef540de4fd38d967c39dd301c8b,
7e3665fe469f4648bfbebb82c75af732,
71c3930a062d4434997d989e74a240bd,
03afbf4f350340d5b696c29ddfce6fdd,
b3deadd2299d4b738864d37099413e60,
a5ab7a2dc850455388f5d4387f61cf96,
b96335eba2fb4a2187b63412bf5c11a1,
e772c33bb1c74555848fcd02db7066b6,7401000000.0000
c39b149ee3a649a8890db18ff85e6c84,7778000000.0000
5b8490be2bdc47e9b3d0b46d8054d7a6,7680000000.0000
87610f15b49e4ed6909bb032ea007ce7,
be2e94e8e44b41e1aea513a2c094c13b,
6c48155699ed44b38627bbb2d1af3e21,9874000000.0000
cf16434487284dabb423a68d31231ea6,
e77f8127c52242a199abba297f6ff98f,
5b7209e4d53049c5bf5c8ca8bf4100ac,
41d89578dd414c979b783232b6ba4f6c,
940938b859f347609f0a991eae8ddddc,
7ce9c513ab3a471c921bdd46bfe1c900,
cb512e2c39e1466fb22e506dc00287d5,11257000000.0000
d9bb88304ae74d7582e018aee75e07a0,
7d17b396206c4493830b3370fd52682c,
3b2253cbe0cb4a918e6a740dcdadf181,
6cd8b3d3852747cc8b14856eda23c0fb,236000000.0000
d3f5e38bf70245a981f43940af9f39fb,
f8c461847e554770a3ca835f99a4da2a,14374000000.0000
39c81fc188d0487fbfb7614ada518962,
85006bf821694828916548174687605f,
87b306179ffb4c30acefa8140f1108d5,
8df6596660a24e0f9a37ae29cf5e0137,5343000000.0000
6f555d005f4f4296b9521290b0019a05,
5506671132a6490da662091260a0ed88,
b8754a4cabbf496b8f4dfe419183defe,
1b0865ae96bc412f8163be377f0ce69c,6937000000.0000
7f31df1bd8604434a994d9119651c6e8,74299000.0000
709e2ca6b8cd444c8bef97fb142618ff,
c4235b4d7eb94f1283704222aa19f4ff,
89322e2482ba4e9bb6b9b37968c47a30,
5886aeb0ac664a1fb31d3f4ffc89ca59,
5038fd6970da40a49614c994c86d657b,
73771bda46784bab8828887f5aebb529,261000000.0000
ea13174f25cf41e4808eeeb862624276,0.0000
fc1a27f23be9438caedd27711f6e78cb,
c8e0eff9c8634fad83092f059dcbbdc0,59200000.0000
d1f81ac2bea549ea9cc58c5b0deb4c06,64100000.0000
902ac3aed7d549b483e5cf79279f36f8,
fd094e97c38f44cd868091cbd3b1b0f6,226000000.0000
64cb816a88cf4078b851fda5d1022f62,
9c42bacd75464719b2c9a4893f257da0,
831c47765eac4ce79b414a696cb9b78f,
1e79c94b1ff7499084d84e3f123cfdc4,
1c33089514ea4c878491fe283ed7bdca,
19570001e05547bf8870a555a98ba3c4,
5fb97440124749cf9939b573d2828e4b,
3ea219a80bf244a7b295e729fa4d385e,
a678dc030ba24decb8fbe02bb6e44079,6667200000.0000
0c2b193cff3d4503a9df30dcbdc91684,6840800000.0000
138e44149a2e43e28300768cb28bdc68,218000000.0000
296d45453c9d4253b44668668a5f7625,
6cd7d94f1d604407b239ee2328682619,
af2e79aa125a4285b0f6a685810450ca,
4bb9caeef2ee4d438ce380524282d729,
03a273d848144820b2f241d92fadbd5d,258000000.0000
3ef70074d1be4441bddca12a696b4e4a,
620db00a09e64e6da025dbf1dbd1333e,
3e51d074ad334aefa43331fa9325b3d1,6701200000.0000
eae06a303b7a49408d9830cea91a647c,
916a08f811b24308a751dd824206febe,
c3138574c7de475198d63505ecb746d8,
33dad76b4acc4e67be1f8d3d93d6902a,
d5fe606fb8d04a36b88ad28ec0d70548,
2cbba42074f341088dc2721abc3a1437,263000000.0000
d9ffd52fb01340bfa2850e8aa252f118,284000000.0000
fb2cf55773ea4a66a9c9a79a0d3fe33f,
8be66f8f82094b8a8e5eff9924a8ef54,6613900000.0000
fe01aa360a8546f696451c530f055e7a,
aef261c48dc24355873d690d460b8e45,
962926e938b74a05ad4857034e5f9bb4,
3ece576a3eb84e6abcbc424d0123b64c,
8f9f6beded6c47aa86ee151f9dbcb284,
fe1a19da2b3e4b77ac29344a968622f7,
96a5642b6e7142d2ac9487e4e3814012,250000000.0000
be65cd401d404f808f14fd7770a98307,
3fd826bd015c495996055781a8365548,
992e1432ff234397a806392b874f4eee,
7a978128f0494c7bb12a45ab6ace7488,
a51965e476054c88ba7cc13d46feffcb,
d9012314f7cc4643965610320e02ef67,96219000.0000
68e21ef0f08f4c73a35c41cdd92f4c05,
6abc1781db764e9aa2357771fc1bfc62,
79b404960e394637b207e485bef6bf12,
52de3a38487246b7a1d5669395e09d38,
f32ad013bc6f41c197d50046832ebe62,
37a20877dced4a858d73950a92049ddc,
7ee6a6039f864a9aaac7b0407365dbfa,
5b3bfc866fcd4e8c8489c15f444ade66,
635cea32d7e54240ab731efad6a7649a,
52a3e7ede232484ba52573a8cb7081b0,
75a7c13d31004838bf5368d43ba15ff7,
368ee3793b4446838b2c9c4110048d6f,
38c0bf1c01544f74862ad2a1000bc7e6,
595bed2843da406db5c79be73cb70723,
7d3ceeb0c27a4bb7baded416d5a60bc6,
70bddf0cb3624b01b91b36b93834320b,
52bf047716484ca0978769b4529cc260,
fc8325e0966f4467af5da3cba07e59d0,
e82065297c3c4bd4889b0aeb8092586f,
47e51e48cbe74c1fa34d144dac5af403,
879ac09af8eb44c0bfcd61b60cd13516,
2b4aaf8c8eef417fbb5031d86e48371e,
fe862bfc608c4d479604c0e4c2d3d1d7,
940ddc1f56ae461ebb454c39a7835e63,
7e52838088d94b238082d3b5283c7023,
3f080c4ca4e64114960c28603eb0e76e,
05567136cb474844a6b6435aa66c37e6,
3c94cdbaf22f4e94a3e45cf8f1a6c529,
c198be4d3dd6425fa87a6262fa7c0d04,27083098000.0000
7faf177178d245df9038021d623f8c70,
11ca77c7c32245f2959ac0bf17d0e3d3,
42c3b818cf7443f79710e89990ec4cdc,
4b0b9f16a5c84f66b6c7d54af9d3b51b,
d166685b613f48fe8621a4b9ba9b23c7,
caae16d1032d42a588028603aec7c832,133800000.0000
10ab21ff0c7c4435a098f6f7ca300b89,
f6abf82412fd4142ae750dea5d83f043,
dcfa60c9a64d4ee988b0d3dfa3c584e4,
281d2fa8e09f41369893a438f60451d4,
9012700a16ec48a2bbe2693e51cd4fcb,
543d0ebd9bfb432b85a46882218408a7,131900000.0000
5ea226e839d741e78ee904ed09cd5950,
1f113de1e06c49e38c2eb265c6d93147,
e5125d41f1014ac084c1f5aec61f62b3,
86f51ce75fb6401ab40032b5ed7ade93,
c30e1d642b504b6f8009b3ac39360628,
3156d781c9ad47859172bed599c3d892,97500000.0000
04eb83a4057b413f8190be81c5419921,
d0619c1833a0434ead0b4d163a79e857,
4535b7f41af64f3ba0cdc81ac0b2b03b,40474565000.0000
06869e8307e5462098040bcd20965b79,
43e77e627d4348619e56e5ace5ac9639,
850c047815ec4e99a80a096b82936111,
83521a0edb8548898a7ae7116e06a95a,
d94f84b270a94cf1857d674350cb4cd2,1387000000.0000
5814cb69f63f4be195646835dc4ee784,
e2f2829bdafa4aa5b0babac7105d6ecd,
7c0f5732ce244cf6ada99a987a1c27a9,
99deef201d1e48c6b380c1cc7a62bbd3,
f84597b9c13f40788476bf23da5bfc09,
3909cc52a5924e8a9a9a26856b326d9c,189000000.0000
e27a8f8981c64837aa3f2fea47019197,158000000.0000
ddd914cb6af140b487e1eef3267b9d41,151000000.0000
b90cc203d5224c4791946c0b46738663,
e935d4f8ac5f4583ac934aab723e021f,
52bc4fdb7c17457c84660e00b905b71c,55737000.0000
374399a30c6e4f05aae5d9010a22ff30,
5604fed855a04c0f843a0b130823de80,
52b197a6c8924640a3db34d16b5b6ca2,36410858000.0000
4bab87cbe64d475ab21d0863d1f40e5d,197000000.0000
3b2a949cd25541d3ba29fcc5f7dd2dda,
518525d1a64a4ad3a4b1361e59375df4,0.0000
962061234f96422a88ed286db7743b61,
7c1999c83b70468eb8dd3a3da9367f08,
b4c31ca55f0f4af591643928480ba222,
0355e83bc1994fc3b6fe4fed14fd178e,
bcefdfb640264313940c19ebbcabb9a1,389000000.0000
99df6023b106416e8810e3fc0829eb4c,1633000000.0000
aecf7c5255bc4cb0ae2f99d706ef863e,369000000.0000
9f729f31f2874c70bdc9271e571e9f60,
a08c1dc39838493bbf34118b7f971074,128000000.0000
0c1059c143ee44ed9faae2fe4d8a4840,
e56313318d264b338a0f191a246b600e,362000000.0000
146f6659ef0c4f51b56cb61730b0f33a,370000000.0000
a2b62e441c884007811e4d465e3ea4f5,
444831ada7c4421b83074a58834b289e,
91a09db90f3144d2aa7886d65f61d7e2,
de50fad6f1a54704acf72398547022b0,
b741332a25bb4bd390f2df998d4f4efc,128000000.0000
010492d5a7284d91967262e66840b002,
a8c0d5c94a3a499783b3ef41ac6a9060,
4ffa008360e249c9bb1eb2db74fdcfbe,34904791000.0000
f31fd6205a234d6ea49159154b0cd6bd,66600000.0000
0333595924884f25b6400278722b0fd2,
94620adab361427aabe830bf4d59b989,
bbc20060f4cc4c3781962143c0dd2f59,1288352000.0000
88378af37dff4bd1ad84918848ef5161,1706724000.0000
bb27fecbc7e44bd68399be9c6ce8eab2,
2d73bbfc4f8846d49aa38cca1fc27037,
2c381c906063448b8d4e219467a53d87,
00791d7d3c47407f8816f3b727626a91,
440e5670e3aa4f6d8fac81c0fe7dec78,
5a222d24d08d40de9a2b551fcbd008ed,
8a1dbeae886b4aa6a4f1a69d6243ac96,
3e500e0f3d12469e9db719314107206e,
afcb4f4ec73c413b98dfb31bc2bd1d17,
7f909cbf9bab474bb9c9e6f904ff36a2,851854000.0000
0ea859c4c1c2434a893818da296d565f,
6406f7b98a2747d8856462e900a746f1,2409476000.0000
c30df41d6bcf48f89e6a650e61d24878,
c59511a83b154ca8a5b49de4956ca99c,
1b9a3f5a5606498293dd4f5dabad070a,
5a320260f649490a93d015e663bd36fb,
fbab0becc2b842019ab28ec6e7cd1199,854924000.0000
33bf646504dc46338d376cf90cbf4746,
1098fa9021754a3eb774ccbb43561cc4,
ed7554c2ef4b422f83274c557013b155,0.0000
fdbd239e4c4144f1b8c1e09db1aef682,2242466000.0000
6b7e34155c054f94a0a1b0ef7ec4be74,
21ff02c3ab4f4dbcb03240b2eb5de366,69000000.0000
a015d62068004c2d8759acd3fb8a307e,68500000.0000
f3e6c101045f40b5ae6dcbffceb3b1ac,
8ba8cd56a8de42308534edb3c88bdf36,67100000.0000
9caf7964196d43fd9356079119391f51,41761000.0000
159bba851740468a810f5ae9dc590c71,
5fab1c960d4346f18be1c4327ff76e55,
43ff21e238f34ae081fc3e0a3fa71af2,
311c09ef5d8d4a9fb3a5dc9c0250fe09,
2bc6275a89b54700a697fff33a03d3c6,
de9e81f13f314f25920b109e4fc4c02f,
38d0c9fe278a4daf81cafee5248f0dfd,
d1e5925d1dee40e0bad055314079e8f5,
9cc81aeac93e40e6a605a9354fd64cf0,
b82f89ecd3a84dce92d393ca0b068530,
dcb7294a914b4c49a7fa9d7f68d6ba6d,
4cd887a878e74af48ffbe1285b6ab8f7,64100000.0000
6b13356f7fb449359324d3b2a6b3e078,
82def051211144c38229030125bc4273,
6e218c6a698f4f3cbe1a6e1a1993db32,
bcc50c1736b040cbbebb26ff646b16e3,
341fb0c32e254df9801b34bddb4363a3,203000000.0000
f07c4d223fa64ec994590f96cce97bba,
f85e4b966789409ba53ddd8314d870eb,
acb9b70cacf84850a115d1cedd7802a7,64400000.0000
d24642724fc54257a21bf0cf17c5dfe2,
496eb672c5b1495cbb5509da0091edf3,
a39c1b92e747463990fcd29aa86c4e79,65600000.0000
a4ae2b2d58104eabbf40806a169eb8a9,65800000.0000
e2279097c4fd4571adf09cabf45f4533,
4eacaf37b74f486f87754cbd169d1312,
5d8a0eb014514f68bf5eb61d5c97f561,791560000.0000
df4901955609426e8b65002a764e3443,0.0000
b49aa752a6b940c2b50385c9fbb5cc6a,
aa5b035f8004434198f645f620036055,679089000.0000
d40fbeea77c3429281b8c4f2071f96e3,41155000.0000
573816e636ad4fd6b9328bacd7615c37,
66f532c12da14903abd9277dfb7a66dd,
33933cfd8ce94445b662afacb603d10c,
2258456f52de4dfeb8e0f3083f1a4be7,753000000.0000
46a65db1212d41448e1c92ef5284729d,
b19e1c352141456e9ecbaee9348b19bb,812854000.0000
7aaa3a30660e48238f9382d81941b63d,66000000.0000
55bf3df2e530478e919b8f0b83dd1139,
78e27baf322447eb98c6e682feb15281,64400000.0000
08d2c2ef45d44e33b2dcea37ca9d8fe0,
2960bbd3727a4e269560bc515c061b01,
dfa6a4336ba042bb9b1128c1d0bacc9e,
5c05d5a437a8488c91fe3f8f4c30084d,
b9cb9f0dc51d4bce955d5fe9ab43c684,
ddce6ec9e52c44fda17b26c365e2b839,
8745117aee054a08a7af931fabd310b4,
17e7aec413b04530ba40ac2c80af74b6,
5759d1b4087144e8878cfcd25f5fcdc1,
61f66f53b2b346e898a0cc26bbef5f02,68900000.0000
1d7663b0a53640238011291e25a94ab2,70100000.0000
db4414f8bdd44e009d167fa4b8b42764,
07f9541221ab40d497c9671d7398340d,15610358000.0000
71c12b39952d4f488358849723eb01e8,
0ad6ba30a1b8422fb034b5a6dc34dec0,
e10244169e824811a94821a86116884e,
80bcb350c84d41e69c37d4e54a7e7055,
aefbcbbc54b44caf9946e340b05968b2,67200000.0000
bca198f335e64f0fbd0731533cc920fd,
4853a311a3e742caacb2becc9cc578cd,
8ad5593c11a7403c881fe0ffeb65ddf1,
d98f1fb9182d4ca592139937d4f70f76,
747883dafa2a4b0e9a7e3da04b3afb6c,
673a8f969b2c4fac85a657c0632a16bf,
870a04f88f364686afa444f1d1b3fa7b,64700000.0000
5124b7ecb6b14578b48d1e89d5e31458,1902000000.0000
2aefadc03eb943f8b4ea0787b06e9451,
42da0d73ad0a4c529b063c1a62dc4fab,
3a6a0d68e75a4878ba1d67ba90641c79,
52b2fcdd42ab427e9c439ef6acf358f6,65700000.0000
960deef615b7434a8f801574c126ff3f,
64161814f9134482bf40844c5a812551,782576000.0000
5eb4722c0e4349aabda0277ae660997d,
9d8f8116c54142e2aeddb45aff254c80,
81a3312dcb154921bfe0ae5b57bd343d,800000000.0000
9d69ebe2bafd497eaff0f4df9e84b2ec,
9ffcf92a851d4d988e51ac39a94910b5,331700000.0000
69d3ac275cd74082870f348f03d6d67d,
7925833237034e45a4cf537eceb4b78d,
b5d76da7b95043d48ebaa92d26ba3361,
e5509ae76a804d0fa44c548559366f5a,197700000.0000
324921f68ec04969870d3ba34f2513fe,
d062c87061064cf0a5dfb2dbf4a3a4c1,
96739a379f0b4e52bce4782c8ce34079,
70c33438991e4403ab85f8a13be810c1,60061000.0000
9fd1c0019c894b979d735eaae9bf05f9,
d6cebf3e9ac9453a87adc9d26c2a89ed,
3cd3b35c0a114bf3839fde893afed6d4,
4e96c8ffd45a41d8b82359252276e1ff,
976a44c35a2e4a72bc3a68e5abf6851f,
0bd62edc0b64421e92628ad1c74e0a1d,511600000.0000
b3a5fe0aa1ac4bd3a3ae9c5a0d1bf9ac,
4ae8c44b9b4f434780e4e7a51551cb51,
20e70cc8dcc64e449a496ade75f8833c,
4dfcde974efc4517b4ef00101c0ef449,
e65fc9a848bb4e599d7bc42e0f5dd59b,
5d7310fcbc614438ac479e90fa6654ed,
c0effc0d3ea6448d8236033d410963b4,
7a8449e77ce24b2a956c32b76572a623,
c21ea7e60ffc4b5fbf7a582f7d6f1f47,
fb7e58240e2143b2b6b090ea497f69c2,519000000.0000
f14365203ef54067b0691cc48bb44d82,
436f234100da4d99bb8efd4c026b0da9,
b15838d79ace488f9ffc9ff22af92599,
f6df82b65f3247178a872b41cb5fd795,
804dc8d00c7b4cc1a0a6d5436ff3c519,
66670e155ce44811b46f6dcc4af01c9b,
658e25ddea2f49979474810f0080dbcb,
7f7427faf2d842a08e9c9f2dfd6ef4ad,
8587d5b5ab8a49648efcddcab907a47c,365000000.0000
1181005355a5490bb3b3ab6819a14115,
b55abc23c8a34308914f326212af89be,170000000.0000
16d1d6355939470099d4faf8a4b19ef6,
2fac8be6bd354c1499298360abab7653,
8a8a9cdfc4074ca8a5217bf213f02901,641200000.0000
f9baaa48ded94e23ada418d04c359d6b,681100000.0000
39e2fcf679a44559aa9dcbf67079684b,609400000.0000
3ba9a10f57b74f47a0fe6d108df6cfab,
ca69e55eeea3439b9fed35f0ef2b0b78,
0dd2fd9be2354510990f46aba566b408,
0241b76b003c44f094c777d130927bbd,587200000.0000
c604de70f5274322986393763e5e33da,583700000.0000
9d141041dcaf444aa9d65ed244827336,
0bb409988dab4cddaa5112c0848bd385,
8df1be23cb91479dae1823d326b1d962,
5d6264a072de43018aee4d2472eb5190,
37c902b9a4a5428d862e5cfc6a7aa532,
cb69dedb8171419e8cda8196af02bc25,
2789992e57564dd9931abb11a45f3bab,
6d6dac1cfd30457a84addf9eca6e3f66,630200000.0000
3f240ff59ddf4800bec8cec4ffefc064,
807b22ae3fa44c4581994a940086c616,
53ccc855e7674cebb63315aea11f857a,
4b8c947b5c334d6392aa71c01809b9ff,
9424be9fcbc0458ab6cc0b64294873c3,
9ccef3a3689e4577bc36e4af6bf6d70f,
fb776610253c40da8c8ba7da1ca57798,
5e3a7c799cf340b9b1e9cfa4edc1d841,
2ffc0f5db698457cb18415eb3b2770c4,
f44b3b45eb864b638f109e3b1346399c,
3c7e482e2de04aa3a597cd91917562cc,
b7e90fbf89c54dc1b54e037d32f6abcf,
82bb240aa9de4312a2e826e10ba8f7b4,
f3ed12e0121748818769c6d512e7cb11,
a7bac61ecabd438098909b377057b384,611500000.0000
23cfef6323144778a4872772be905df8,
0315b192502a4192b42b7334ec7dd073,
24b1350aa50046c6a0af87092541f974,
8eb827efa4c04d778bd720a9e9fcec5a,
eab145b1dc5e42098a29fa4acbf21d9e,
5d7ba13121414048a6f47391469ea9d9,571800000.0000
07e34d3ac38e4b6b8f7defb8e2f8ab22,
195206857add482fbdc3c3c09c24265c,
ffe674b763374028b686e710b35b069b,
e9b1efad00cd4ca5b72964df974558a3,
6a75b9364d5c41e383215c35f3a201b8,
fb85055e21c84f7080f970d2250615c4,
1579abdbc5cc4dd1868fd3e0f4832312,
a80098a4c89d4dc0b52ee0b0a1daf9b7,
38b411a71c4540c9b432eaaadac8abb5,
a30968d323c4484997e3600a2ba6c335,
7134b716fce24de3a7d6bf8ec68a1568,
9825f088d32c449d85d8b0adab8099b8,
4ef5aca8b9f643eba8d369fb92c50bdb,
43361a52503e4c0f888b98574f85f445,543200000.0000
e86313439b7446588cacfeeb14619d02,
30e92044e44b4adda52804e36ed22601,636200000.0000
c0508a6ef085478ca8a469a82db86f32,682100000.0000
35f9614ccd394641b7c284e27352e645,635000000.0000
b75acc47811c47a3921fba0959d7dac8,
c1f9c7ca2b6e4eeebf6e16f1c5ff81f9,
9bc0b520adb74e44bfba88cdcc5deba3,
98dfab0b50d1457983a7d3ca993b14bd,
f4895100857041bda7a093444e1202dd,
832198952d334ae49a46beeae35b4284,
8eb38041f7514d169700e1a7d38c0048,0.0000
ab398e770e104180902dd8764519169c,1000000.0000
2b23cb0966bb44f48b0da438181f8765,1000000.0000
2b1c04b598e440b083b313e34422105e,
90e622f2ab6542eb8b780f4cb2ae1f73,
525f423e69794cad85e558f01c4367db,
0c0c39cc3657493d9065550d0773e175,
7fee7ef3d1f1441aabe25374c504e9e7,
b5eb490b5f534972b7e538a7543326f7,
7ab06d57db21403fa0c278eaa0491db4,402198000.0000
b6b1d986a982432490274214d1272c80,
ae535279357043f4a96069c1840d6726,
e81a11804e1c4c33bf330c4e03242640,
615386948bb449f099d5bb0a45ea10f4,
adc5e343d9c44994aa0b22709a223a67,781000000.0000
c6a0f1da3b4b4e5cb9f28144f05e18d6,
8fe2af18fbce4c769f8a8e1e9d6b7fef,1633000000.0000
958556db1ff74747b0530aa1fd94979b,16600000.0000
b737b25a9a554469980029ae897c604d,
e092be96918c48ceab5466a8140ab4d8,
ccc9f43f3e824cf0922f9becd1364c8c,
3c524e0fad834ed6afea40da548cdaaa,
d261f109fd1041779e06866d5b3ed8df,
e706427d6c4a44e2a012c3e66376d87e,
dc765d687fed4fe3820a0f13d1adae9f,
07972ae00df94bf5a88bd1a83cdb4d2c,
4202e9ae9da444e99b80685af979bf8c,
5fa1cfbd1e5f4e5b9a793e5cbb7b207f,182000000.0000
a0d2a4c167dd492d850e020fdef4bf21,0.0000
fb7e79f340c146baa496ff34d2d39352,
70750a325ed9414180a19d8bd38c91a1,351000000.0000
c4868c624619456a8cbffe1b059cb124,
bfe571de205f4c33a095c069831f150b,0.0000
fb5d862191c248b3b039a6250c166158,
a4a3970576a54e4190d4fc93b9ea97c3,
a40249b4f3ca4b07afd98d624dca3650,3418657000.0000
c95325b74f124ef2a247ba21ba393614,
3f129626e8d84e0ab8356ee86461ee59,
7ac27fd9ffc84e9c98f85c0f75176dc6,
dff0da1037cd44c8840193070418733f,
2b678318fd9b4ca3829d735d8e8efdba,
6d7104cf9f4247b69d195b9ba8a9b840,2175000000.0000
2860df10e4a24a49928eb66a40f46901,559900000.0000
64c67cdba0234567a42b70251e6975c2,
c4531a522c544c989acf8055d156b0b0,
ff35406c41d642e0a38d77e825e9bad6,
e592db6cfa494b198d730266e39e23e2,
790c2117b4f745b594df5b3f976b89ab,
d34a3f28e9b542ec8fb28c7dbde4bc9f,
8eec2fee0f1e40ec86ce540ddc99c6e4,
2155666092cf4639a8763ca30782a1e0,
e1c0bab581054a14b0e9fdfbe9f4c7bc,
ad93b16fb94f4de28c23bfc2b29be0c5,
746a0d8c774946839acf9d097e9dd361,0.0000
d468722891f747dfb745a02b9a5ce241,
fa879f1547fd49f1a908937899ebcc23,
94534a0db07e4bf488060a08f31a266a,
19d6574799934d798fd714b5a7170e8c,
affb433908254c82b4887b4fd5a79d0b,
413cf15b85c04a93a3e636333109761f,4560830000.0000
a5b369d371d94827a9bac91a256a95e4,
3e036e56cfa9477c973cdcd741ce07bc,
84d815e4bb4f43ec9fbcff782d4d4086,
06c66767250f487d8df4fbf2fe0fdea7,
f61fed7c7952493eb577eff19e36cdab,
d036945d010b4364b84f15a60404a036,
1327598a55d3458792134ccd759d0499,
38339ecf0fc64fbfa623f0f97237b24c,
375b207b57da4ac681c1d361006b7e13,
571fdee11b5e455c9258360968871bf2,
304be1a39d6940388697c9837be26163,
25a156e61ba44402a79f1df0503fbd5c,
301f3c9fab8e42608cc3335f27584cf4,
b4665754873847caaaa8efef120a4473,
adb4a0e1101945aa83c7f8bc187c28d9,
8c40107671484ac5bfef55cbd78ed2ac,0.0000
02905ec1f6b24dfca9ecc7154d7bf157,
4ca04cfe8d7242af9d7aa3e37f9795ba,
bc49ae5fa96a4da4b65d332ce232b872,
5b3666a4bc9047e6a646f7a164e94299,
26a54fa750694d9e9637d267002d1142,131000000.0000
4727776a9b324baf81cf365d3fe3c656,
06d229c1b1554d3eb01c936eb534ff43,16800000.0000
bf2bb36aa88e4a9da5fbd02fa6775684,
c339aa24450f438c8cf10b7e757ef60f,
2dcf79b4634541d29a738c62839a8829,
8251edecb63242dcace6fdc30ac0f6c1,
37d0e1f55c8d47679352429301c349fb,
a4022fd3946b491f893a27d31acddbeb,
a6602ff734b94a7ab4eab121a0ca9159,
aeeaa61e4e2c4e0a94160a69c949811a,
db4ab603243d456a84f7700b9b788e0f,
d3a59abf2c7846849d42287662fe5ae6,123000000.0000
b6a41f6f402d4a2387f84e612d94ccb3,
97a728bee5c847438006c11e61e75d06,
da73937a0bc64173b36250e88979ce9d,
5f09d22b54a74da2914345f956b7075b,
559f7c415b364b1da352e6119dcd0ea0,
2302a07977514cdebad5f2bd188af3fc,
1440029dd243444c87580c690199140a,
680f8c5d386b4edb8386f4ffcd391fa8,47900000.0000
23687bf66fc440bc827a4c23797411c7,143000000.0000
3a3ab77e24894fb6a8bbcce815634022,145000000.0000
80af0e79c4a544d9a1703ec3e63343e3,149000000.0000
f9f4aedf1bbb48278d8385739fbad112,1000000.0000
ec763a30ed8a42dba80e3a47b7182505,
1263b255b7534e6781915884656655e4,153000000.0000
4b738119e80b4273a3d965bace7b71bf,
a5d3b3cfde034fcfaaf47c1ed9cc0704,
29cef26683cd41c49910677e2c0aa86b,1081000000.0000
70f217e155454e06abde6a2e4d792d58,
b842637d8c27425285d9edd601dcc7e9,
a87c3a3fb044484da8b72836d3da918e,
52a8bf26d5f2470c8063f721fa20a0bd,
9d36e94ad7c84bbd8cb6256f617bd49b,
ebab3f96d7fb4add910e319cbdecb0f8,166000000.0000
3389980a9ae34a73bc06d5b559f1d33c,
8effa4182e894f42a6bc3429a533a870,
6e00c6956a1a4fe69e97358a0ebd8154,
f190ac40874944df8a14843866181282,
a668e23c6f164cc38c83c409f9395c95,
8263e418426d40e2882d329a0f63b183,
44f6c0254926468daeaaba0762c0320b,
e03c94e1ef364763a2801047ae6e5e70,
c69c9079c0da4a0181ea492c70d51233,158000000.0000
6d871c1641a24479a3684c9fe05c1f02,212800000.0000
4b31ddbd83934347aeeba6f524032212,
8d057f7867d94fb7bb3d06c3c0605bdb,
464dc1d60eb74b3799370520996d8937,
74c7c3d7cab443829446b48b28e03fc8,58600000.0000
6f9a0a930c0340e2a3398561c9a02330,64600000.0000
ac4ba2d48aae4ce1803e5ab8ace44725,
d871e8b0e6434e48a717d5b31be13ac6,
ae77c188d66b4332b2f68cb270fcc671,
11519498305e4612a58af8008e32736d,194000000.0000
2d8e72edcc8e43d295b6417528ef0f56,
84ddeed18fbe46a8a12171b55efd8ad8,
e3365b8b2a6c451bb3fbac52aa8aedaf,
fea5b34a3c1e45b09dccdfa55ff9b0d4,57000000.0000
2c8a9121a5b94ce7a38a73de1ebf2e4d,
881da48783b44f84a599cdfa10e659c8,
202a86937e714932838d348fe178b144,
60733fffef6c4c5c9c88ba914d8db238,
d613f3d090c04f78aea604c5ec0262c0,
0a6d98c95e4f4d77a4c7db2e850c9691,
09862e1bd0794679abfeb0e24c97779f,
8b70f48e8d27496eabbe7cb5e7f4aa58,
b4a6f6cfe9da49ee9869f289c56a3255,160000000.0000
85a85d34925b4ca680419267eda43edd,
ebf0becfa0df45f8afc01fc2a5e859fd,208056000.0000
bf7abf1beea44e7f90892da2a5df971b,
3958220cf9e94e559cfffa0bbcd546fb,
74a78fe7ee544f2d926c48997168beba,
1fffb48af437424099b4166f5d0fea45,
18c8709b00104b41b5217a6fa09415fd,
d1332edf1a6b4b36b5f6a46ffd39cd27,
ed9f8de76a9848df84a6edb3e7256e8a,160000000.0000
a379d7953ce34d44ab10e68f9e8699f3,132000000.0000
05ca17b423164f3d9fc334b446f47b59,
b14d50c210a24d97923614a3954dd991,207000000.0000
c06b4ee556f043099a0662c1dcefa45c,
fda5376850db43a0bbf798d0f899c78e,
eccb6b71af754e4e9d9192dbfd899377,
e905e674b4634b458f9801962ce52445,
ad03dbaf677c417fb9d9deddebd18a26,
185a539e56c147108770928492ee8b18,19500000.0000
d0ca3b9725cb4cf4b1f7f8558b535a5e,115000000.0000
0e958dd437a34e39ac867e93e6ccf77a,16800000.0000
2b0875b64868417e9f0b34f56e373b4e,
446936e73807428386a844bfbd5e60e7,
57ec5537498e413ebc150694b78383ce,126000000.0000
cbd7083eead546a2a152e5a71bb4f4a9,
e23421f8a6fe46eb9768758451566d6b,
02b00b90f9364c4d9a8ca1824841dc31,
2971595259b445f1856465fe3189e2c8,
f3892c9d0e5641389aa12e267628441e,
1c7279daedc544c99cfec2510a16e615,
f80e722f6f254132b645c898bfdd6428,
9c143c1544904ffe9595d9cf3c106ad6,57000000.0000
a307d1a4991543289c9a844c8ae5f1b9,
8e7ee91a69984ad887a6aa64c3d0f489,158000000.0000
fa55ef2340ed4184aa1e0623b8a2bf1e,131000000.0000
482ddf5973a44ad6a1dd24ddf9c67163,
599d29d0b2c54dc7868f847585a55ac4,
ccec614d2dd04550be97532eaae01940,
b0dbc311f5d84038a3ed8a1c7213f294,
97478da751544b74a6b8e2fa47e84b23,
e5ad032e694e49d78f310aac10e7f461,4516428000.0000
f17d02b54dea4643b7d6ecc88bb63e8e,
5c15a77f67ab40e08cce94bb0f91c854,
5d66415b3c6c493997a9cd7745a5e22e,127000000.0000
6c61157d17a5459b80a0b6e2f8aea15c,122000000.0000
ad7398c7a1144d4b8c311d22eef10c90,
5d921d4f914547e9b2fc5c0dd4a16049,
b5498127ae104d238f8176332971edab,17100000.0000
e3e7ed6bf5c4437cb2239653582104c9,113000000.0000
4e1fcf3229c64b839a30d96e1e47e281,
e4eff8a5cd86465e8350f47326762f2e,
155ba23b33d843a491c6e4fa0f007448,
3a0f518c6e8046838ebf312b3bbfd97d,18300000.0000
eee1fc83266a4c1d8c64a20f9344a679,
91c113bb1571462285729b8ecc777dc6,18406585000.0000
7e311f3e390a41d9823557c3ca9d7fe2,
b78ab350907645bfb1ac11becfc19ee7,
924a139b77b341aba93280f2dc554352,
7bea7f39235d4a619a755bdac24d3c45,
ad68030ac651453699264b0182e751a9,
528d4bad48764ac2a28e3de34bdab800,
f68239817b2f433387fecf4159ae0cd1,
a463670d7e2a4fa1a65b8426c9734f7e,
445df49881d8498dbd9d73a41df68180,
80c68883f3dd4914a1d9118ed9fce341,
2801fc8f14ff40a3827e166e6616af0f,846000000.0000
ecd4936e2b7a438690c2253675b7476b,844000000.0000
81f5f1d30f1542ab88de2767f48c7103,358000000.0000
7776552a32b4427a852691c6cd6e7c5c,371000000.0000
c109ac4b2b7e47348b6fff7c00b8ac2e,386000000.0000
f1f15b0736e2458c84e61d83ce3c7ea6,416000000.0000
daecf4e192f14c76b91abbe10da55bf9,429000000.0000
b67942c4fd324af3a06d05351f1519ab,440000000.0000
5523c98b0b674441b41305719a33505e,
06d0d5f9d4f94d4b90d40caabee8e953,785000000.0000
90f2eef955b344d8a9621f96ee2dcb89,
382c6143ff1d4ada803c429990a365d8,1089000000.0000
16fb5b7d515c4bf18c02d5b23fee208d,
00f97cd86f25429ea87908552479596b,
83c616c2d05248a8b2a1805ecf8ae523,
4bcb77c0930d4f079571db96118443ca,
11186daa361445319e5a7a5fd316b73b,1340000000.0000
dabd45b88c4b4a0aa179f8178446619f,
711da61ffacb4803a81cce2cf384709a,
8fb47ebd72ca461fa4216a4f316a001c,
29f3553ae7c14b20907bca8dd00ec0cc,
fd3d94572e7a4dfe9af6ed8c10ae28b4,
3631a945faf2416e8d2bcde0e5755cba,
ebdfd50ef7454c8ab4cf169423f72e5e,
3be1b2dca20a45a5a6deb0a2432d5a7b,
f363ca3b317d42aa8e9a5b9e2a575957,
dc93fc71c61947a6aab94c17d67a7e62,1323000000.0000
c069f57bfd4e4fc0baf54b2542cebc9d,1371000000.0000
be079fd2833047348adce5aaeb834539,1356000000.0000
004e4bfca1474b54b6d2c03c20efd478,
ec5c76fdd5634d389a1ffaa14d4fdb06,
521978bb5cc44a49a691360710c20c53,
5b79f5baed934bf096be06122580c833,502305000.0000
1ebf91ccff244be6849291cd2c25fba9,165769000.0000
800d5246fe63461f8dcb1ad6d30f1cc1,175722000.0000
6dd6ea8699b042da9b0134de4522f27a,
4bdcd6c345f84f558ba23abd4e076990,
f18dddda2abc4b81b0b4bf1a173e30b1,
b118341c86a144b68e7bb029bd0b83af,
b4909e554f9b428ca045b41b31d3183b,
eda7ddf38a914b448a157df280a7db64,1340000000.0000
792a0dae708f4c5bac7b14cde2f18bc3,1321000000.0000
40a7a5c7cdde4062b47bef2ebfeedc20,
b1e8db8ceaf0481d999c3fef27c6a429,
dcccdbf5ea7a4f72af578b2d81dcb6e3,
b4df085a153446a781c4004ea7c4fc91,189904000.0000
8b8047ace5284c159e962cb7eba6a602,
fb4bca2743f3429ea1af50940d52e295,
88b0e48bb1554ebba6636f3090b74d23,
dc5f9cbb1603429eabd459bb8c4455f4,
d0e00c48eed24a4cbbecdacde0d56c08,
9f115c245d1c4de395d16e7f545194da,220300000.0000
e6ab4f9040204582bdcb1ccd5c4523c5,
053111c83d2941c7b2a659aa4a43ae99,197700000.0000
621b3c433948462d80258bbdccc29d85,
c0d8823e94354c548c5b6cb6e1188b52,
4b2ca91414d240b8aa1eb47d4df6fb05,212800000.0000
70375a6505d64b61886da804c631f76a,1311000000.0000
57e1c4240d71489bb13f7751773c3f62,
de3b284cca0342d69de751dcfc665c79,
cc212e56281342cdb1b87dce8a30b5b2,
c0f1c8199c634ab399d8ebb6e3fbe73e,
dca344847a5341cea7d82d21ed3b1be2,
b5a4a637eb3542daa3a851a3db84d12f,
c74b2589b66d45f5a88aa08dfb069566,
1942b8e3839849a983ae893f40e58984,217200000.0000
1e193fe4a63d4e62bac586d555583758,
addda6c6f3e3490cad022ea53702d2a2,
4eccd16224f74b4e8d888f85ee361eed,
3c6bb239b53f4edb8ec0bf1982a35d27,4578261000.0000
fb034807a00f410f9f7cd368121e4158,
d3a4e64e85714342a88a8af992e468ed,
62c8fcfc6afb46c783830dfc08bffed8,
e752b3594dda4d2c8d960f13bcaff509,
98fcad28da7c4cdfb7fe3543171709a0,
8f6febb1f8aa41c9b69d4ae637fa410d,
eeaf482a4cd34585b0381a5c405f890c,
f2e8a64fbbe44b81aaa7a007573270f2,176727000.0000
01b00b40fca645b485ab39ff320642ec,
6fc272777fbf4482b3f0b53cc23f576e,
862955a3ce6c42219afae61d958123c1,
e57ba8153c0047fe935cfad115e3b52d,
725c309d85f24df7952ecd4e1f19754f,
c01ca85894474b00bf9f222dd4686a8c,
9d09a773f533421ea5522f44749f6f5d,
1cf0dc83adb14d289cfa9f6aa4498051,
93edf8285dda481787739c6c748f5359,197000000.0000
042d604649364dd9ac19eb7477a5b2fb,
9918fde7310f4914b6576b799f20aab6,2329000000.0000
4afda40530e040a3ba53f41e05a38ddd,2092000000.0000
c15210867ff8410f98103ea3c1e032d9,97000000.0000
e54aa847fe9245dc8c073981918b632d,3015505000.0000
ddea387ce29d4226b3310cbe3ae7639d,392867000.0000
5c106bb76a0a437eb2cec5ec1a84c7b4,
3ed4bc4bc9874f7e9f72f6541af824f3,
324349a1e0a84048b82385ace7c74716,
e657d002bf42442ea03c4936cba4e5ac,
02d67d2a43e44550b49d6cc207b0d223,
5a629744087c4417989e750c57fc5184,
535160d17ef24e2698d01b035d38ce57,
23a4b043091e4ef5b2f85052468b0a11,173700000.0000
04c4a8fd921c45a08f5af3e948c9431d,8108000000.0000
4c98c94b7db64995a9dec2ec9b550378,
33c28667c8f04758bbd4a6ed0b495b66,
d889579c5dcb43ecb354de056fe1747a,
4fe9f8166998479e9c9fbc3c194f56aa,
9811e29f8f844f1db6c28f7c1bf3d18e,
eb59df1921c14580b541f0e748cea161,
4745b283cb8348faa1b6db8343587f0a,
29aea00435d04f8c896eab0b0cabc9d6,
1a9f3c2fb49c42a7be50450b62342def,9178000000.0000
63aa457bc7b740daa4823e4a3f9bf378,
54e256abfcbf4cf2b20ca175991ab8af,172300000.0000
1aa3902a73e34c49a556733b05a81d51,8058000000.0000
d191aafc40494b5db6509d45d462adf2,
27cda5cd067249778450e85efca2503e,
b0686dbf9e2f45b0b07ad812286c95ec,
4f7474182e384db18c2bb11b69b66d39,
10cd6dd02eb24f56b61c5a5a40f0ddb1,
07a355a84fd34f6a86ba61b6a3e2aca0,
bd4c4828d0a54565ae6594ebdba2b9f3,
2a6f2abbe261423d81ee7ab25cdf7d5f,
bcf0ec849334461fa442a66b2a112ab9,
95035193dc784d928a61ecca5ad02003,
b8d5d32fae83461fa9c2e8fd4e456507,
a495bdd9bbc64ad68d1dd62100d27ef2,4184000000.0000
22d4e44ef0834dc58beea94354e36993,
fb92341aa92148c48edebd8d7182a1a0,
12710ddec0ed49c8addc3b633cd6468a,
340434dac3974c6a9ca49f3028c6e868,4363000000.0000
a5852dd15e6448e78812245327f83721,
0885905437094dbf885d03088ce82d7d,4665632000.0000
707a712ab38d4e5bb28e5a2dc4c1c815,
d10b502dc319405ea50088d12ac66cca,1295000000.0000
fe43a6addec347ef9c664d6534f106ef,3467059000.0000
05d74aab54af4530894271c3af1a27e9,
aa8e445a27d64eee9a1bb6b62e50b8df,
40e108718c3c49cf9439da1a245129dc,
5b7dc5900b37435782f040200fcdbfdc,
a1b7c6a204db431bbbb90126f41d40a2,15275000.0000
c4b07ae19e4d45558d03c4d4cba86aae,
5bd2823f514f41e1bd62655e126969cd,
634358d1a7504443ac195b4f083c6550,
d948a39a35fc4f2191a3272eaf5e6dd6,
1a08e2d6ebaf4fecabb18597683a6c00,
2042728a44cd44c6a051c7ea0069c918,1386000000.0000
63161b8c29eb4128a2e0b079c40d4b60,1248000000.0000
3b368d583a8444f0ac15422ad4a52ddd,1536000000.0000
0130c7216cfe4db4b3fe498131fe6ed5,
9e49847a3f6848e9b618af1aeed75a26,
7c9c954e41754548a24339286c93beaa,
827900402532401892a227b5996517cf,
ce3ef184e87343b18c0a407d89df2931,
ef980a8797d24d69a172974f7862702d,
9270640653ae48c5aecdd9a5a3c48419,
1e61efbb67e44db58603650c9bb6a972,
aff611e38a434362ab7bbe850e379dd0,
103d0419206145a8a2bf94c722218c81,
b13974ea84a844d2beeffe6dff7527e0,
04ad3c7a8de2453b80be031fa8350bd6,
41848dd6c6ad44b7b0e66700dc48cbb3,
d2668436aae94712bd79df0cca263c36,
afa35e2f7d7c4423868c240f7c93e5b7,
5658d919124b4f89a19c10349e664ee6,
2117c8087b3844da8de9842e6eb9f409,
d91182aa81044ca79b5eaa4cb9b2e9d2,
5572af54d7904b33816e3a87d23f96f6,
52fc6bc08f8b4d948c8029075f412167,
163b849181c547bb8a751bf7ff82c7b3,737000000.0000
3595f77c72bd4e558f1229d4ddc63175,
42c2987e063442d092df4de579713688,
630f7f251c8040f1ba386378a0d59807,
e5379dd64cc14b99851ee9ed61c7a077,
8c21492f07e944c1817fa36d84cba6de,
a5b665b002914260a0d206b38e2cf17d,
8f5553f0661742b08f7755c7e806e757,
f696850c23564be1a3cdb5c493632b0a,
84e12c8794fa4df19545ac2eee9e08d3,
9030a504313b44fb8d362841673cee1f,
e468751d75da47cdbaea6f0b2cf4ea18,
a963588e288844368dd151e989026b9a,
3dcbffa40d4d48f6b291d637d407c301,2404000000.0000
25de0f20507c4622b430f5b4f8005abe,
bd2043a372ac418daea97f9f94b234d2,
dad82a6e1fa54aecac3d5f120ac0facb,
89c4bb1e7f7545879c60bd3c8116dd9d,
cba0f4ffe4864d128daee883fc799fb2,
4dd3d56e91c84e77ada25a82c55e7264,
1de5b08e091148b98e60b509779cd189,
0af39280d3e7425682de3520939ec050,717000000.0000
426c4d61a8b9468e9fe0aff77a8d2967,
cafc43fc626d4479a1857d0ea50225be,622000000.0000
878cb79c7b8946c8afef8e491fa10f8f,
919c24c0a8d141d485f02bb1885a6ee9,
c18867a9fa894d15a8787958d62bb040,
df23f7b83e5d45d299d507e91805d17f,
dfe1120eeccb4dea9ca122412401c8c7,
c1abacf3b6d744a3af2cfd2229bed386,308700000.0000
6c74c2635c4d4f51a48670b68b719e06,752800000.0000
73cf025a97744fbf95f76b737356fd75,
d2ced268509845db9ccffe37180485e9,624000000.0000
65e222037545420a86436cb4fc0dc2fb,652000000.0000
cf59dbd29e0041cd9782afa45b372c8b,
d133ad3a971144329f98fff1abc8a5e8,
fed83c587bbb4d6e8517cf8b1597eea2,
0324e812242c490a8f81535bc279a49a,
d73ed81adc874419b49e4eafe6a95465,
981b05a996474b52b07f69b42beff452,
bfc99f5807ed4144b1de2303b348f045,850100000.0000
e10aaed9b76a4c3c9bcb8da87d9f570f,889500000.0000
c130bef8610042d6970aae76940c2d9c,
e8f4f045bc79468ca34424e0300b3204,
a0e6b030583643a38100a4ca978d7fa6,
753ba8715cfa49de88d13aa0db37e68f,
6a391d7ac198424dbcac6f0eb7520c7d,
092b08d1c6a545feac5e7f4c1f8e7395,
472db5393cc24411b2dc2119c3af18ed,
dc3834fc567948d2841e009a3caa5e59,548000000.0000
1127082c3c3e4865a7d69a80c873c5cd,639700000.0000
9c967b8f66004922b6f22a7e628310a8,
53410b29597f49868dd145c147712f77,
58440acaf9714ac09c1388df33efb4cb,
28d96f4dbc5d486fb24ba4a3f823d355,
552400778ee94e889709666a17254a85,
50acc3fbf1354020b08fdba6f583f066,1438000000.0000
44b28a9a1329400b989de101dbd87e79,
57b9de73faf84200840584877193200c,
0a1c8864e7d04ef88714d72fe83aba68,75748000.0000
8699236d7e5b431bb82b52c41a9ab050,
ae185570cdc14b6a9a1dd923c0c80fc7,
f7aa070ab11a4a75b80ccf62ca53ebf8,
9f0dae019f584da38b71e5da8bd39af0,
7a7de1c4a76d4512a96e0b052baacb4a,
40b10bd3e75448129c16dbfbaffcbeda,
1a12587ab26847fd9a6acd85301d43d5,
a32f85e9b9aa4e19a95b81bc95bc8722,
2aa6eafeb2ca48cea279519a1f58512a,
cdeff5eb57f9401996e5d829f716b5c5,
53a7d8eed270430db70c16f61c3f1038,
9c413678db404ee792961054a2ccdc28,
86496223316347c0a26e89d3c68b5bfb,
ca8424472d5c4cce9a2f98c674d568a5,
dec7eff16e864beaa887a752accda7fe,915000000.0000
dd0503584ac04be19362d506b36a5057,
efef843e24b441c781ea9025d322bede,
74494a18b66445ef805e157210bf54fc,
9f7464bb6426409d99852ec408e64eef,
2e0b635b01a545789c1c2f2067a59fcf,
6f36417194c64bd8821ba3fda6955f7c,
7e154ea8de334785b342f0303a4bbfda,
16576f5442a9459e98619234c751b90f,
57b53c18ffa8417f82274f26be9f508f,
d8d5dc63b0784934ac2435d98e961e4a,
017d293c4a4d40fbb56d45729b3eddad,
aef744c112c043b39b84a4b8628910c3,
246770a99cff41b9bd902500feb6692f,
dd28f746b60e4f21bf7d3887ed92ef9c,
a580193f273d42de86fd5381b31b4282,
61875e375ed14f2584b4f349e7b52f81,
07212c3546fe4772805150e3ad496701,
f5a49f90fa8648c0bd4f4d90e43a8aac,
18dc56ca451f4406881ca9d26f642d57,
1ca6fb8eb7bf4709a0ada042dca2a290,410000000.0000
5787fedd3b53417f8de4902f9927d8dd,316000000.0000
aebf01b52e3448ff97fae14c540f36dc,455000000.0000
441267c211374809ae1a761b28583889,
c3cd046e19b442248742c2c992c3f92f,
3c510bbb4b174cffaa4b1b1e2f43df3e,
02ff348008344fbab893d113ea0f21d8,75195000.0000
8fcb20f39ea04a22b6f32b46504aaa3c,327000000.0000
971e72995e2d48dd80f172fa26371c0a,148000000.0000
c00e43403797447492144dd23bbb9d89,
2dc44faccdda479496b0eb9c07006a4e,
10227f850d46410cbc69fe13fb1f2352,
9a9eaeec88364f928924a6ba6078a77c,
779815cea1ab4181926de3a084aeccfa,
091ef959286e443f9418065218ad0e0e,
cc6f94018bf34b8c90d74bbd2ba12373,
83f2cb29268f4326af3344355e40e3d9,
3c9e9a2c25cf4ea7ae50a0616e33d2f2,
27edc9e803794594a6f215130e0e7a42,1278000000.0000
3c9f9a062d70458aa72e6b7e2a0b5f62,
758d53bbc66b4010b61a93f65487c6a5,
4e4341f742ff42ee90626e88722047be,504000000.0000
f1e6dd561db2403a9b2983dce020fe40,
2efad8ce95e74ef7915660d50abe8ab3,291000000.0000
32bd4c4a9a624f89912d7f5196774450,185000000.0000
e9d3dd3392994b42bddb2d449c7293e3,
0a0939f7a68242b6b4ae8d1c76544cf2,
13caaa08f9104b32b64d3902a3d92d1d,
9925105a833548d89143e1451bcf253d,
09e47d34cdea457e9d0f3e96464caf71,
25c7c6d169e7454ea01dae670ee69e7f,
690b2a4006754085b972ac2298ff7d78,
f64f8c847f554a05a1440310f8ef9745,
0e8b865a642c49eea7b7365adf753a2b,
053fef94a2d641728986a86116374a5e,
a31a04a686ee4281b84f268db5bc62fe,
18165907710f48e1acb141f65963619f,
8c40773396b4423ba7fe71f3014c8e8f,
c5b85612536d4ae4a561e9ee88cc1a4c,
ba737e81a4174b3684e458418487532e,245000000.0000
d1beb295965740ae835e466a83ae8e3b,
045d77c3d7ae40d88640b392c7acaeb9,
482b0f60a5ff46829fe88e494bffa450,
54c199c5f7854363905deadcdf6483f6,296000000.0000
764a26d549f64c14b3c0791dd03e8422,
e1b4f42199ad4be3982df918807833ff,
5d294900013c40139fb7810687490cfb,
6ad7d81f8f34488e9383b22cdd317074,
22bc8e9b8a0b41a58ef69f3f5c456dcf,672200000.0000
89bdf3e733704fe2940155692e5bcc10,
b1dd68efbf214e6b886c364968088afa,
d60caef696aa480d9eb7e603d134b178,
5a11cfe07c0d44f3b5a893da180ac9d8,
bc09836636544d3882967dc141068b1a,
3454a3338fb84860b262805be7b9b43b,
1a7b490e09e9481fbf8caccd5c032945,
24606e7fdb924ef99ca9e98c1daa3dcb,
bf3462bd5aab4580a8c57307ef961a73,
f74b96da30b644fb915144ee22b9e90f,
3bf8d0d558124bf18eb8168720f00a61,
bf9954c25f874af59f4e12d59f6a5c86,220158000.0000
d1b440814f3a4874896cbabec9e7e733,216743000.0000
37c65704ae394023bf5475641245153e,792000000.0000
aaecd45b666f47edbc508c42373e7bcb,
a07994ae6b3a4f208c62a960964e220c,633300000.0000
fb3b0c69f15f426b840f6d806d91799e,
70dcec3fccbf478882e590c4a608abef,
e3588c9342934911b7b90524ea2f84b1,
5b9e1fa1ebeb4f4facdae284f3622d79,
1570c9267ef2481e83e2d7b444a7bf6a,215183000.0000
27ee80bdd9f344fd81683ab43af4cb2b,
2619ceb65ccb4330b87ccc559c3c5365,193182000.0000
8834e35716904c0ca6258637f93ff5e6,
5e706b94bdb14a8c9237d5de78625dd8,
25e59016652b4573a6e0bcd97434a80d,4315337000.0000
d14994c101ec46cc954a70401e30f1d0,
761cf589cb414b5eb1e49d63104a1424,184010000.0000
3cf1f24cfd9348e89863e18ae701e4af,
2e44355c52b24e8da48b051c9ff00b2c,
adf8aa19519a4cb395e709eb6c78a718,
dce02feed6144479ad44b01798460663,
06dc03e0cf234517a05923ee44591c94,187955000.0000
bc5ef1c52c504d12bf5547904a437dab,
b69d463ce2ce41528a5bf3baa8b2d2c6,
490edabffb78452abcb62cb5027f0c69,
bc7863ac4a04496d955778eecd352737,1171000000.0000
5b35eba81a1c465895620437f3a32b11,
768e81159cda45338eba6775c9526b56,
d12a9e5a435f41deb38af9b21a69dbe5,
307e947cbe1a4a43bf5275f9d5788147,177911000.0000
2c3b2590c26a4901981de65548f385d9,
27b3b406693b4fe3bf4f1ee6ac93e607,
dc852e222aed426ea2eb351d67216e41,
fc5f5186b7f5468ebd82cdb139a840f5,184842000.0000
490a987c943b4bd48fabe8f977bfa7e9,1634000000.0000
dec9ea5174d2455d911685f4111619b0,
a8cd99df39684831992275be5c7d240a,
7b68fc021d5f4d58b83416f0e6eaaae4,4560830000.0000
63a68bb4b80a472e8e8e1f1fb986a1e0,
8df6e7803f4f42329a7f7b5a0a5d94d0,
9349948fb7124ad7b0ea1a12a465831a,4625811000.0000
ae65f60126e54582b7dfddcb582a8354,
b276855975b54cc98e04acb8d3377eb9,
1f6d42a679b14b4c9e95628cf1ff218a,
08cdab72670f4829807a010f024221ed,
00d5b55f582b4d49b4ce02b89850107c,
c0283388838544d1826ecab4d777ad34,
c71c8034ae714be48de723bca85a75da,
4318dbd7e1a54259b72271eac407cee9,
b28f078f25184f95a4bb4360d1c2717e,
841bd335756b41a594e4dc754d1eae0b,
208452c82ef7406e82d6adade29a4a0d,
033f35aac39d4abd8272dd92846fd85e,
ea3a5327af724329bc2995483cc3c629,
070accf7cc8f425190f0f7eed98e53a8,
9472bd609fbc4810b1739cc6c42ea641,
e2d7be30b35d40a795c0394acf09ba34,188000000.0000
e4d9145cb1ac4d3fa00b6f15945d14c8,
52089166e76748f0881bc765ead411b7,
b775957ac7794e97abd194b1a5a0152f,
937619f947394f2c9b8ebcc490b45209,
e149118fe779457082a01a13050289fe,
64eadbf9fd87454880132b7a875d358f,
bd72b8d95a0e4b64bf8dc4a31cffc3a2,
f807057ff919404eb8b4b4d274d0cfd9,
1980c64e70ae42769222c319960480f7,
84134ce29f434c089e5baef52cf910c4,162000000.0000
a99927714182411181a81c0972385501,
b9b969d9bc2a4694adbfbb183f758223,
f2e91c1ec9834197b287f1c2b0a1f6ba,
1e17d51933ca45f6878e8542bad727ba,
d58d9f252ecb424abac6e4655a6d67ad,
3db52baf76834cdd8da3db63871760e1,
e1d39c9a8b6a4e2e926723bba1830262,
0d8e2cc33e5e4c258cf3ee8d2324cf9c,
b293a1e73c554e68885cffebb2f0cb56,
d4a9f9ed1b2b421db1da026c731f49a3,17228000000.0000
711a2f9d097e4f5fa10f51ba9ca956f5,
460e97137d364a50a7ff713976f9c127,
382518204a5345d3b8e1c47820a72cb0,
4814f01525524ee29cc85e625e01602e,
730f3772bb104a57b490c36781ab5992,
d49509ddc25b4f238cdb500f2f704eef,
9bce0af7476c482a82537e33d923c8c1,
816fe3acb09c402fa963bae874014016,170000000.0000
655a1732d63d473f86fd76aad608ceaa,
21bf64642874462cadcb245ab8d67446,
0de61ad90b9f4eba8192541e8105c6ff,
eb10dae56fe64c6798533a842bcd0495,1978000000.0000
20d67c8fd3c148149ffdf53894eef623,16685000000.0000
1ad576ab55e04742a8cb1129ce79c67e,20313000000.0000
f4c81b070b3847da95671fea40ab682f,
6c2dcbc94acb4e0eb0d51c004faaa80e,
4478ed9dac144b279b6662d54fbcc49b,
0d005a5f03fb442287570fe5a612777d,
2c7a8e954145406a91f52e2c3251cc74,4184000000.0000
065b1690615740b0a1ec03b762b6b5f7,
45b0eb5b07294daea63caa4a29e61183,5131000000.0000
89cbb0beea214d8395199136d9c4ab3b,5029000000.0000
6a45ec5d9898460a8777170e3de5975d,183000000.0000
594ebee606f6401683aff3c22824c5e8,733000000.0000
604c0122c9614878aeb71194316ceb60,173000000.0000
2fbc2626640b48538c332fef3a4d67f5,200000000.0000
c1b41e9b3e7f4ef8abb5a48e068fc1c0,
77aab64dbce74a5db7e72604c9c8d0a4,
b11f602da65c4e7182e26d33bacf922a,
ea231ecb6cd9495d81ee0073f808f7e9,4124000000.0000
bd230d7367544b00a6d81d0930910bf0,
1568455cdd1e47e58271b472810e6db9,
7801c9dda3ca432eb515d18f177b06de,
5b599fc724944a7d905797f56c366d21,
f3281e30816a4061b1fd9fc899e532ab,
2ee3c224caa74623b8ea1990d00fe011,
4dc486361b5349a2af50512842a840bd,5052000000.0000
1b6ec6a6f3504fc0a3c501f3a4acc891,5956000000.0000
0af13b2668ad48d8ab47824f0ebf7efe,6124000000.0000
0b7bdbe56d5e4763a487f113be347acf,
c20b2eb3f1984dbc87f1263488ecf23f,
869f81077bf64f15ac059029ad37d4b5,214000000.0000
1080707584cb460cb793d06194b8afa0,227000000.0000
2e7712667e2f442eb1f026ac74ccc23b,
1db33de21f3e43d097626e69adc97d63,
92b5259ea87348b492c5e76274c7e222,
28271a87bbb1440ab4b057eff8547b0d,
1f6fd053e09c43528e3371f81324749a,
1e021b3ca0ad4905b7599a514f4a7672,63999000.0000
e523d5fb2470455f8a241809214d8416,
06c6035cb14e48d1a4b2ef3e0b7f245d,
e9ffe4d138104a52aac48f5789596903,
9226795161b542da955ab3b216813fd4,
6ac141fc5a4c465fbc55f34cce2e36a8,
a4382a9d842f48928f2c5c1402d7d97a,
1cb121f5307b4da59c14a3eb7ef0b11c,
de4a84661e5d45668abeea4d46d74ec1,
710044efe75c4fefbcdf64647c3c786b,46214000.0000
1536006faa7346c58b7934ea07486329,
0f9c8eeea8a349fd81363a1aca05f7be,
ea276931bf694c22b394054999e96e34,
a14dac4075fa4e5c97167c5d1503939f,
746599e480ef4ab2a12e1748cad6ba78,2228000000.0000
1de11f4bab2347d7a6dd558eae04b7e2,0.0000
e7a8f8af2a33448e9f5c27ba32c26106,2235000000.0000
b42b9fbb239348edb6639eebb94c9443,2264000000.0000
287214190cfc4df78c89a8e49bdc62c2,1218000000.0000
9fb747a7fe574a04b4b02abe84d6bfd4,
0fd241b7fc92403cb2c525ac6ad46592,
153f22cf9b2741f9985a06bec94d14a9,
66bc882abf3d483899d3e0f2bf9b545e,
5f439eb26fb5461ca91753d0a55fbee1,
84b2e543a5a042d0bef4820ecdb6448c,
8d93ef9c91064aa29f83bb566808d93c,6022000000.0000
b50fbc23574f467a9b1a32c8e22cb985,2228000000.0000
94df3acaa0d34c14a6895ec4886c9df0,684000000.0000
cb99d6365fa24043960ba90918977902,671000000.0000
33be165ae83c4ba7b7e0de6f3e5b7221,2039000000.0000
4350c8c662a74230bcaae74af682e8d5,2013000000.0000
e3d4bf45ed3e44b3b1dd6c03326dd853,
3771b49ff7a642e3b3edd2a53764dc30,704000000.0000
afef024b9d864454bbc7cce89f29ec80,218000000.0000
81a3f67e944c4f3981a0c8f6c2b660d3,186975000.0000
d38ed197c0064862a018b5a4baec0ee4,0.0000
c5402875b2174a4f9e9ce6fa6ccb533b,0.0000
b5fb9e65c3e149f1be862ba3c0f6924c,3357000000.0000
fbc6eb4d51004e269ed917b5def284d6,
b3f3d61532ee442a9e8dbd2d540d9412,
a105667e9f9948b9b2b0f6ef1c0146d8,
33bf253054734a3d9a6a5e245310f977,
e56f0ff6234f4f6db7b4f33a2c31105f,
d87ef9f358da463c9c1ae9337c761fec,
7c7ef21ae24d4fc3a20979a8e326746e,
d6e84ffe4a724af188f14da0193946cc,
4d0fdb8ab8da4898a5c942148b080493,
afdeb60b19fb4081941d2c7f5c5437d1,
92a604031baa418bba5ab07dca9e0718,250000000.0000
3e904dd0f34241dd97bf9fab035b7782,
828b85aa36ef4913add8c03647631519,179000000.0000
56747cdf447d4e59937810c87b9b8e54,
272adb19b6ff4489b8e9665f1d85e959,
b2735f793db143638ee8e35765ff5f38,
e75582ab226b4e06b5158c2c25f8b609,
eaaede54314f4cc3becaf35b4b4373df,
20474e04512b4331aa435599d758da98,
e7c87bfa88af4799b41235736128cc46,
c21d8ff864014c2c84f73d192afe8bcf,
4ac66901ba3e454296e95c1007f9a500,
c9a3d25e77b943de8cda6cfe75a62002,
77850bb15489499bb2660f5ec2c565bd,
d19c56d27b7a4462a0b145194ffad010,
aafe3426fd2942018a285a021f9f8c18,
5ed341e2763041e1b0c987fa61e0c9da,
a0c547bdcfb845d9bf3918f06f4120af,
7d79a0c8fd0e48f49451106e4f482e78,
43adb3652ad141b5821f8f7786c25320,
9d47705a229f4b0a8ebb9f8c2ba67902,
6e1cdd360813449880a6900198dea7fb,
9c3a0348bfac4b24b064357b9e63d16f,
702b8c9765184003beca5ddf6c9c4c3a,
e95fd15968c7482690a7c0e8d7646206,
e28faeeb6a2e4e1384a3979c59ca7025,
3eef027b67124fd3997dafcefbcc7865,
e8ce5af1b1404b158190114f6bf4f022,
5fb52384252c4959be0c9c54df88c827,
354d55812e274dae9392eb847ab9ad40,
25625c778e844df3a0458d2b8b1c740b,
ea2d150a9a0340a7aeb50cfd9681df5d,
541cb6aede69484893f668e800befef0,
7682a4a2646545bc9c6c09b13efd1c55,
8958bc42ab164a0983f1da0bc01a3420,
f31154eb8cd44dc9a89a0e5567c94145,
b01a1dd5613b4f779bd5bd8a6da7516f,
efc2e548f43f4b21ae8f68c9d95b14b7,
99d3dffc78c54911aa43588e5a46ab13,
100e20355c2b40eba5287a9c68f6217f,
718c1fd78c954fc3b7aa7da69c11155f,162000000.0000
6fadbbe47ca249f9b5f3638d1057382a,
df4571f9d1e6404cab27adf85d69e279,181000000.0000
0d0b19308494426cbe8a0305c1e5a1c5,204000000.0000
6f08ce48641e487ea91ef9a4c3c7c8f4,
8a739938ef134d5091fd6934899b4c82,
4438c425161a473fb706bbd856055f85,1898000000.0000
7d832fa2c86242b8a65db6f7abcc1797,
f2f57ffbe72b4e17acc6f729c3cb1031,232000000.0000
026303a6346c46f8b03e09b34e989da2,
55ea2ae4d0b744699570c7555532e4ed,
9471868090ad48edae0c9f09967ca2d8,
fd3507c6154047669902fea5cf7bcae5,
8a5c11fb164f4dfbaa819e76c2aa2916,
c3403d1324754ed9a77449789ee832fa,
c0dfffb4282148a2b978258555a72e1d,
cf1916a53187461489634bdc5570ff87,
10c748001d2f4a6d8072b5abc254340c,
0a7ac95ae58a49c895314fef3b70a7ec,2646000000.0000
88a3d517af804c17b5f25f3111c71949,1779000000.0000
3bc5f6ccfa634dea8e5641d1051ab023,
2214050b74ff46d49b8b544baccc839d,
9789656452e04be5b41457c4b84613a5,
8f41ec8ca6ff444cbe6bdb1cd663bb58,
b9c77f0b95b04aeaa6d8d11fd426526d,
0e4b228f0a28473383a8e4566b764811,
4fa8e7f4f2bb46bcb4470c1bf9779298,
e18c04e5e7664517b16e8ddc1442c869,1070000000.0000
5bc02f7ca70848a48ea0548a24ae9831,
5996febe8537494d84c845ba1136e820,
72d43e6eafc8495386b141f3893436f5,
224ddc86e7e6437dba84730c8347095a,
4d6fb2109e944acb99ecf1ee6cc06e86,
57fed76e3cfd47bdb389b650136d3c7d,
7935c22f79b84e1e894963d35d5b7796,
4a8aea34e99648aea2027a2ec901e513,
a4cb7a0547994807b1ecb53c7771ef30,
55c019cd09734ad2b87d037ccc441d88,
a592041be53648c3b8ace26f4a55175b,
d05fed3b23b744b48f5622173a142898,
109af57588b845c8a04e800366c88813,
b0da83e0159b446aa32eed9de28c2c1b,
2401126ee580490e9077d2c84b6762ee,
53125c35e8cb44a49d6bea7a33c804cc,208000000.0000
d3c874444d4b4afc8fb5fa233fada4a6,230000000.0000
e59a637253b04694b5b39a6f4d703105,
88a6ac6b36f0449bac4b22961d0d9f4a,
f2f1c009d1e6436887b8df73ab484d2c,
2f0ba03a777347c2b7660890d2229139,2146905000.0000
0312c55d5c3b4b96b31884305ea9ee21,
f6e7a65004144e81916a52a0708abefd,
24bd9291557c4e8fac172717f34819b2,
54b44ce620614b629d01ec3700747db8,
2f788391e93744b3993c4e3882a9ad17,248000000.0000
039ca5f0faf74226a3482cf689136d46,
cf4a52b3e06842c0bb66e581bc0284dc,
8ca9dd01e5004f46919bbb5fcbfd819d,
4745b2536f0c44fe897a9ded0a8bf6be,
bcd9884700704f47ab726cbf49c42fb5,234000000.0000
a85a3358a100432593d6012ee25364e4,
fa682c86477e4bcc88c68e7d529792a4,
0eab5634612a41d8a1ec1992e4f53f20,
0f596319b49c45caa781052694718aa8,
92359ba721d94fbab0f798da68c1a794,
84a277e024e44e5b825c4c1843643b3c,
3532c4845fa34662bb097f7bc0f0d25a,
0815cfa6841f44938ab5896647adafa5,
157c0b60d1ee4509a88e7b443c81a42f,
4f3d004a6ddf40dd8abca6bf8c37f811,
78d52d3088f748c3b199600975f7386f,
a5b278c49c5a4502868538b7f02af19a,
235b809202a44e75a4fc9b8d1e4cf790,
6dab753bea3243e09a45e2b387528842,
28c89903f37f45abadecfc154f84908d,0.0000
df5c0d3a7867401d9495422633fbc08c,
dbd1b7efc3c04bff9a0e29e0eebe8a5d,
71fdbd603b5c42e09d32df4c3ba48c50,246000000.0000
3f7ef8a70c0b487e9c2534694ebb6053,269000000.0000
c9910143974e437c9ee62b0fca1d200f,191000000.0000
109831f0e1144880b831731a2aa17bfa,201800000.0000
7d43935ec59242829a3d1b0b0823ec70,
ce60f1a53dbf4c56ab7d911c0f1a2d33,221900000.0000
8eb9955752794d2b813c074f4c5c942f,
621a7173c7a14727a5e129c51d59aaa7,
b7047d226bab48dea0492b7b8210e864,
a9a5346bfdf94db08bf7b7e11309fd7f,
412bc93e467248ee991b328bca2f98bc,224700000.0000
17028785d69b4409a5d997c2e06d0302,217000000.0000
9b8ebee44a8d4e19833f718eb01ce95a,191000000.0000
27753378a0934984bc4908a6cecf34aa,
06671154cf254ec0831786c762d21e56,
7f348e7b03764abb84dc242c84fad25a,
135dce6ce1e84887a5e0b2383ffa56ae,
981d0e11fed448e3b7e488f727408502,
3bafe8007bd44c9ead18a3436aee5ea7,
ef6e79b8da4a44a88b3b5f4b42272603,
a0c00a21697445fcb39eca239ac1c0da,
efec064299fd47e9bad60cb0a6b270f7,
cf68532d2fc34547a0dae5ac8ffb6668,
8d52280d35934e01afbba875e659174a,195000000.0000
f7aca1e7294e4baba7527268cfabb5cb,3781000000.0000
3e8c4fddc7fa4631beba59f3be2a409b,
15f48b33f98a44bda36cb83a330d0e8b,194000000.0000
1d2976df77f14536bb9baae0c3336854,
0f40ebb927ce461d8b3f8345c5cd7895,189000000.0000
201c3367b0df4f45bb93752bfaa68ded,
7c2f8a6619f14b25b4fcc75b19b35ab4,
9dc09b1684094bb6a57982bbf9aff112,
6c5572691a4841c08c833ecbd49e9bbb,
c7216abcce4b4b4e8c62c1220ae96a3b,
ed9a297a88d34216bd396024f96ff556,
635f8c41138548f1875033f552b334f3,
c17f358f89124f278c707838ab1a504e,
5b4af2d0bdc94b1d8c8eed279a749a2c,
add7014e5b0c4041a19c95a5d39ac4cb,
8a2e15838f3c4b44b14ed46a1559d67c,
46fc42667367481ca41fc558005d6752,
8dc38b112c0644fc878c8e42490441bd,
16169a5aa8884529a63dd0ad9e0ccce7,2199208000.0000
dfe7823bee33460480d19053c37d546e,
72c3b432dfc74bd8af59e96457421bf1,
af783ef635e44828bad5bb5e70bdc354,
b9b689d3088145b393e703eea1b38600,
fddfa7d5b8e748c192195ea7b71d9d07,
b1910fbf92ae46b7a1737966e3aead20,
3d01a60a144946339e4cc7b2384799f2,188000000.0000
2d91341229b2483399a1e09e9276e8cb,
18eb5c9beea84e57a512d8bac3a17d83,
081dab794b4b41b5be3ecc2ddcea9f6e,
7f7cb0ae8a9844f78a3f67d9bb8d6b82,
fdad77f3a0d14177b20699eb9f93b76f,
805e1b7ea90247848ed93915ac41feec,
7f39ae2fa4bc4c5098c8b19c9b00b0aa,
14042570496d4c64919d23606190c8f2,
0db2ce7c450e4d5b8561bf4371582a24,
413880c625664cb492bcd9c07d1157fd,
aa053b9280444fe48b306f830ee3b49b,
9975090004064f5faabda20dfebbc1c9,
047a3b4e31cd4863afcd0b80adbcf3b8,
02c3df6f8c8844e5870591c252ff07f9,
0cf4ffe43be54b2591d417936157d930,
db7b377827b44906bc8803bc55e088c3,
70d81f9bdea5433095153ff1863c845c,
96d2b9ed47b04c10a33a6568a56cd72e,
061f0c556cda4b0eb794858d855271e6,
76eca248bef24c1fa4f05ca8cd124d88,
a0a49097ba214d819595177ae7efb06a,
11a0cf381f4e402ab104ec104ec1e33d,
f1421e4a983a4708a363d961c4ec8f07,
2dbf0132b21041d4ac226820d2b67c35,
225e39d5a2924d6589e20a65adc7d455,175000000.0000
f7a99f4770ff4cb0806acab943f15140,1881000000.0000
486d7491b49946ca99c9dc8488b8fed5,
9e23afc9ae584c2eb7eabb11f3f2f3ed,
50f629a4b09440d2b2b8f8ce313c0d4e,
34eff2b95450492eb5e81e9bfa5bb927,167000000.0000
e413b3645957447da01673053e3ba274,
c4d43d7caf9c49928c51993dd87588c9,
3accccb0ca0747fca8e1b6cf79fe1dd3,
6ccc205d57894e35bb9bfe63f2f62e79,
62d9215e586641dfa03eac4e3b9d8658,
96a7cc98b01d4cb481883b6510bbda59,
2b8dd59554b74eaf8fb675db6bf293d2,
967f1477646b4de6a300d5720c9e241a,
e4b469e26fbf42f8b700c52338586cf4,
93a04f3a7d3747f9b7901ac0d8c26603,
45ce6c95bf494ec988806178f3acf143,
46a4908aee66412499be0672dfe6bba0,
1a7ffc16ab55420d8615f7e42f7a8364,
d51376cb33024996935ac6b3bc17d8f1,168000000.0000
b3a85f76960540449589587673f92311,
84a84b0da69b4935968e9171c74d9e78,161000000.0000
fcfc865a2d034637a0407e8e9897b81a,
e66f0091b1a041adb56b81b54f814646,
813da0b7bd3c43bfb9f5b86323a9a4fc,
3b877d0c0844418182b41ae6efa0ca41,
7cc7fbcdd2f94d1b9570ec639b56ca17,
27455e98cfb54160a20dbc5a4d2aa107,
e2f0f380034b4750964a94434840b2b1,
4e4884ac7597489097bda51da6af76cb,
1f008bb462334cb19d5d2219cd77a046,
8e6cbd1e1f7c45a5bbdbe17d4ac33b1c,
86d93273d91b4f73b337162aa7f24784,
3b16c1a67a524351a303311d89bccb0e,160000000.0000
53291c493f3e42e18b2981d065909d54,1913000000.0000
bddcdacbd3d94817b04b9a760782ef3a,151000000.0000
c056287f61504ef6aed08bee9440cd7f,
195af27e9a454e60b374901d3b299d0e,160000000.0000
61bfc304483e4c67bbbba085c48dbbb6,
db08a9a5bbe049d89b24ceebab37573c,
b74e6f09a945417284193128b96b7421,
4b35fa1034cf4a3ca88175abff0e5e2b,
995067683fb14f7aaa59b48709fe393d,
48fe1a0d9de34d9aa24db31687a396ac,
ae271860bb4e41e281ea55ce9ebeda60,
890dfc7b9d75481b818b74aa7b04f2a4,
1f0645b9d36a46499852bc8fe59e8efa,
eb78e85e424d46439c948fb69c5994ab,
1426cf04658042029e543e42d98fae45,
648471da7aa94374857fb0f6fad6c25b,
5f3d3d45f3034dfca858fae9d24cd401,
37efb124b632458e9ba168ecb2ec63c0,
31c57961b9da4a05913497c49489cd0c,
5ef0b8306c564121aa8b5f0e16e7e364,
5eeb94c037bd4c2cac82e0de09d363eb,
329a74d9efa4429babeaef1ef1ea4a67,
ed3a962d31974333b7c2e3eb67a5eed9,
60019e36f5fe4aa09b492cf15edfacab,
ceb58edbd9dc4b0ba8a38942a9d0d0a8,
9b725278c0ec407693db02bca1ab6b29,163000000.0000
be5185b140b543499f4f0cb43a3ebb5f,
c8bf533a670445378bc21a1507c6f857,
1d0313a445cc436aa211d6eb427312c5,
bb9640f6d06545a6b2b790c205655799,158000000.0000
c2f986b6876a42b48ac26d2689d72e18,
0bf6cde5c61f43c0b4223fe8de44bbdc,155000000.0000
3ce8f6d603b443c99d9079e4f9fca13e,
655e4fe9e6ed4c9eb0342322f5a10ee2,1083000000.0000
be064fb439f44c43929c1eb13906c5c1,
bacc756c8e7940d0807e4b0ad22f1e42,
2a70ba1958224e87ad46a5ab621004f5,149000000.0000
2e7f453dba2c4b548b39ba8e5816ba57,
57bdc7823a3046b7af2bc54dc90084b3,3972821000.0000
9d632998a7b645ee8e66753ec1ae96fe,4431661000.0000
b9bfafeaecef4e91a17c192f317b61b3,4434237000.0000
efd3f0b8bc964f5491943f6daf247222,4460066000.0000
ca2c984e100a46b6ba8b06cfa5a93dfd,
ac67759564c245d88c167b69bfa3f01a,
817f898f17fe4c07a7fd75864f5e1158,
f6e487c92fec430d9024c9fd7f964eae,
c0540fc638d74f5db733d552687ef2b1,
01ee35c80c4a4a0f9f521c704039c19d,
2bd215d77a204b099cb822a38f932a34,
fef90cea58a3467e9fd937e4c9bf51c6,
5e40754496b14c4ca18ff3b9555e0a55,
c094d7718d39406a85b238ca439d1964,
d7704f6c741d479e8b2757a7ab2d0ff7,
f286c32a57e54a9592acddfb486aac9a,
a3236ce341504e00962ea642c319e1f0,10000000.0000
57d986d016cf491ea333e183f09476ba,
f7849ff887ad4265b0872c8a5c999d9b,
3aebccbb349946708527c9a298373561,
680d86176d2245ae9d6a47fb92f013f0,
a6f0100574c94a0bad5a57e9f09c8200,
242ecff8163349c0bd43664f8679c64f,
79d5192ad9f44a9b996d45fe1a608aa9,
8cce552a557549f29aa06aa0d4e49a58,
98a4a4f8467f4db1891cdc99677e8095,
4e7b77e2c996427ea3e1c53e145ca109,
0612e84a2c1f4c379f30e848215b3dc6,
863b46f99b7144d9a23205f76fe29590,
a5ce7a20b23d48fe97691b338f7d74fd,
542640168ee14472ba1fd77b5f9ab7f8,
8bf805b83e3542aba240c2195f2aacc2,
e7815883bdac4d84a667a6a4f2988bc8,
7895be09291e494a9f955048d53c7665,
4980e4227c4542e9b2ded267a44e2bdc,
d769c12f6db94d308fea25362254fb24,
21d65b19ab034571830286d33fa92524,
b3b3ecfe12a34b74bb975b3ddf0fd46a,
6428210c089a48278d3699a0dafe89e7,
059559236de344e28ce2dec6e50eae3a,
e296881f2ddd486aa1a92120a3ca72f6,
dfa2ce80f4074f6eaa7cb6d35bd151cf,
0e913ef68dea40a7b211c0eb2471a1a9,
84d345f50dd14543a2c2186076995d3f,
85a9b429352046c1ae3d2ae329603058,
428e88741aaf43fda487e8206c9f2645,
e61ef7b6b45840e1af16065c5913e8ed,
48bc5da041e94d089f994ff0bccda3c8,
0d05c577056d47758c5b0df0a268b604,
6114abbc8a8642d4aa55d8f01a4c0cb7,
d86b4e2453ab4c45b506b21f7a305a0d,
c357af11dd1d4ca18cbbe141435d7b9d,
0136c1e08a3d46d2b20a538bec8c2eb3,
abe89344ccaa4d1eaa4779b029865350,
140d5652d4c64be189ec0001670ad5c5,
12d1ae5ef4324e4ca3f768a8244d306b,
28ea89d92e33443598c1dd8ce5d6fdce,
900958747abd4da2aae0bde7a3a56916,
39524a7ae1484accbe7b56e09cc51615,
a5ba61af9d774309bb45b2f58a883fea,
6558bb1f4ff84c62923c8d44167697d7,
a4b85995ae4247d4b554961d0f58e873,
c0022393437c45a58b7622aa4791b082,
64fba348a2cc4180af7c62ccbefe8502,86740000.0000
a8a5189cd32c4d0fa1a0a3336ca9d839,
de3b0a1ce7d149c7aa5ded91948f19f8,
50c325d7fc7b4346ac9c4aa52786fc57,
7b0013276d7d4d6aa45800143a335b6c,737417000.0000
389136c9142c47468ca648d17ca4c22b,743944000.0000
30560166262b453ab5b5429c9c688e54,
08b19296046d4acfa41b8873b0a3f6d5,17152000.0000
3db5c41f5973434f83e3e95b81689090,13382000.0000
2d3b5ac4308e48db995dc3f331184318,14822000.0000
9fd18e8a742a4f64bf67afb7f2eb56f5,
7ba637bacbae4cb0a945edfe0a577333,
230fafe8e1d94cfaac92fd007946a9ef,
7ebae9727f6f4f3ca15f0d4054541898,1856000000.0000
c5fd7319078a462d98ad349118f33a9b,
88e6ba6992c0484b97132638786ba1a2,210000.0000
998cb7a414cd4727aa76cdeedd118503,
748de0053ddf4de38630c2b2a8eec1b2,
38ae4c87c7a04440b112cefab964431d,1835000000.0000
4a8ebc6d1954460d98797acd0906c9cf,
2d25e8a966ec4341b02c66ad405738a9,
fcee65f8d47d42ddaf141b4b438a03e2,69733000.0000
38f2ee67e73f4f0f9368b1b29b79f490,
3c0090a3f58647fd86ef09331ea9b700,
45e9ec38537547ab863a04556be13e61,
779376398b5f4fd2a14f60da719af02a,
ece1ee0fdbb04ad2bd7e36fb9c661e01,
9ef9bcb238094d32bed196aef40aca47,
fbe0712f4a2d4e36b8ca34d5c21d7377,
783c5c15764b40daacfa1f3bfca76a82,
17e3399eb39c43d6ad2007424bdba2b6,
dd3a1aa3edcb4e5ba43ad1f3bac74dbc,
20b040a55a0c46ee8f8548acf70fe0ef,
a1f1c3bce9b1481499a3818c24046c30,
fd7d62f7c8184f6cb40bda782429e1f2,878130000.0000
4e76c4e971b2425c832aa099afb9e689,
a524e37d071e4fb6a6e50301eeed2ead,2761000.0000
65003451859641e396102351e2376c0f,2934000.0000
9aa86c8061ee47ba90cc7993f43ae33b,
887a6e64c58f4982a8ca88da8d5c03a8,53853000.0000
90ea037fb1eb44d798fc88bac52f6df6,
2f327aac12404a11a7871446a05659e6,
94fe35e18fb148d8a8e4f8d340dd6e60,
75012f15791d42f9aef9abcf8ca63ad7,
0a2d62afefb0489ca62f66e78576f8f0,
4981712e50a0452d8eefe0544846afbf,
7285c48131eb4fe9ad3643c32be8125b,
b7afe6748211420fbc768ab4513e130a,
d794fec315c44da0a4d2d859dacce120,
f04e2336735f4f78a26794cefd984c23,
95932019a32f42e9998b75210f26a1df,
8969490fb28644b9bc17e5032cc0af3f,
90f04d6f04cd4307b88c73e578986072,
5e8f261d1a534dc6bea06b698609445c,
be45b71c28be459eadfe39bd5c903abc,
16371a9eb2744f889d13fefbea613adb,
d8ef7e0eb8ad417e863165ad704fc83b,
8dd23402a6fe44bbba5048ab1150cd2b,
2dd02fb5a7034bcd9ad402d13dc1cd65,85452000.0000
ce8d4a18b63641f68301547b774e8a80,
c54b38447cfa4c84bc014cf4dbee9e04,
549417f8f7e44abcb7e96939d7e338b9,3022000.0000
cac42e3955e3463488f75fb1abcf041f,
5bf2ad9cfe2e462386612a2b694b068c,2417000.0000
7ae0083738504c1aa1f48390f86c36e9,
e8b6a00020234e69a9414c5ceeb9b22c,1393000000.0000
d750606557c1459993081ba3986a1e8e,
8ed1f4019ee94b888a83ef80f49e2641,
c35b76b67a51492494b9b37d86426143,
849880f2f4c9413ca0d629c114bf8bb5,
89d3907d11134411bbe65d5fb9aeb688,
caa8ef3e01274697b83b13788afde6f7,
a6db4725c9d144c2aaa6d1ab423e67c6,
ec5f75446e3448f0b81d3a29330f91b7,
721c52f2a473434a83c99125325417ed,
578079d934714b2f852ea42560bc5aab,
fadd72e94d5a4a92829f8583331f083a,
fb60e4165186491aa82500b0bf0fdb66,
6546cff4299442bcb4af1d4fdfba884d,
81cdbd3e1aa647aab515d2505e227e0d,2500000.0000
ac16c076d0434c159ef1c34febebacd0,
5e1578fe02984926877c6e715b9352c3,85389000.0000
c692efb2b2434fba8a93690c7d5f6cd4,
b1d8469d74b0442db704e88905cdcd6b,
75d19b6030144797a17a6a0e17e0b531,
c4866edaec5c4277adbb3f4d23d7065c,
8ee99f9c51ab4da0b60be68d181a471b,
4ee8d2c8e1d348ccb0ae79e0eddd9839,
6995dc4d341d45a7b522db1ee8a801ae,
b79a6ed4193e44778cafbd8a4f8d504a,2500000.0000
10a740db11244f3ea9a4d5a21b878b7e,2800000.0000
a24906988e59455b819feb6468b277ff,
9848fe6411d64b02b3d132abcd8116e3,
ab1b7613b1274b9680d57d3b74960bdb,
40acc5510c2e40a2809e63bd4660efa8,
cee806ac65d945ddb640b86fd198235e,
296f834f7ace44ecba4ad27561a09c2b,
b2e65bd16ac84538b431f2ddae4f88ad,
884e0b36ed404bcbb82b614ccb95c664,86740000.0000
052ba52dd65f4a7bbb530a62d6dd4b2f,
3fbadcb9941e43e09a22f06c1acce5c9,1901000000.0000
e52ccec82ec64fc28a88f4ff198d1551,
19be72fb41d94f72a5016d184e5baba3,30772000.0000
a9f823ee365d4a7a9c46fb9fa23ee49b,2337931000.0000
03d5c8ece01c4099a93bccc0336191bc,
b6037eb829514b59bf150697b508c33a,
a299905427b240df802a7980474c7e68,
9667484dc3ad4a6d8000bb6e50f31e36,2035000000.0000
a098d4f988a24b349c543cdcdbe331c0,
100abcc894c24335bec66c8176c033d6,
34af2b1b68c4434289189e8863356afa,335000.0000
bf4fe27f9802412ab7a549f85c02def2,3719589000.0000
5e76b4d54d20488e9d2d05bb27b675c0,14725000.0000
9f7d7ac789bc4bf58e2966aecf2c1776,
f83d4266a5724c3186e26537be2a5eab,11434000.0000
253bf9822bcc4ed499dbd5adbbece26f,12066000.0000
eb1416756065472fbdacd1e007bef1e2,
0d3b006e3a414c528f9eaca3e4838e4e,
5f3cac228f6344e3a8f2ee833f0e50f4,
64a4c5b4ce9946a29259b76ddd1ffc68,
fb40201988cd480ebefbb883c0b18747,3000000.0000
0e3fb71c1c594585a426e102f1219e14,
aff58a178ca3488aa96ea85fa24c1e6a,
8d3608d6aab94c5a81546930abd00d1c,
d61fce7f54804a119bbfa149ee5b0eeb,
b1d78e15df8145d7a707b72814999e79,
0632947d5728437d8c46d0ff9980739b,
2bd4521047e1482cb2e402f72c0600d0,
edf61f5fe0dd4f3b813afd5ac9a59254,
929f5524fa6c4c698e2608106a012fc7,2096000000.0000
8ad955c56fea409585a8ccbb8eaf4c54,4273000000.0000
e3e745b6708d4e0c8ae06f05a864ace5,
13192e6e597f49bc97625b5874cef0b9,
b2deb767a6d546b9848ba1e1e10ede66,
ab75a3bb367c4383a3b53c4db4c92e87,
197cb22b6052499c946e5f89c736ec89,
56553756bf8743ab9551bbb398f6c0bd,
e7781f8aed5a47fdb49fe27726c12d03,
0ef6f18846614bd3a82fbfd5a948fc0e,
2c8502129505439cada6959f8e026739,
9ba25f9d300f495ea6ad5cb14ed294e6,
9146cbf4a2734a17843740016a82021a,
fa668ff741844b77ac0df449df0e351a,
8a0210bec460460ebcb0724ef0e4ae68,
5907f369baa54e4a830ddaef78a4b0bc,
c31c5143665d4856acb7982ac417c25b,
67134b4736d94d5cad5b246d5ae4119e,
18b91dab37274a47b9503953caed90ab,
8a703c1e26eb47d19beeff8c8aaf6e14,
ee7e4f84eeb94710b5245b8d9a8f05d8,
3d00ac6441cc40fda6325ccb112cfb34,
df38c5f2965641be8bf166efd66bafe3,
3a70b05db2af42eba0a27fd0ea5aa802,2500000.0000
de33f62640fa43e79bd0105138bc070a,
14cda47fbc2c49f38b2a065b6b68a5a9,
eda36687a9db4e64924ebd20b592a3e2,
f813b5d28e9f48d395bc9ad26c744206,
202b7380e8ee444bbb376386750ee402,
76b28326043c4293b05cb5c20e26289f,
eb5896a6932b4e399c34aa3064f305b4,
6d951eaa0c664d14ae42cbe5f338f8d7,
1978aee212064141a4acc1fc68e8098e,
5e6af09f4180477aacee6e857e8db553,1254000000.0000
7d2b35c182b8440bb7ee257095807513,
432c14a3ea30480d943f2bccf76f7257,
13bd6ea0b28442cd9c0c8f0b1c8dde9f,
3e5d470498f947d385c9c2adbb581b73,
0d61949259114784b750e426013630a6,
a177e43f0760446aad058a4314bf2c6c,
52a3f8d7798541fa8fea9b72dcef1693,
a7a1ce402f3641a88594efbea6e365ed,
99b55b1302e346debcf1450e0244ee27,
81bde29ad5624f9b99e67abb981005bc,
f9f2beade222477e98ca3b6432018fe9,
d4ab0ed465b24607b005730bf8c8dc5c,
1e8af76a282249a4a9955ace0c08b64f,
cc9222bf0238490e8a74156df83bb16b,
7d02c65ff54c4138be715ba4397628ea,
a6e6cacb5065434d9753a0f4d113a372,
76ad8597105842e39d404e4244e7ee5a,
0f21ae697b964d32bb6b9fec5df06456,
9617cf278b7a488bba0d852cc50908ef,
e1237279f2394ab7a0ba49dab4b1b8a1,
99c6616a167e4f41ba9b71eef534943b,
0f1187e92d62423ca3a720c10051cdc1,
ae9bf5695c694212869db5c718543c18,
5b13789a676a40d7ab545d33b078d4be,
80362691917c45ccad6fc3b40ce976f8,
ed625a5db354496bb9b80b7742a2629e,
dfdcec93a4bb4b4eb447c00f562593bd,
e62f21917cc34c9b94fdb862ebc94ca1,
9dc2fcb13bcf41dab1fd959b1237caa7,
26850fb59f7e477c8b583bfba11f716a,
126ca5dff88b474d9ad02f6e44ebf342,
ef4ff738b77741b5bc6df98fd1db86aa,56000000.0000
a1843363b9fa4ad297320d43c1eea9eb,
16884f0581704c5fae2725f6a67af6ad,
8002a10d69cd486e98f77f9d80de90a4,
a0cd574c0c684d369b82c492d8599786,
ca38e9844e9e429ba87350437500136a,
8b9d3c8bc9bf4eae895c1c58119c3905,
3fa94caea6eb495d90844597666ade20,
2921238bd6bc46008066536bcb29dee6,
31912f1fa8794958a90c7a70aad7379f,
a4c5b96edef544ae8954e718a737a591,
dee523ac28a54060a6a9b60f8aef996e,
283c5cc0dab441348f5bb68711a06ae4,
99524e6864fd4b778e18901c47673a72,
0cf03f398ef04cf4ac147c55850f5d36,
023fb99e35d540d3aded04eba942dd67,
cdcee79e8ac445b99973a05efbd530ec,
4813ec255b6341af8f1104103d2cac28,
48202701a43a417ea857cb0723ba9977,
0bda13e63f1a40549e5ce8b98f166ec8,
f9b7a667911141d3b4676b40b5857901,
5749d906322f4b3a8fc2de1e5f48f20a,
a4495b5d3c4e4b5a8b4ea30925ca239e,
5936d9f531194e7285f6f268aaf5c86a,
b472b491a0c04857933cff41eae39909,2300000.0000
9112d5a7cb6d43c8a3b0ee475599a674,
e2037032805945758472bb628758fc7c,
b408cb88c6964004bd4b1a4572758962,
48620d9cffba44e8844ddc1cf68bb4d0,
e9deecdea4cb4111a15b3dbd1c6c88a0,3000000.0000
73beb7cd365641c8a1066d907aef2859,2000000.0000
226c6d3f5154489cbdadd9b3d80eede1,
cea778941d6447938f3f711e8e4c0f20,
23ffc8d2607e4c129dce0588d6aaa0fd,
48feeb7fdb884615a903511af9fed0e1,
2b4adf327ce24351bc60db3548be1bcc,
cfec3c20c02f496eb97055ca10539da0,
f54181d2abf6452993b1f5aa9541f3c1,
588c2a7c2d7f4da9bad4eceaf1f837d0,11000000.0000
db841576e18344e2943807b692907311,
d3c852f16c394017b666790366c0e809,
9ac1d2b4e21641b78751ef37e43eae1b,
16c09656cf7a4638b2639eba988d9e2b,
2655fa27ed884702bf89b10482e6b532,
36457dc3dad544b4922316c9a3de8317,9000000.0000
48c50084d4fa44afb6fa518ff139b6f1,12000000.0000
f64ffeb2560543a493d343e77cd5aa19,
63b0daf177ed49bdb646a2836787a12a,
6d0c915a478744c59eacd2db53ba57f2,
340b6c7689ee403bb89ffa9f43600a7f,
63799d7b737548748251f89c1b8c40cf,
e45f9ed0f7a445b9985963474af9537b,
cdf6f5eb33a94a288ac9f9545cfce9c3,
afacb3b5076a4493ac597adbac40dc80,
43cfc87242e14df290df89d85c47b398,
fbfd3aca96e942e78bd07dccce2e5727,
0a11524a17b441029d20ebc97f017898,47900000.0000
60de9ee8a1ac42589c77ecd1649597c5,44300000.0000
4f79fc1cc8fd4aabad0913336759e2b7,44500000.0000
b73fcac659ca4777bff18dcef2f29dc3,43300000.0000
04b6a7f34a6e4745a74711f16a8acf72,
bfd11ff502da41c0b92bd5f621fa6369,
25ed722370d2455f80030383219e178a,
722ab1be9af94eed861ecbe367dee452,
eaa4e0f8095b4421b874c87c7c73d53b,
070222073afa468488421be61d9d263d,
a7e2f2c2c3ad4b0ab8b8a85cded43269,
c781b0ef003d4870834b9f152994cf66,
09b4bb61c5a24d60b63aaf8325ac2122,
79ffc0d111784f9ab8a3ba4e65e4bc08,
d31866825e6548c2a70bbd85771269ca,43300000.0000
dcd1f05939b54206b0b3e2be0d81ac11,
420e6a41164e4e5697ff1a53567cf930,
91009e23c0484f109858e42d67cb5cc1,
f5f7d23b91cc4823adc9fd7893b38024,
774d8534090d413e82331b6aa829baf7,
f784dc6003fb4162b0b2923da517bf48,
9de1bf5b72d3462abe9d9ab96a302735,
f33ab18d8f574f35850df70841d1bf4f,40200000.0000
7ed155fcc9f244e685a754cf613e14be,
e590e5e5207e4c109741bed2bcb2475c,
9311d8602cb6467ea463a3b5d07b80b5,
150f049a5995476d8665d76f29e2c5e0,
1e72d1f2d3b547a4a36d1147527f2c0f,
948212aefffe42f192c3a0b8b633bbfa,
a0f623de0f624187b8c2e9bea0130c55,
b261790cd6af4b33b44f038b5b4cde70,
210d631faa8b4e829a9cbb3c96f82f38,
89280f85a150444f9ae28c8558fa67fe,12000000.0000
ac6eaa6d578d4678a64d3cbbca6e7103,
0f95531ebdb347d58e9414ebd5d2f005,
982c3ea93da8418c9c8adb856fa847bc,
5414cf050e9e4cef85417c470dfeff97,
7af69814166e4a4b90f974533ddfb78b,
8faaf5ab03cc4b40b2300ad957c3d070,37800000.0000
478a6deb0d4f4bc0aec6a634344dde11,
d4ad360515a64e1da49aacaeeabf1bc7,
d8bfb732d970444bb634ad7615fe82ff,
fa5a4c659bb04cc1a80ded5770b862eb,
d24defa407cb449aac423df580e1ad09,
b5aa9648f0ef4896955217e32dd0166d,12000000.0000
d5c837670c7a4e85afa3106f85cd803d,
a8ce941ab0454993a66fb0de8c4f02e2,
6819bf2c16e4443dac5a036ffecb5fd5,
134bc10148314b8bbeb26872710db01f,
8209bed376e34aeb948cf29e13567a05,10000000.0000
e3954178964b4b689d0b5130b0c9bb30,10000000.0000
a5222b1babd7411f9c40b4bbb6e250e1,
423b9938060642fdb377856782283108,
730db13b10554637858ee75f9ce9f18b,
c1d20cb292c74d0298545094293403ea,
4bf9b9196d534d5d9b43160e37815fa4,
7758d546fd264ec586ee401611e20356,
aa5b188d69154811aa4a73ee9cfc1840,
89c77de1b2cd4473b991eab233c36d60,
5781e01006d8461894690aa8123754d5,
4f617d13187d4cfc851c06c3ef663042,
810bb5b94283485592300426f9aed388,
9eae893c5e004ec98fe093a329903cb4,
1f517782f2dc49199a7add81f0d90dd7,
e1ee6f2494ba4439a3dfdf5085cdc45c,2000000.0000
9291b55fc020406ca561056cc4dad9b4,2444000000.0000
a4e5793f607442208ca09d9afb392cca,
7adda6f6d5bf46819a494f38dc317461,
1c1a7bb6795e4cb7b46d086c9c524537,
c8ee51cc26e74f22958d2407738ac5a7,
fa89c8ee7c3e429ca2f2db4c14383a31,
209e96c63b6c4ecb867186dcd7e7594e,
727f36bec2aa4199a15c09e3b616bded,
25ac62c8c5ba42b4b194e280f48e4992,
73d72b6db111438cb809da806e4f6957,
a418961f640245a2a28fa676de069685,
fc17fc3b0fd74ddb870897829f0419ea,
3bd398e36aee441e84fe5b76ae793811,9000000.0000
6e6cc5598a754d3f8d7df9814441fd35,
9ba829ec7fdf4fa6ab9446396702bed2,1531000000.0000
0ab017ece988460ba04b3213ad9775f9,
b730b8ec22ef4343aa10c91c9cf4b625,
97d8dd8db5ae4ce7b839b9ff0554c0d1,
bb3f95c56829497789ea65d65a10763b,
fc4ef3f1bd294ccf9f49d6b4194a3760,
a13a7e6326b94bb094d0157782add04e,
601f24756e72481ab902524c6ddd8b17,2566208000.0000
d4f2585c9fc64284be93f1e98aed2b5f,
684def2123f1452aaf75f5eedcdb2a7c,1531000000.0000
1646adef717c4987b80b69f688edcb40,1023000000.0000
b973b43c4f8e44d1bfe578edd24853f4,
9d774c77d06a4670913045dc350d2e00,
a52be35464ad470bba0f346f3829bc55,
cc24838a375a49548c16e7bdfa315173,
701008e7d06246288c5f3efe1380674c,160700000.0000
eaf612459df5400f8087d1acaa6cfbff,
ac6a08643cc643708ab447400fed8fa0,
7e54dd336140416baf824adffcf1f8c4,
23c7122d552d40aba6bdef2a858404fc,7000000.0000
d8fda5ffba654360bc9078572a92fb34,5000000.0000
f7d3837a53ef472c83c635331595bf13,
e9ff8ba836604b9d83ba5c34db68d907,
f8b44bde04724b56b154eab0315b01fe,335000.0000
a2464449f78742ac90e20c5a2f12a4e7,
6a9415d4743f46c68b2b9fdbff61c267,2243000000.0000
86d010f2a44c4190bfc0f49e9703c87e,
05b48625a0e746b5953bd7d64fa4f5e9,
dfacf6fd90fb47929de9ed619e619808,
7b9424832353436fa7f3e6e1ddec9428,
96b0ebc755f24a9b9cef2d69ae052568,
994fcdaeafdf4b1284c6fb863a336e5c,
4e47f4df42d14e968882aaaeea0e6a77,
1741d0c241ad41419a8699606eded2ef,
e760c3eac3e44419b60ff904b894e574,
7a4dbc3d45b145b88d0434592ed53a5f,
9686f3f388b84807b6467835b5721caa,
02bd29d69f414558a1da88ab1b560ea4,
d5d3c32478e7418e95a1a53feefda77d,
c49b9de5a6cb46889f0f35722aa81aa8,
efbd07a0a870441f96b9122788608773,
ec4b2f9983324068a0110a6653a0585f,
d67fe5054e624942b61737a4efce2901,9000000.0000
6420b1898f7142c88bff9fa545ebbf65,8182000000.0000
3151014023eb497d89544d71606d2fe3,8162000000.0000
c4c46aad72ca4d0ba43358e7d00db978,8115000000.0000
e0a790308ba1457ba48558ef2881b544,10086000000.0000
594d2a50c326461498b45f5994f9ba1d,10415000000.0000
13de16d0a06e4924bfde2f50308775c7,10295000000.0000
164015db3950442e9247ea96d46f59d3,
1a934fbdc80c41729ad5a92cc87147a0,11410000000.0000
6c7de1cc1f7c4c13a36afec68ad66c69,184000000.0000
a04fa642b4674dc2823b0184fffea567,
4ab50bb0f00b4a1ba912e990eea4d3c8,
bbffebcd36134957b35e066e67c0c576,
cc9a395d42434ef8be76d97339b56de3,
59471e3d292c4a2884b9cf0d861d9554,
115958b9629a4bc5b501c39538c49469,
d0dba32486e0425db9c2fa032e27c4af,
7297bdf67bf84738a205b9d2bf9ba0a2,
b47320d6ee00406ba3c9567afa68b9fb,
f1f5ad82628945fc9e0545d6e19b0b48,
8797003890ac43c98a0f0bb74066e763,
ca3d62685f814e07a688d57e3b9a1927,
0b01e8655ee0438ba5910613b3a690ec,
08e7286e0c124985afe7382753125259,
254012a57238497089f59abaf70d9920,
67fc08bceb4c4bfd91f13b2c2824d4e0,
59c0d69763a44d79802b7ab1bc25b5b5,
1ed5df110753404ab7b293766a9be4f5,977000000.0000
723becfe3fb84869ba44fe3576f735ac,
6b57f4fba9d64c7c810474743bcee676,
6591f16a6f954418ba3b590e5f9a50d1,
70cc82fb34f34690909ab59d9305737d,
e1306d2d3900468c8c3772040227a727,
3a94b6e0e9c34371a0cd162e87e16025,
6c761e896a72442895433cc79d4ce6d4,972000000.0000
bcc68b942ae74f1a95949b50a2acf900,493000000.0000
3e652a7196e745f1bf3390cbb90ac81a,
ea0a26760341411d8cdc2e08266efa33,
87ea02c731de4b4b81fc64b335ac88da,
e0980230771c43cf9cc46e2fc07c7eee,
90547cce929c4c4980ff1b90207515f3,929000000.0000
e230ee704ca14b8caffa549db22e9ed2,
e8f737d6fdf84411969ca4305a438f24,
3d447a3b744c40858fb3d4ff8de448f5,
5830a2fca75a4026b5feb6a635ceac61,
2fc787f1257c447eb28456181fe201cd,
21d56465abff4c4a9db0cfc6821e8cf2,
ed27fa703ccf4cd2818324d1b971d387,924000000.0000
fd3128fe3e814c3ea4a70f722971181a,
17c265805571435ab54086ba59a7e676,
3ab0caadfba84ecea635240c4394b130,
9f7b2ef73d5a423a8c80980aaeefddc1,
0f395df2ebb44d84a6800641be5e8bed,
8cb7b6752b64477786335940370cd0c8,
c25979d3041343d6a619e2b388e897ac,
964d7cd1047740d689a5d8675541a426,
63e7bb7272fc4864af97031662af03f2,
f417050dda3a4f85b20373e12130a080,
7b628909c4104dc98beb40ae92e37cb2,
59183bfbbbdb494592e8f014592b5df0,
ba29a02986eb4493b09dae1270f273c7,
78dfdc66566e4870b99009d4fd7958c6,
827d242c67ce4e6d9890783cb89a852d,
5c8d408b67224d50933403f94405d439,
fbb0317815274ce09ba4b8c80777284a,
281a81232e9d41df967ae248c81526be,
8bd682e0c65f4cd4821b4c10540386f5,
981caefc920b40f2969a8e4f48cff6ec,475175000.0000
b135dcb8028349b4b0e790c904e140f0,
7cf9fdc413664ba08dbd9c49cea37865,
8a3a9a32efd54b689419bcc7f8db7e32,
70f447a541ec422db3e83e71fc4a3b80,
285cb3f5e7e74f148f8ee0282a4ec56b,
fcc457efa4c742ea97f1d72b6c765d6f,
5d973f34b4374e4b92ac54de555ff563,
0bd61c3e8cbc4f9ca27dd5c79016cf12,
62d65322ba144081a763cd5c4ff085ab,
799cbe511a6644cb838a8833eeb1ac4e,
6378c18cd3744dad8684b508bf980500,
380364a21e5f485580eff85051bf51f8,
8ccfdb48a77f4680bd8661b8468a6b78,
89a69d9f93a043dfa33d60eeeee700bb,
45c6327e3d934d25b4f742a91ad06dcf,
4199f2e2673443b1b973d3553cc1a60d,
5c4d187b1f4b4481aa5d615750559469,
fc7abf798695425bbc9f68fb57e0ef38,
981a0f2ff45846cf90d673c1c97d9c9c,
51fb2ff5fdd74fb8997561d5825f9326,0.0000
2209815bdd2c47b28d072c9cacbecd4c,
1865547af8294b0b94be07866126a96b,0.0000
a05f64a7cc874e45979366c3e51c2195,
cefa786780c34deb98bfd6d84a363dca,
0b9742ce9e8a4eb4b7f006a2167c9099,821000000.0000
986647d2268f47d68716ab1d4c0e021e,231399000.0000
d6447bf30e5e4f55af79d585b14ff47d,
4cd7791edaa2418e9a7b7412f97b199d,226445000.0000
da44b6b9bce44b3283f3e828d2a1af42,
13191715dae44360b0a106446c5335dc,
b7eadf624b8b46b397b8d9c75d007e28,
549f660672f14bee8819e25f2413fca8,
0b97eb4bcd1f400897bcb61447b2c6b1,3291233000.0000
2814515361fe4d3db9bc64ee92d1795e,182000000.0000
5dcdc78b8d6f401eb735351ee282a975,5147440000.0000
110515d3c59042348f1a835ebcb9cd0f,
4420add613d8452fa975311def667831,
e8144ee020844e3ba06d54c156ed0d05,
5abc3e82571a4facb9f915f2acec77c7,
8eb63a78e2a24ab58975e3f65374dab1,
582dc3162e144f979d00e8dfaa0762ed,
6015342959ae48eba47e2264f7e0c0f6,
82377c9d674c45638441231573de988f,
798fe0d6690f44078edeb0183dc76205,
b16c006b837643539da1465bd9d86619,182000000.0000
e5dffb4f690e4505a3ce2c4e7c6f0ce6,
4e2904c1091e4477a9b82c30ec927811,
e4212427ce3b44aaba397a0a097fc7ea,
d81580cf8e694c4d9c538e09d9655b04,
ba40f69aa5b04f82bcb844e546ab1bea,
a0345095736b4a3eae09d6ea11817069,
4c6dd12ab4224ad9b2df4cfb497da182,
bedbdfbd47af49d886fab5c09a489fa0,1775000000.0000
40264fa5e8e1402fa21b82ada477b33a,
53a9224f0d704d01affaeb1efc3944a6,
baf11888ff21423d8a2093a9304e0f5b,
85a55a97946f43bab89fea86c0061335,629900000.0000
5a72c158d2bd4721ac06388b9c728af3,
96b952fa64e54575b84871071b7f00ff,
790602e168c44f0c95d219c0af04ae48,
7df28ebf3ff141a9853e634d6e558701,
198efcd984d84cb0b29912388d9b5bba,
4dab532c0ec1494da2e4f251494828bc,
f8e6a5e8c82547e98a9a0d3ab9ba6477,
6fe1acb169b04de1acd5962c37180e0d,
e3b6cf53f619411792e3692e958278bc,
ad99093e887a44028306681738f18d45,541963000.0000
1a72390f68a14042abdb4985431c3111,
39cd00c287274bc190d84c8e459228f9,
81ec3c7500314903a39bb5aba8bbd120,
7f499a7067fd413db69c47ff13c59ae6,
9e4eeb94f03548228b72bfefeb749c9c,
c38a02e9849c4c229b1cb174b459e831,572700000.0000
86faf2b3ded84871916913aac9c95923,0.0000
ab876bc3ffe5467d9c53c0fb46930644,
183b3520b0bd41acac0ff6615a49c6c8,
a2df846a6d8849869ea8f3134859f6ad,
442bd30623dd49848bd4e21d96ee477c,
bf9dbf62e02e4bd8aa2d008f8e1b406a,
e87b6f1558c44df4bfc1b31b4276773f,
442f536728ec4bf3b9e2c1832c37dd76,
2dc443e7473b41a49742f12a28210009,
6dd646f1433a4e10a93c15cdb548e2b0,
fd2651f72a52441189641594b2dc2958,
eb64db8670fe4093bcbbe743bca103e3,
cd9675a1a55c47e1be715632f94d89e2,2360000000.0000
4a98e460f4d1468eba62c1c1016daeb1,
f065e7ebba7c434c965aa3d3a671960a,
facd6759a0f04f40a490792632c953fa,
00ba038dd4c44449a86470c2a79cc95c,
610d8eb6c3864e41867499fd4c8a6ae5,
4a3ef82df5ec4990a245e6b77ccff26e,
f037c9563cfe49e9bf8f532ea352c2f8,
7dee1f05784848d6a36cff9969a5ec32,
6d5375bab8e64d65b80d5defe615f8fd,
ea834b4a575b42428b5dcfbc2df9705a,
c364942983384f7185618da7d1032d5a,
a7de18e40614497c8561cf0dcdbdb65e,
b4bc9e1d1f304f379cdca4ed569b6bf3,
bf8160e9be454535bdff666f6fcb3805,10900000.0000
877dc517e0d7484293936b0123a30823,
2943988b436f4cfe88fbc7610a027d3b,
1a3e2e773a52482d85a8a186d31d1c52,
e0d3dec623054fa29ad2b14c930d38dc,
6e5e1a1e08d649ae8a41c6392bc2497a,
b5bed3a1cce2493ab47fbd3dc4161998,9700000.0000
a78038b726ea4f33aebe1ebf6795f5b8,
3d9dde81dc034569accf2eb7b00821b2,
6bee38b7b0914e85a75d90dac754b057,
974c31ee538c40de9b833a022d72103e,
8d223b46b99e4f11b958702e221bd7c2,
1c26ddb50c5a470883b35400c9d46259,
b8a06e049f9c4d2b9f10e3165405c0c8,
d2d8771ad2844ff6a626ebf0befc3564,
07ebf8c306164d9fbba8d2211c80b893,
54fb6bf8b8924016ada14853a7b7adfe,
0c7c90df9faa4eb5a6fac00ebeb120f9,
f601288b54254ba9b9f4f3eac8103c5a,
478653c01a4549eda5bf2937577ab4e7,
7c41b2014698405cb57743160c889990,373056000.0000
b4f4c7cc8f2e446cbefdba4978c819ee,494200000.0000
e3e5f7a5b5294593bd3f65ec3216b1fb,
8ea8a48de6a74c9ca44e0885b1100157,
7cdbcbf59e8f4e2cb7b9d8ab151eb342,
943fab5732f44fcb98cab268854c7862,
7c191bb70e0e4bce9716b97b67e9a5e2,587200000.0000
c2201769e5f742e98cbbb5ebbc5b385b,
c5e8717ca6ff4553a49d8bb29eaea420,
2eb13cae782b4b338312a9cb1597e807,12300000.0000
fcb869f4f46743a197375004239db8f0,
eee901780cc6433097fd4fda01326a62,
117efefbd6f1419ebbffa28a729b2539,
3b59863f3e5244b382131ee48d56d9fd,
0865d49174994daaa5b62b5279d1e3a6,
02db9779ceab44fd8611da0b837cd371,
0031e762f72844f49fee1514c829033d,1200000000.0000
2915bef9fa544549a210d57fe2a857f7,172000000.0000
3b5ab48cc6814d11bcfafcc9cd92a9c1,
2a4ff6f2ab584214b9ec9ba48f012fe1,
522032d3416b41b1bd1d1e953414310e,171000000.0000
41eac117a50340958bff4a4f446a1940,
4336a69db69e4c82818f6e02c928975f,
545961ac5eb64812881ce50e40670f11,
bbfb504452b04b5cb1018dd7d711d2e7,
21f07d9ec3864ede9a22c083af1e8502,
cbd63804d2b84e8380e3ffc8be176db1,
ff0f4e2022614dd2b71f0f56eec07f5f,
d1ee1be667084d7198744e5492fcf637,
4a1a1236dec340fa9ebaf1521d4b779c,14400000.0000
c4a6b140cd4b43f1819f84b41f8a2c78,
2b4d7ac6dc37447aa6074e29dc232934,
9fcb0e775e0544eba114b9792fed6f24,
109c81344d004247a82ca6e6a784310a,
ed8e83e6eb5348c583514f5ad501625d,
211bb86e523748bd8e9ea41aedfd3cfa,
6581d25dcdee482397c1ddbf25d86a91,
eaa178482fb7467f821f417536617f68,
068f7f586d98410cb1bdf11a14e48a06,
889bfac6efef42c5a8a97e666b442815,
1529aa4881e44d179303d588cd816e10,10000000.0000
b9438418747043e8aeb541888b736cb2,
6159977b08564b599f78f3a5d36fabfd,
111613dedd474c8bac2cdc7da8c54e0d,3269000000.0000
f1544647903342ba97b999d2a20afce9,
ce7b6289358947b299e91a079f307852,1044164000.0000
55c8965ff2c64d829cd2ae2e3dd0eabe,
8dd0737737b1461a9a6cced85a67bbc6,
7dce0145180b47dcb63c4a14aff616c6,
6b3ea20d41944c1bad282e15234902f7,
342b0c6963e74a129aff7ad3fc3ad93b,
dffb49d5ceb1402198973fade9d65fcc,
0ea498eb35cd4990809d41737b994bd5,
c35593074bff4d15b2fb89d5bee4bf49,
c78ff790dbbb4f18bfa9a0c4a4c7cd9e,
5c07ac29f6aa40909df1db2e5723485b,
5aba4926864e4dd6b4f2e41be93dfd8d,3320000000.0000
f2759cfdc0fe41f7a03cc76feed8bdbb,
bbdd1dc8565640a4925039ef496dea8f,
f8e8d4993e5a4b3199ab2d46be5b7224,
0b6c7f51db814777ad031ae837899282,397291000.0000
89d04baf4e544fc4b68d4a904a84fdec,455673000.0000
5dab4c7d06ef4a4f8f17cbd7dee50233,
ad26a9cafa5448f79e8162ad22c65394,
96ef16a607ac4e6286a7d3fb7f660575,
f80239585757497991346d9c4d005617,676746000.0000
65fef992fcf841cf974c753098351dfa,7736000000.0000
28bcde1d9d4c46fb81a8080f59c5d864,
6d0ff80b54a342b5b51a144cf3011aad,
514aadee62424822a79eaf3075476c95,
7e546e4eb9024638992b5b5c398b2bf9,362017000.0000
fa35627fd9714aae8c6b60ef9370650d,382284000.0000
ced7ea414c574e50a7f1199d2be7e05b,388475000.0000
1c6a4d79299743c889b9de0fde0e72fb,428665000.0000
4ff17d87a3574098936be1c8f432fcf5,
7fc023132c524e9f914d8e36ce68fe01,
16c5976110c84bc1ad1f20c73709f113,
3fd9c73e95364e5083f15b24b606a506,
a82cdafb58714fdf9722be1d76a60d5a,
2f815629c9f6455b82e48a946a7be017,
f2faeaf1a6e94b13ae3360139e1d6473,
b526d0ef931446f881422f2d9075a5c6,
fb2057ad9cef4596930341f62e5d4c08,
dd26bebda75546b5a307cd67bc86ae89,
5e1b7e4e7b4340c5b4f0e94b61a0b15e,
14b697f6627e484dbdaa913777156775,
07d5d1b648614c429cfca66ef4915a53,
09322dbf8e1944e0b3a08fee5bfb020c,
800c95f3e88546faa6aae8081607dd8b,
624127c9767249cd9b68ae4939c09927,
7112e165636d47cfabb61529ba1799c4,
70926945dfcc4a1fb2e7ed5ae3900001,
427fa4ec87a14dbaa40c6a1c576d9400,
1ba152ee1b824231b313d83f4d2f1d41,
ab0588f670344fd69bc4fa88c1196205,
62baa4b2ae764026874e076eacb66d49,
852a8a203e5341feae9ddc341317b533,
9e6f49851d654fb69f52858f6e41d3cc,
f4d68037835347ea963ebbc0f7dac675,
9081d8d8de7d4d04a5cfdc0c6d7ef513,
9305156b43c14ebea97efda38af284c2,
cfe9d0c31ec841e09fce74b5704f2981,
91bf09c7fe8e43b4a3ef8ac8e11d8d32,
a5a1fc33634d4aafb978f89b99bb48b0,
b5ea28ec5d5a4194b2631b7a6e3bae83,
0291a6a95c1040168d2239a0f7606e56,
b53de34ec74c4d2c92ff85e9f4bbb372,
48892e4b5312488bafbc425ac6c95917,
c897ce7d004647cf86a8948d4464449a,
7c0caa46a0134ccfafa5e1ad35647802,
38c32de176644ec88aa7164906009bdb,
06c6fece5da84413aaa264f8fa8910ef,
79cc728d141b45009cdbe065677afe15,531600000.0000
3ac09b50e29e48e2bf008abaed639184,
ad9cf23088d7469d967d8cc3ebe5aa55,
86f1cac48dd7439995daa6991b8842f7,
bb0e17cb1d4e45bf832b59db741a1ccb,
17fa66ee07784144a07dcef16b2d3da0,
37564e7a7b4646b38bd0452e81e200a1,
ec1538a61fcf48629f048df955beebab,
6353d10d76564d1089f1a2ccca4e516e,
81b6ecaf17574f1596137c8abdaa4549,
d1cbc17b6740483b8a030112b5be3fd3,
1acc2779c2154fc08824920d40e311ef,
189139919bd34849a2ba04e5bab6dfe6,
4241032beac34d398c7c886e7481f660,
d004e0f0fa9c4569a1a3332325fb2b41,
7a95d1c31c2046fa97f020be495b635f,
c573da357ef04f49859ae5f649ce1203,
bb7a22f4a01f412b9d29d3afb311ca70,
d5eb222500e44cfcb35a157807389de8,
c814f952e2dc403eaff0936d35525557,
ab12b5af7e04477f99ef46d24d31ce2f,
c04a6abbf69445bc8cd86877a86d7dd6,
c09feb7f42ec4f38b81aa0984d3fd540,
da34cc8c65904a50a932d640b93bce80,
815df182ca5e4185bf96f5b82ebc4e4b,
739ee751f4714f70be20eae2aae92da1,
53a115f6b2e24ecb82dd86f70f163136,
b07afe72f75f44eaa9ba6b8000efee30,1767000000.0000
b3043c99ef3545f5811f49cb809ca75d,
67f56ad43e3e4f59a7188a007edf9b7b,
08b4496a05824fc7bf0f589ba3d02712,
527a2ef5bdab4c50bea8b1ddfca709a9,
7fed0ec2ca88476397235ada12a05a74,
b7f4f363df89449c8b850f377732a0b9,
8d13331c13cd4a26b29e43b8140b0132,
20ec05f6f94c4835a839d1e29bc7decc,
fb6c829299da4df698a9f9548ab5ef1c,
8927f5b3d20a49d0987dbbe36dd36b5c,
a55d266dab4240819d2fb73cc425a148,
cedd38808fd746abbf0c2e4b16047a4e,
e44e0230a53b4f7ba5c02612e9fa45ea,
531597caf607498291f5fd52e3db5cc6,
024dde1689844f9aaaf5495196ac4001,
78cd23b78c184d93a4c21b72305ea9be,
2bed8aaa95344a48975a5135da9d312a,
5df3481b291e4bcb8c81cda39d02687c,
98a197d84595466591d0c0606d2488fc,
2732e15297db46f5b0d64d5598eb1562,
9e175613686e42a49cca9c9f6498d431,
f9030942c36e444ba2e45593a3f3aa4f,4313221000.0000
0f88bce47151468a9f07e09bfb029550,
35b789b7b101417bb3d388838e8ecea3,
0897ec9a290449b8bd4943965ae1f568,
a8683ae4be684539bfef8fd4ba71cc09,
ef7cf17712e84835b40c558754414b3b,
8362e15cbd224c77b0c8f4c9c861d483,
690de2bc712a4fadb15d715e0e58c850,
4a2fa6d9277a44fcb88eddea8170536d,
f323b2ebf6ce4d3293959b0bf194a6e6,
9a85b9c2b13745f798dfbd0156c3d0ed,
92ab5f77f9ad4899988b31eabaa514cf,
65af028b10b54f0da79be6c21e148905,
970cc6bad61743ec96383f61cf28c405,938558000.0000
14928276d2f243d7a6eeabc4ed4de509,14000000.0000
0ed86b295c764f8da2116cd3fba8fa9c,12000000.0000
e0d9c898c3f54466aaa7a7262759ecc7,14000000.0000
bf7f427559f640deac6bbbe146ee2d17,
384563c0b392472eba94cc3ac6c4ca0f,
f8c9961883ef42ba969e7d2b7f858080,
a8a5b3430db84a4bb67efdefd21c3cc5,
8ceb8bf501b74325acb0f47c06c99f7d,
6be92e22fc054250934c6fafdafa7786,
796317cd59db4756ae7672aa1806840e,
9f2f6faca1024287b055d233759bdddd,
59394e88dd3348fc9f24a15e2c3a9fef,1116222000.0000
a2ccca13b6f54d7b93b324f48ceeb551,
3961983512c94c6b81789ade8ad9c5f4,
b0cbb7e0e7884a17b3969eec8f132009,
4212a44cedf94b66bb40bf7dda743f57,
f9ef8ed614aa44378fd85da404c79773,
c9f5ad5b36ba48cc8250eb163e57d592,
fb38e08312f74920985762bef1899209,
aa36cb9ec391416cb3643c91b3e39117,
79b4fb7c94b64d3683b5d93a7948703f,
f4df85475d6f4be29f6dd924699b3c44,
96e45fcc422c4060b8879f83852a4c97,
d3913668341243f1b3cb7d0418c285cf,
0d7f606e09fd49d4b8e1e798c9a6a9a3,
6374e910c59d4ff4a3ac993b0deac2c8,
8a35206cfa214ffdb1f6207eb5d6effa,
689c5ee13ad34463985cd52193043d32,
2a4b1b045d3641ae955030a93f73fd4a,
bf939c31c33e4bacbaf55ff95fd26731,
8086babf09e64163a023f23b5db25034,
acdd65e7528b4732802df7b4fcb85457,
0e1cbed74e92491daca0a4c48d38dbd3,
dc0a4d60808e48318ef33e9d47c412b9,
a505c99a75034aa785eae2b355d04486,
c4dda8bb41a84ed4b73112707cde11e4,
84b2183a2db84d688b58347ed889cb18,
f2da919cff394407bd06683f1a83507d,
8aa0a37fa22b463f969ebe7b75dfee34,0.0000
4d7f6e9d0be94786b05ac48e56002b7e,380000000.0000
010143145a9144eb8589fc9a95410580,480000000.0000
25a6891821cf428b9ff141f9c0865d63,
0b33b9d6c06d478faafd2801fa56a8af,
f5bccb59f73c4064b0bae2ca7a75c787,14000000.0000
2240a2abd21147b289af01ddc3c13d17,
ad99ee85911d4a4b9130b6db28b16db7,
955dc469b4b640b68b55e59c02986548,14000000.0000
a0a8639e576e49059f742366a2c14753,987249000.0000
4e9521c95fe94068859670cdc1805a69,121483000.0000
3034a830c1234e159ecc49179828e94e,
d5f90508acfd43769a661d33bf642ce1,
32c76efd8c1441dcb1cc710cba685d53,
093b64417a4c4ca3a656c7b78619ada4,
7fcc85bba0a54829ad1f65d052493e42,
3b9f255c6c25492f9e191de4516ec298,
5d98f76e1ebb494fad2a37f740891fb1,
ae37223188514e1c97797ee5124a0dd3,12000000.0000
a8f6bcfc8b504a56b8d5bd42a3f22063,160700000.0000
2bd8a690db534944b23a547019e51b9e,2448000000.0000
95cbedf7a8544eea8fa6f073907ae049,
b49ae55f103746008b4c9a57d2ef1249,
18c2de6b38274d2d9a76f517fd851df8,1043365000.0000
9b701dd899bd4cc0894244a972d49e2c,
4de45c49a0fe4805815179a862e3f352,
18eb4986a50f4436bb830d2ffb99243a,
38769427d9614df3a6c9f54a9c399058,
c5c4db2a04b04add9c97fcd650d3bee6,
c03faf2bcb944a52850b53472e4d876d,
9432efe4c98e49d4a07d37ab08b20700,
3db17d2e37144d4a95e44bb6be70ede7,
0ff27fc571754eafac47ff0f9410c6ef,
55b4c8e1716d4a8cbec2b22cfc90fb19,
fab9a3d673d3496cbe89ace6c430acf9,
19be569e2ba647db8f20ac4529316f3c,
c522626f01e346f693ea92ebb7c8e761,
895f45c5e24f4138b86e92592492ef9e,
e3923045a20a43d184c3ffc88d98baa2,
40e51ee020d449429b5df8aafbae4bea,
0ecb29569a4549ff9a28b66b64907a31,1234000000.0000
de2adca84ba4439bb58d653c6da6b4f1,
fa3294d3309f476a8722f00e39a1508f,
ec402a800ddf4f1a80ccc8a678b783d8,
64dd1e87315c4b30ad83e70749ac544f,
070b3516631c44818f668e8399e26341,
6ca8c87ed7874be7bd62745966dd3ba5,
7855444246f544128cc39907a1f717c5,
fd2103096f4f4453a97dde2978040986,
a2a0d1601b6d42ac9eb2632640c25d45,
8c81cb1d87f64f93b26f440e72dcc4a5,
33b4727ba8a449cebdb0daee4ec7a29b,
c7c69eb8d236429884c7c161e0f100d3,
ac60f51b4a1e4ee48243cd2ebfe30396,
0409ede78ca34d208f36585b44099f7a,
db0fb3b538334b509f2c70730e7727cc,
a2453eca23304319a2c5529cd416ebb3,
83f86b1a81bc4dc49d3e0a011724bde6,
877b619e7ad3483197ee14afb7b5f74e,
42f83f7a263f4ad9bf1c96c7ba362f05,
1832f7b271dc4f338c2ef9877c0faff7,
a5a5763b4a744f35a5c0bf94c9e52734,
eaff3c24d33242d18e71e626b3e8962a,1663000000.0000
8e67d059101f43f481c91654d4344f67,
4a7e52c3f39e47aca64c2e2b0407d67b,
59ce1b373f7543e7b078ee60c12f0046,
4c7d6777462b441ba39f15eccb6adda6,
2ad71f2460984085935af0828d1f7ba5,
740be9b1a5a845289d226c9696be47ea,
af2139fcfdd04bb5b7572fde1e800248,
0e42130ec27e41c6ad8dfe5fb2d64273,4641996000.0000
70a8f8f6f10c4e5e9f7439eb9594ee19,
79729a1972014f688061283459b72b4f,
0ed5105ed124408d8ca2efd9972686c1,
c231eb7ca0b14b5b9e5599cefb37f346,
915a780571e44c40b72caa468dce352a,
1c7126bfd0574a739a8483b3f553f2f2,
3d5703a685514eb59142e404799d5308,
e5894a901f304ebfbe391c0680baf090,
7227a2a38c5f41c4893df59ece96a523,0.0000
455e1bbbe77e4d68a335d3cc096cd820,17700000000.0000
42e558079d27425d9266d4cb575a5d9d,1278000000.0000
2cd968d6afa84fb788574359fa9f2381,1293000000.0000
d0d673fbf81c41d0b6ebcac17509d6ee,49200000.0000
e7a6e3d8e9a64f5892d578e7a502fdb2,
6e17a874b44443a9bd4199f093649992,
d7837c2c9e1a42029cd4986ecb969ea0,
44dd9c8254fa40fa88221a2c8200a7d7,0.0000
7033ab1409af44bd90cc8cf8b9900234,1202000000.0000
5e48389b64904d50868bccaa4cc95063,
3f5a825fcf9a4def94ef71b9a7e16942,
dcd3f40b22564431aa11c883a66c1c57,1249000000.0000
71227b28ee2349e6a4ec6931a5a154a9,
8051a4e27bef40a885e5a0617bb15456,
b2a0cbd2e0c34a178a17919574f833c8,
c684c463de6744aab2e1bc1fac9060d8,
82d0cb2b49cd47aa9937e2f3e60fdedb,16800000.0000
651a995630394c2faf73fb5fbd8aa68d,230100000.0000
1fbfa9162ead4af2afb09333d2a0ef96,0.0000
321a7d80669648f18ca87c0e6645cb85,
e21bd06ca8384cd6857bd5978697bd5d,
354065e88a604e3a897556c2a7b6edaf,
a21c3bdb510a4f828413318ffaeefde0,242000000.0000
78f9517cbf0b4f1682e53b70adf0cb2f,1234000000.0000
462725dc3c224859b172f571a3f9f226,
617127a6f81d43959dc178f70888056f,785000000.0000
f22ac02b60a44dd7a8247a7662a6b240,
d842d2865c7546f190ed8e7174f80dcb,
3204b8baac5f40aebb2b4ab6c19930b2,
10e7a767e9e04f0a8c58bee7652b1bc0,
45ec469dc4364ba4a7cafa30f79a42ba,
8610857e0b094759a22ed652611d908e,
43ca79a8899d4c23bd7e4b53464f0263,
a67c68ed45b24cf78367729d5b20e277,
acc572d310984211acb1060a5b28d786,
ccbab6f0f6784f8fac769daab1823f74,
0b40086aff5c47e49342dd3e6cd8894f,
1de2c6eedf884c1799eaae1cce394085,
635b2277ee284e8b82fc7d2fde79f83e,
69ed07b5e6774a79b20d9e9691ea9842,
06b7947ef79347a2888b03c5c056e5c7,
75be5cf424814c8ebcb4318b53aa945c,
50f25c47a8b343b4a0992ef57fe5229d,
b11bcec6270448c9a3e44cfe0cac86e6,
78cff2a3792545ef88e1a8f13c3735a7,
e9db4c53f4f4432eb5981e5ba6985950,
1b3353aaa2b34c64bcf1574da4712d3b,
f1c5d2771255402899220291d9f4c33f,
6253de386a774287b16c6beebfc08625,
62df4ee217974460be10bf15aa9609e3,
79a2b8e706474cb19b25a817e8f40f90,
84ef103110c44ce3919d990c8d8a9bb3,
6388a21fbfa947088624a2e832712fba,
370cefde42dc4ff99c05ffa7abc0a31f,
dc71f8d305004522b19fb931fb1951ea,
9e425f270da643809a0360e8143e2f0b,
b51881a5c7f74a2ea5e8cb321f1f573a,
b93e35807b7c4232b3b7fc57657bbcfa,
86ce715a1eb64f67855e286b6995f63a,
2bc783df2248413cb6a3454d2ddd3a4b,
323d9e4bf8644fe0b4a0dc66909fd761,
9b0516f00c3e4aef996cf073071960d0,
aecce237978c43d69def50a43d993fe0,
a710cfec70ac428a8fd7fcc21ce67857,1609000000.0000
23ed646e00594c17abed3d8e7a6145ea,
3f2eb9066f3b4583a530b89cfaa4f35e,
26105ad20b9e4d18bca4cd0fe29ac04e,
4abd108164fe46e3899d07ccb0bee8cb,
d6a58f5958e24b0bbfd4c0eb235759b9,
c61e53bc19904e14aaa5fc09414e1b87,
bc33932d6eae437fb9c8a863e88a0c75,1600000000.0000
f28654b2bdfe41bfb3e24d77fbd70365,
f8d860c9dc8144f3a2898fc4099c3152,
61f1225123b047bebdd0d96be38d8503,
26b3075e114e4cb69e9d02dcc13ef6da,
6f33bdc7f4f94b708fce10a5631993bf,
af31f4a515f1471a818760b6496b0114,
9482f5e9a024452ab2a37e3627e8805c,138000000.0000
c9429bca61c54870a1e64de9f8972c71,
e5ab8b2999c740b0881be309c46224c7,
0bdfc013407b46afb6961fbe747f145b,1660000000.0000
83f4016e9c4e4a909ba23b47aefd2d2e,1669000000.0000
8f394566a7c14641ba50cd27f091cdbc,
a17c0928d5a24c12a306dfc15a38bd65,
6c9e2dd7976847b6a6ea274e3b8da670,
2f2bc80ccb9949568f292ae60904af85,
f332269d8951488ea62b988449777b77,
1caf8b1099c147ebbf6380f5371d61e3,
f09a1f4130634fdea9072aedc1fa8248,
f9c4a36837ca48b0a4dda4584315d93a,
336b617c225c458ab51add3bcb9cc090,
456b3ca43a1a4e0f92e49b5d19f688d5,
15a46ee4c98949ac8454377268c81fcd,
3f778ea1527a40dfafc6c006c9b2d355,
2f168f8741d2449a8bbd357e7096ea78,
34d69c071d8543c6afb023954be8707e,
5761e9742ee54d44bb64b26c1d413557,
c2e5089771044255bcbe2c7828a926e4,
5a78a0b7eabf49569cb2925015a9d375,
79dfd5796ca94f2fb230950c4ef8fb11,
3abb410031474b5394c49ba5a9ecf2ca,15800000.0000
74d4f22425974071accf3e47ff2e698c,19100000.0000
109f744645694956ac4e5e6c455e2677,
8f849d6529924782852e8261aff8cc09,
45a3cb40458f45a2bd4bff3089fd5c19,
7a0be877bfaf44ada58d3283164afe00,
473993474090459ca9d952c07ba233ef,
60fa161a58c5432cb281f60ca4ad83c8,
224c730eef2847d090df47b89bc6e347,
8e812258b1574c5ba6bbfa5083748e71,
cb74e3eb84364c288a9af2c6b95b8dfb,1557000000.0000
b6fda4c42b254f3f976248e844580bd6,
26307bf15e2a4b6389ab22f1c26e859b,
d8652d0560aa41b3b18dcfd28c8c562a,
8b28a12c1c864ab69d307941c0b439c7,
40df91f2b1894e41ba22555e0effc503,
41217196678f4b80a9122f190b3b2fe4,
13f3c23134734247a2fbf2298ef69cae,
08bfdc35fcc54a10b19165a1ec95f768,
e16364e760a34b7d9f8e41e983342dbd,
63dc45cde4b942778c6e83c0ac098254,
c25a47a90f7340678a05a793651b7c3f,
81a71f989313483d90c1a8c618f0883e,16800000.0000
16faf300e4a7442dbb3bf2ef96a606e6,
a6ef9722ba18413f964bbe6a71efbf81,
8e742e65ccc844628bb903f9a2a23794,
2b08338cac5a41ffa0edae3af4240806,
1aea2a07b84547b2961db31571dfe1fe,2099000000.0000
7271b650b0db42f587af2d99f0c85243,
a8264731089242299d684c14083f774c,
4a6b0fd951ae4c1ba34b7c6f80079bca,
e9198e7fd5ee439c9ec54881a0530551,
323fdf3ee0cb4272a5f5896ed6cd3101,
0c35b87d9e734131bddb42a09e6c1356,1080000000.0000
c2da110050cc44998155d09b672f46c8,
d75c0e2f98384b9991b99ef08641860b,
3838a2378e90426580a9f5ac012e0750,
b8aaede09c1442849b38df25a7bc4151,
5da48a91fd1948cc9a3e32abc9b91ff3,
9fba4ddab31c4d45bbbf7df7365375e7,
a34ffef07ad44580841859cde2ee3eea,
620644ab0213452f8dd437ec988af2d7,
d4f3858de78b4f2f99017a7cbe51b260,
437e076e1d0a49fb9105771bf6614e89,
588baf202e494c8ea7974b8ccd3c0427,
f9eb982a20074dd882717bcbfa80ee13,
f26be612b749450883b7283e585ac6f7,
df0488c866a149959a29bf12cb26008f,
d867fb85585344bd99ad50dcea93df6e,
8f861bf5333a498289878519f14f4a32,
b74366a759bd457681a5c485e17a694c,
d48ca4f5c1254f6ea5bb252f3ee1b4e1,
ffdaeb0b82e245cfb02986548faef1e4,
94e56d996517401997d9bbbcf2f1e8f2,
734ca377dd924b6a960a8e05249c7635,
8ebeb7df78dd4768a052c2d3dd866d49,1031806000.0000
53e969d5f7624ab4b9c166ffd7404751,
b275d9c8e17d417581a9a537e7713ef2,
aaead79329964f83978d6c4681a916ff,
0a96f013a59d41fa82ef00bb475f9982,
2263adde447145e294e647a778a2d11a,
49695007c485455e90b98f0dd3d2552c,
eed0f7e8e94a4ace96a45d4b6126c95a,
a3dc5ea3ef2447fba1d579699f257058,
8e75f9c7b071462295a8475a2747c517,
ca2ce7093b1741308c2b3393746b0c72,
1f24a40f503144d9bf494e9b5c641685,4766000000.0000
b7ef28dc9f2841a8adac226f6ff6219b,
7ee5d12024be4ba9b2fe172951d5c210,
e4e319c282b34ca5815c6043e0d97746,
cbbc2259fad543d4a7db55417f69105f,
dda4bdbc9c10433aac135a0721a92d01,
a610974ed4954b37add6a8f618550969,
a3047931f7bb47b09d38acd040e0ffd0,
2bbbfca2a43841198a11eb64c6fca109,
7bf27b7fee284bce8c2b93853d3abe0f,
19b9356896544d4aaeb6d167daa4195d,1046000000.0000
a5e286625d6b4aa4aded50f56ebf5024,
c8ce863d030e4c8c9e0ba5d1edbf44df,1103000000.0000
ea07ffdd50964bb5b4a95972bddfc69d,1161000000.0000
bd80c0502c8b45cfa553c95299aa17c0,527772000.0000
49fd9365fa3e4e0bbc509ac62146d146,193000000.0000
93646d237e8c4b02a2a7644d48d5e861,
326611858eb24b088fc35594ba3c1b6f,197000000.0000
17afb2f82bf0466c8b6769eb1d7a3295,218000000.0000
2d1eab8463694b3abc6961315b95d09d,227000000.0000
0064b2c0ca03476fbf027d5e90326963,
aac06a80c85a43c3a943c356ba033810,
b51209cbf4874c259016831921a46955,382000000.0000
cb5dd0fc8e394b1f94b96c10bdf4d43d,206000000.0000
559e735d07a4415f89438d5bee665704,
3ee241c0b8c24afd817d0e832a9fc995,
2a765b3efaab4e16ab3bdf6b935e2241,
0f5e5303840848f9b39c838296b2885a,
ff6f3849fb3e4f8bae7ab6e63dd8862f,
cf087df7c5844e4492c01127dd568193,
b2bda7524e7e4bbcbbbc6f68b7896a70,234000000.0000
853e1ee8efb34e1686e8a4ac1f90b168,264000000.0000
cf931bbbd351430dad6d19de7fd5d42e,299000000.0000
a446449264554407a13921f7c25a2910,
67a0ac2197534a08957adac6261a7a82,
e577adcded3f4a6c9420426d0c8df600,
4ea551debc7642399d4642ab49d559dc,
7ae0d4686ba140219b4e90d98b9122d3,
032efa7543f347a4a826a95710361d71,
48166b70ba3544d7a262f5dafa2c3431,
e9be96a670fe4b43abb2742729f48f98,
67f0f1d1fa054ece8e1900cae56e8fc1,
cd02409296044fbcb41b382cb8bc18ff,
f3534d97b153430481bbd760cff6c0e1,
7cd7a70e16dc413ab1ee83dc7cae7cdc,
61ae495e07354f98bc3d27287db4640f,
69d5ee9d7acc445ba3dd0da3a41767c3,
86ebbc4929f54044912a4bd02ee36290,
27f1aa8546d2485eb314fec8cc6c5d40,
290c8395eb3e44c5976b81df25cca7af,
df5b95b70c4848b2b330fe55d9dbf99c,
e1dffd4f89cd42b0a4f4f96cadd2b2f8,
29c927093dce44bba2e84afeaaf62543,
036f407a725b4fe2820dce25f5d85f3b,
c620309e9c8c4a25be3957d936512c76,
6bc267e7ea334c45a065b22b78435b9b,
d4c7c3a97e6d49d0a82c78b7ce98f084,
06187c108f1c4729928a1c44f8b4707f,
1e3175b6e1ed4d0a95c1c6ee41bc14c8,
cf533a40f93c47a899131cbf2c16922d,6101000000.0000
50185fda661b4c9bbefbb1a212ffedca,
e56563d945a44dda95dbe4987190bb0b,
5580a8be28d142189d8d4bc34df5b759,310000000.0000
ccf207a406db485282e933a1b986128d,321000000.0000
c9e0525c147345658588bcb1587a353d,327000000.0000
4ff79ddb0e94405fa6229d53b875f771,
2bd887b216a84e7bba62e5a1338c6789,
7428efc169174b6193f653f84da92f55,
48c10630e3384513bc0e81ec0e29f421,
6d991054cc354df395e8ae9fd6f74780,107000000.0000
067c370a114c4779b67a4649963e13d7,
608e98ae81b64c6ca723cb787031cbdd,
a23809cc13dd483283cc135457f8569b,570000000.0000
180101fce4ad4ed291633f0df00e7c32,
d45fdc3f4086484fb682fba1d3115bc2,
dfbc98d570c244fab7131903d79ea9c4,
cf772421bd61436888f02587cc920d06,
6e7033482aab460caa36b86a452de771,
1d57487b827542ec9200220cdcd24c3d,1423000000.0000
d397b85f7b0340939ce931a285b1ce37,6240000000.0000
77ab029382a345b2a4a0a5452c66e94b,
4aab0544f0234201b13820bd3fad813e,
9bbbaf54b6dd497ca13ff643556dabd8,6716000000.0000
8bb13b80586c40749298a5ce9893adf7,
a7f408b8d805413bbd82502ca4d46569,
dd97820b6929444bb50a847e458ed94e,
ee344c7fd01a4a83922d669fe7d2d7e4,
89f42942ff1940d6a6e241d2ab5fdcbd,543000000.0000
bfbf9ce4bf624e5a9a6c4d91b7783472,
031943d751424d979aad6cdee502839c,
ec3352dc94cf42ad903666ad066a9725,
72692fcd0cc646dcac39212140c36900,
2c94192f3aa944f09fb3a41fb29fa462,
884f46c8f2e243fb873d7477e77cc2d7,
42dbf2421a33449cb3a6f96006679972,
f0eca3edd43443fbb275ab6da45bd2ef,
909d1cf0e9924e4bbe77700fe11d8cfe,
d868875a994743f696da224a9ea087d7,
8cde168ea245448fae5e3ab507d16064,
d52ee28560c845508470e9febf6b0289,
32bc8f054a424e92acfc9a79c1568df1,
01645c5da7b74233a487715c8422649a,
26ef5448b74440468f405984985ad18e,
1290a81245b046d99c828781961cbaae,
4125de5f9e004a479902c052dff0f4b7,
92b2552d4b96410ba953ef67eeb01888,
361033eb9e604f35aba03414bb30ca7d,
ca2a3fdbab9b4ce59f9540a3e833b77c,
fce631dd4afe4fd2bc2dcd480b070c7d,
fb821a461ff54e6ca3727000593b67d9,
0af78b5cee7547c9b1f32e0489d9d07d,
73670ea2a4fe492f91794ffd05180cbb,
e38e874e28b748d6808ab9a6fc3f7d48,
675261a292ac42b0ba7b18db5c9a8e4c,
ba97ddaca6b0447485719829a7c5d866,
18f40987fe74400fb8fbef41fc1dbfd8,7827000000.0000
44b4c414d4b949bcbec5bf94ad652d8d,
8405e7ef2e09463382b82d5126c7acb8,
26d0456c7ecd4ea4b64bedf6b8bed0fb,
1a67995c35e14a95b076f35c5b5e5914,1261000000.0000
9a7eede6e0e34ee2800a22d9b43e1e5e,
a9fc9bc765fb46f9b90e018e22ce884a,
5c44216478004c40a0eda6533cbad624,
6995f8810a7945dfb0e4a560b32759f3,
8bc3257f2878447088f00185702ebaff,
1ffd0f7ecb4f44f7b3d6a71b59158ebb,
78a1a780808941d6853f37368494da62,
d225d0f7393a47f0a25c9558a1c9545e,
3214652235dd4651b5642ff92638e4a5,539000000.0000
a5944c0cd6314245a26b664e2a642847,559000000.0000
08a089e5d9d24312923cfaf17ca24c83,52000000.0000
0e7848cda3dd46e0a824b9b0d5387edf,90000000.0000
0199bc84bb1a47f38fffa838106b105b,101000000.0000
035d488cf494422daa99faf9f7d224e8,55000000.0000
c70878d45ed541bd92132f658237ae8c,84000000.0000
f00a43c0be8e4fb69bbf84e2906ffff5,112000000.0000
95b45fb6fbb847978b0223b130488066,
574b438660a64221866f0be9126a30c2,9499000000.0000
a3bac08442664fe19ab19dc364c0318f,
378e3e713dd34b1ea7f0f9cc42b23c44,
3500767ca3ab42ba888e508277cefda3,
a22816e51b654a8bb7fe01f14298e94e,
e7ae7fcc80ed4d4f800f2465a615d37a,
83724691b6554e209646c90ef1111ff3,
abae800726184b789bb86d2a0c3bf10b,
6f727f5c3a3e492b99c16a645bdacb7d,
742d41c1caa94f0090813abfd1dc9c72,
d0e535d65bd946a08d6dced89e8d0735,
3faf6e346edb4fcb914c07134c179590,
016706f704e74ddfaf06f3753d4c49d2,
4c6c161f19864dcf8f22596e3cf9546a,1857000000.0000
deb6ccf94a044b01a7a6b7c39cac159a,
180f24e59b1a47aaa1df0f592492fcd8,10483000000.0000
4ed05e8ef023440cb78a3afa4dcff37e,
990244e474944049870a8644ca90f7b9,
ab63293237a8448ebcda35c069d2cc5f,
a95be6b147434c27a2bd267902dc5fab,
7d971ea86d3f40bb8ea3442927be6b66,
d93c62ccce374a96a1cae9fac80c71c7,
f0cdbe873c0841b6b43463c8532c43cc,
ee295dc677eb457d8c4c0ad605f1f569,
ae342ec5c6b8414b936c335213b39c0e,66000000.0000
37930ea04fb94887b7fcaacb08e186f4,
214b0614a8de46e49e9c9f29d1e200c4,75000000.0000
2ca59fe1f2ad406dac58e105073d347e,
c071734890c041cc9eda876f63e3c300,
86527fdd0e414c74bdc8d5109b7ece61,
c79a8a25ce8d44f5b013c39c4f9477c5,
c417d342ad9f4ab39b7f00be65b2504a,
2b24eeddc1734dd4ba9b981fc8e34027,
77235c6c5ebf43929599d8ffa3f4f010,
feb3d2714c2f441ca670e47eca4d8aa4,
70557443527d417f8254726d674117fc,
1cb7d74b3ef842668cb9657752c5b99f,
c664051e95404ec098333ee8f92944d9,
dc8f1a2584e94c919762540b6b89b679,
6072ca713d9e4750857e24bda7018400,4251357000.0000
c0e533b3e48b44068e14c1914c25b2c6,
9780df1adbc74b1fbc8a5b7cd32b096a,
be7d8d7affc54dd394a51eba5c02de99,
8a7474a089834ed9a774b17ccc6bb0fe,
04180817cde44f82a2f0ae634bf1f584,
3d4de136072840b987599647160caf6e,
7b8e0bc6bede4ff884cdc6f6a4655180,
0bbd5f7b290649a8b4ae02d750df3e11,
cf2e727345cd47ba9728c90c1fca57ff,1410000000.0000
87727397612d4635a5fb018a6ede42c3,
f8a5f3370eee47399606eab365a4b5af,
e5bdd0937f69425f95a120befe737408,
da841f0e2c6543518461d1ebef702ff0,
e3401080e84d419794fcf81f68baacc9,
5d098ae94ac6436a9f987b53eb54b2c8,
0b0002b8fbe74b85bd22069f504e5e23,
35be0785701841eca3e2cd93e379d6bb,
b84c0e46318f432ab8d9d7480e837733,
03aec4f743ca418fa9507bb54b5d2594,
16019cfaab1047128a8c657f42abae28,16200000.0000
723eb860d00f415d98cdb9f16e28ffb1,
481248de847f49ec9cee3ec6a2c01c89,
d67ac0984933459ca2e11f2197c32f95,
dc2d0be7f8144d84b5f6ee12eb024ec0,
606eb60a01c946e5a0022550a3340ecd,
1207cbd0a42a4bb78e98c600fa51dde3,
d985c7c9b97948b8bb9d7870c3032be2,97000000.0000
f0629a070fec421ba7ae334fe7a7c786,
36e93c5e24864772805a5885eac261bb,
7ca906f27a18426b9883da1686cca43d,
bde734953e6a4210a468073b06778080,
2f266940833a437ab5f1d20155a7b409,
8af29664937f49cf84b421ec7c9f70c7,
ca83b0303ab94feeb7d827ce29d3721b,
4bc4a11129974567bea7fe4e8085b0e9,
3b5ad03bee0b42679c44166348cd11ce,
be9fabfbfec548388c2cd3c229e205e9,
d7f17ad746b047bbb297aef73d6a38a4,
e450af74891f48e68c4456c0f4deb1b3,
76ef1b78ff594a1bbe6912882dddc7e5,
ce69501e4ca449019fb9d15d917bc381,
6ecb3663da9f41b09948c3f4f7b0347c,
e16e88d55bf7456c8196163ecb939a8d,
5b2fa15e71b347908d88e6f88e962b24,69700000.0000
eba8724e7dcf472aab27b22e9277e52c,
60904dfe44514f009b3ead7a7d50cfda,13693000000.0000
49aabf8e6d49453bb66d1803f14e19ae,
19f77b0fc1304876802ab9483439c87e,
e704754ff02e420b9e67978f8b498cc6,
f29f01062d0649cc9519f5d72ce01fad,
3bd1cd32c40a494b818159558ac722e4,
3576ee16fcfb435d9cb5cf677cf17fdc,
2f0ece0d67944fbeba1444c33216b145,
dd888ae9e48045b2b55cb7c17788977c,
754f3f28dba743d89591b7b7f63422e3,
a6aab81e875b40a7ab6136164bdda7e9,
bdb1035215b9498885d8f4fbfbd41f3b,
cd68ae84668847428952c7347f464730,
7572bf38a0414eddbc2416c1f733bf02,69000000.0000
8589310d87534d76bd3b428248a03bee,
4366942bc3f048538a9082cc51e823e6,
a675a9334163419bac0a04976de9edf4,
5fb90c8dbf8f418ba1b59600a1d7c372,
6692cc9acf554426adad642f0b94277e,
d51951e69e3749ae8d86bd793e91f39f,
8b1882208a70485fa8afe4cbc16350a8,
d8abd796d11747f3a00dbb9d9f3fde5c,
e5937366ce0c4386b553e4c10ed0ce0c,
512b2a558f9e40618bba750b16ce9351,
53b443669691432989116dd5bdf1ce4c,
041e70eb94c44f8a9e08250a60863ab8,
cd297501ff034857b30533ab3d9b5db5,
45784115336d4df78b0a41de73f2028a,
3e8e533837bf47cf8589cf779e67e7cd,
ed1bbd2000c04d768ed7fe25acb789b6,
4b44620b80e74715b39ed93931b9262d,1336000000.0000
9d994ac75bca4be0a2d84ff59783bb04,
607d886c95024a38ab1ad94007d51793,
c60085e23b6749a8ab152ebf9a818590,
94f1dc0cd7914fdd899466b573de3dab,
a37d7b98903a4fd2bdc0f6d899194117,
45054b137e8546ea8b9ed08304836262,
b7aeb6da2dd14ef78db9e0b5a278da13,
8ef156cffb834e8e90b0e5ff778bccba,
1f95da0a1ec5489eaf74c463daf0bd59,
b4462c88731d4e058329c38e35da19a1,
5057b74f209547c7ab1581ad159d4f29,
8ed4ba42d6ac4468a13dc58e74187dae,171000000.0000
b473f127f5ed4700b218dbc42d9ae901,188000000.0000
062e0b02243d491485c06ebbf69af060,3446625000.0000
7600c216d74c463ead567890ea1849b0,
471fbcf4359342e5a66a323f62222df5,
0dd5a6c0b8dd471c8d3d8ba743b863d1,
9066411938da4e319b58050d5e48cefa,
519237819e4447969660bf86033c9ca1,
0cd45870192e4abda31b4419bca4f285,
a647714ec7f247d0a41fcf9d760f1f02,15109000000.0000
f9b79dc177ea430db4b1a364549760fb,
92e3415131e94045a9f084d00706cbb3,
1bb09b33e4834573bd093f484908e967,
9fd43554eab4492b8cb136a58231d22a,
f1dfda033ab74c9b8c0ea46854d5171f,
d5316f9c278c4792821b718af04ef04d,3418367000.0000
32b9cf99106a469695145309327d49a9,4503281000.0000
c9f587dafefb4a89a93d7068e0cd1782,
3e12d5107f124765b8fe8ee64fe3bb34,
456bb056412647b394b852ea8b3ca30e,
3981970f839e4948a7f21e00cb74e68e,
13442c5ac9db4fcf93b720ed75f25f59,
b3977461f7d744bcb7d6b28eff5456bb,
c6218e5298d04b8ab22a0510455dcd75,
3d02d7bf681d461a9dcbe5cf0bb0afe7,
7a230e72acbc4bd6aba53028049aef0f,
e3bb2a14e5f84c66a4369acfbe1aa5a2,4392132000.0000
dfb46585e4944ffabfbc216e07aaf443,4376686000.0000
65cf0131a32e4f3ebdd7a29f4fca795c,
69975cd563a84b79a996ceb2da307a0e,
12b243e3e9094485b0caa24f0df62eca,
edae24e42ac74a018d6dff51e96d25dc,
bcb3cce7edff45fab12532ccb41db737,9097000000.0000
d40c8533df194b9f9b69215a6f041b39,
bfc563be37ee4a27b57acddf65ae7747,
10a74cb0b91c41cf987a9e966a77d455,
d3d813153edd4edbb0798916c17f71e2,
c306d9c6e13e4c6ca8649729a4b2b3a9,
c2374b33b52c493db9500a2bc8dd27c6,183415000.0000
48c5ca88f97e4a7596d259eab5291906,188730000.0000
6abb585569b846cdab720b97956bcecf,
9c98ecd659854ed29987d5bd7d2226bc,
dbd143d9ca5d48a19abd3ccba048ae18,
b02c2ff928a3470c84d951524689ef4a,
ff5ef07c2d6348958bbcb2371bc42140,
aa8a75d0e8a444c28024a73fc111362c,
fe95bed1c71748d4b3f89875762d7917,
e3bb66c76f3442e987a09a82af0358af,
11af2f106ad94f81b9b56b7e833f536e,
a8839856de2d4271a500835b83a545bf,
d9e1ccacce1f4ecb9b7781a87cfa79f6,
c7bd5bed06d5407cb8f1413cecf339a6,
0fa545d79dfa423b98a012814e3ee6a6,
3f0a2cd47f4e4290b4252028f02308bf,
95c1e11d7eff4354ba49f69c845bd119,
c304f0c1966948c7b87ee46db41ccaef,4290134000.0000
708caae4bc00466bb8dd65bfd0fd4d23,
5fef53500f2d4d8d95b2f12b94c45c44,
bd1b9b6b6433497fa5abbfb6cf3a05c0,
cmrqon4cx00bpit4feyikv1ef,
cmrqon4cy00brit4f2hy6nwu6,
8e2aab85c8ef4f7bac0b12f1f7bc4408,187629000.0000
9a2793539fac4ceb9568ee59e316665b,31430000.0000
e83ab1a5eb564d64bc2ea0cb4af479f3,109000000.0000
37c2fd9e09be4f96ad32350178aa82b1,20796000.0000
335fdaf29dc844cc9650a7d302091d81,210000.0000
3514cbe091a4441e9fbd9a27f4bad2da,210000.0000
a7a008e723e84e72a5714ecf2873d11a,3860000.0000
e374176592b54c19bf95b376b0c71932,
e93c79f80a22467f9c420caa62a8e72e,3895367000.0000
05875f906f574c85a705d77b74966e41,
76afca802b52492bb76afdab2085e23d,
7585d50e49224dda9d5610166751ffd9,
efbca5a24cd84032820225d51619041a,
698b523693394845ab83ef9521ce7385,
cmrqon4d000btit4f9a09mo55,
0c26c02ab88d484eb3fae127d460c70d,
24f22e2fbebd4d04b7258081bb9079c2,4298171000.0000
e2b2e7ba04bf4642b8eace6d4ffd3174,
3942ff67d5ae4339a77551b901557d02,
6a2980e642ce4afc85efdede8f215028,
b344d0b5189a464d8c68da8a59d07831,
d3690315a9254201b846040ec8bda830,
a1c74b93da27463d97c76fa6b3c22f1f,
dab387483c3641619cb58dda254e32d6,4445091000.0000
1eb71f2f7db649b39f2fcfa0a5f7b1fd,335000.0000
0b917f220e074c61809a8fdccec76995,333000000.0000
0404164e90574070808bd436d1d8f07b,
b19a1692b21c431387b5be7295e78b53,
5adc4e92f0c64796aeab5e05a2cced19,220894000.0000
2f92fc6c0bd044d1a6b0fa4bc03016a6,
16138b2084d745a1837eccc00fa94938,234000000.0000
e5dbc2dfdfad47679ebaae7979a8c906,
93c6b857db4347b0af5aa911bce45b00,4612194000.0000
12fe5825710e4aa4804b378f969a5955,4625031000.0000
c3ffc51bbe6042809d54e315737c7c3b,
95e27aa5f6cd4c2681a37b4b388274ee,
e1b2f9fffabd4781adb6db33ad6a12a0,
fbdfc164842d443483d000db8a3d8483,
4c988ec63524439e80ff27dad9325512,
fad987b0c07a4c6982c47836a9b6d533,
e44b96acd14347cd8bf7646d6e273479,
469659abb55b4d1b892c276082c1b1c6,
978b3a4734ac4467a7f7e7c256172b28,
c9fc04de07e34efb8200c986e7240edb,158000000.0000
33a16b705cb842c997a7915d1511bb16,
e3d9a36f27f644519bdf0458b8a096a0,
5ac3a2af071447858a198dfded79e963,
25335c21cb984fedb6a7c5f1ae55d42e,
10c7c200d40441beb52e60634e9b5163,
f367d82dc30f48188e3ac68868fbaf28,
2ae0bb56c2b143d8b2923e298d30bb5b,
57eefcc3c1e64362be0148680334b749,
2fee873489e647de9db7bc43732f5259,
f7cfbaf7e6fe478fbae74ec7a56328cc,9487000000.0000
c38aa1832f6940588c339c97b1c9857b,
4b176369874d43c0812c365e5d63e6ea,
740171ede86c4357b0b3adb65576522e,
bc78885979904d4887d35c63ef485088,
65d4be8674ac4ea196b8b86538376b73,
a605d58b32304dbcb123cfb3f98d4e6f,
1ed4496ad7f7443cb9ae69854888c2d6,4576568000.0000
ee249ee239e544a589808d7c6788be17,
c446631fe9c946ecb51115b6b0b92049,
af81c4d4b5ab447b9b2491b9a61a3897,
5b8e5f69a064414cb38c144cd0cdda9f,247000000.0000
413fe93a9f98478c90a8c245a4b6d1c3,
90599152ca274018bf757c61c3600e00,
92514b5a9cf64d89920b104626be492e,
0b568eeb3ebb458985fe37fc9cba3f5a,
883e05aafd4d48adbbf7a7e968c82786,
f7318845736447e8b6e309eeb7b35dce,
aee8d4052cbd4bc5bd6e54158c9ecbf5,23100000.0000
0b26d7346f014dd2ade27bf6a538425d,
9bb5084346a84e4ca034d4d2a61ac69d,
4a7e18cedf454596bdbc92d397d5bbb6,
43143d90f48a4f43b720c0d8b5010cbc,9155000000.0000
f02434ad64e34aaf83d3f0a762c28e1f,4606465000.0000
7910653ca3f24febb2eb66c7b2bc79fd,4608228000.0000
a6041a20753c47d4a449aaee7278bc45,
6e2fab6c62b04802b8ac5e2c397636d0,71000000.0000
ad9d49a8188142f49f000233da085c7f,
1d3e5030fb1b4f7d81ea4b03275905cf,
a8ddecde2baa48dc834c54a3f9b255f5,
0f7cb1c7af874071a99e9825d5fa3819,
b2792a8ba4fa4353bfd4cbb297559430,
94adb318cc824b6db63ba1aa679b3040,
815406c2450c4fab8b2eb00e6ef26bc1,
86802fe0ebee45c29c64287f38335f2e,1855000000.0000
1169ef51d6784b7aae077f6244415c46,
58fa093f74714a0abf19f12e298e0fcc,
dd8f4c786ebb4ffcba4afb6febf64f91,
46aa2b1aeb9c4db5bfa0075451ea7c83,
4421e8088e5f4b5babf6905bfc9807b6,
839568a5f95547a5b34299bbc426486b,
76a5162ee4334c7bbf6e265aca0a41ef,
735631a9ce0242ff8bb468244f1f7303,
811e134309734b1d86c53d18fab87028,
4c8feba6c5d84fb7823f8289b250dd5b,
aea7b07d6a464fc9b10ea05ed684ba97,
71bd595b93874971a8f434ad15b6039c,
27751d643995414d83324a5768f55f6b,
a4a87f61fb594fafb3a3e40b7715463f,
a2b22864a30e47bd9ecdd44283d749ff,
5d78628817b64828ba74b336f3d26ec9,
cf7c6859916c4f8ea0e7e5b65e6ffc92,
26941d6fd87f438eb7a4977096245077,
5bc49a2418d04f00a87b955ffbc89a15,717700000.0000
f3fcfc1c469c42ab9c8fbe665ebb9c54,
8cc9098acaf346fd98e95b8f56f0983a,
623d0a0b4b2c41efb90c9e734d501e85,
7df1d1b3bf3c4809908e917e1618fd38,
50577e63de1a4b838dfc50b0ee939bd1,1919000000.0000
c1625b70bfc0424b87e6195ff2bbb85b,
b2c778adb27449b0bcb668ed5ee7f5fb,
f30cfb14498249ba9d2df853ef161a20,
19cc8865f9a447208677620de17e32f9,
ed45fe0703dc4169b7c180e0bf91aeab,
fc8b11e39ab142c3b3e9a7ea8462d62d,467000000.0000
8b11f74957054372a7ea54b4235a1191,
19006eb039a9414a9ee585ca4254e6c3,
2be899ebe5a440e8aba9d1ec9df6b0e9,
3011e23e52f14db3a26e318af10f75a5,
5bff4a97ad9c4372ad10bda6b04941c7,
85ad07945d264aab9e4b2873426d61af,
249334da2ab44c639a6e9714bb016658,17152000.0000
2719a22a675c4228bba3e2d0392a6ba5,1895000000.0000
8978d7d5c15b49d1a2da64b6d781f3cc,1778000000.0000
0d1006c691bc422f845c2fff93227d34,1727000000.0000
454df7c9ecd446178e3536955e0f6bc4,
81aa760562374bf8b01022f319396940,
b1774c175f7f4ab081edec29cc888a21,1871000000.0000
a760acbafd784b13bc739311a56fdd21,1746000000.0000
1f5e61a3136c49a399a082d4c2822ac7,
3ee4c53e51a94498abc92413b5d55dc5,1802000000.0000
81339a119e2840bfb6869a20e862dd0c,1981000000.0000
0e4e4c196bd64b85888e7ed628a5016a,
4f75c0782a624ad785abd52fc065e9e6,
5858c8ff98474633b23d18de3289aa44,
e5e0668a0314413d9a135f2a08371c3a,
183885a5138648f08a274eb35a2a8973,1975000000.0000
66eba99919854870a946a8990e789e9a,1930000000.0000
2d5803d2e30d4190aeb5d17b42a1ade4,
11b1c5f511c24cf3a654e0c7e26d99f2,1979000000.0000
92f1a60309f34c10abb5edb2d2ac1f9f,1926000000.0000
2f38ca120ceb42798e8708979b79d082,1784000000.0000
84c3e6f3103c45348b41918db7e4e1bb,1743000000.0000
8805cce05b2d4987b01a753932e456a1,1734000000.0000
31ad20b1932f4fdeb6914f42cc75f83f,
05e59248e1b948dc8726c42688792de4,
e30c967c38644e38b8d241528a97d04a,
a9d6a1662e9d4a118108749ae4a5f091,1954000000.0000
72eef89cb6a149fcb755507f10ccb77d,177434000.0000
7f2ca290588c4b0094633d09a22e5812,
ab3653c8fb434134baa3b61adcdd6e94,173213000.0000
ae52fe71d3d94bb7a7910d83605ebc21,
af4d8961a52f43769f8f721b1397790d,
3ab63e1e2ca3490ca5af263df29cf31b,
dbd21aa2768a4247b8937e2f113f1a12,
76e7a23569b74cabb18f3354f6115412,
37252212e0f24544af6f7ef76c48756b,
08e0ad8c919041ed895de6b18d9cd0fa,
e0b3905d169c45aa884d22434321ed4e,
2a79dab28e2446c9ac3afcb32c08992b,72743000.0000
c8aa879dfac34ccf86559dea9eed97cc,
bbcc6be7789043eb8d04b1923e6d57fc,
2c103e2fdb2b4119a81f4d4925d4275c,
ddfaa4e154a04c36a71d15a3e4c8d60a,
7d83d6510865499e8c85d9b93d68ab5f,179000000.0000
3c92c84a17794433a862617e5c1b9bab,
4bc7ee110c03486098f20bcc3d9ee832,
104c0c592b434848946b9e55cc133c47,
7913d9ab62604e8b88462e76519cc209,
3916e19bf6784f5fbc7e56d223729d37,
6fd71e24892247389586f323ec42a1e3,182920000.0000
e01a3d39b1dd4943b6e5f0bf3b5b8b74,
7644ee3292cc4f739d9b59fae230ca75,
6104979812be45a39dc653a53ec3b896,
3bf391fb6be644db8128746e3fa2512c,
30363b70d667437ca44e323227ddafdc,
1f9636935e8f4598b41bae1fb9ea9507,
ea1d3d9c1b114ee18b3d52ada74d2963,
d4191ca1b8ce407c9847c1ece523e60e,
9705fc1ddceb44d89626ff1eaaef8243,
d80db0c504e748c4a931bf2f8c63b4d4,
9b07f1d9bb094cfa93544956044d2066,
e1576b4081fb4b429239d9e66b448def,
c4537a5bcdb642debfea5ca486f72384,
988765463cd149549e766a303419425f,
84387c9899d6408ea04d6a882f85d8d9,
b41783318c614d7191bc2e1a155a0dbe,
a82623e4939d48aab769e3a114f36403,281000000.0000
76532e2ee96743a3aee23ae6fdc7d98c,
e64e2a771f34496aac3af54fc911d6df,
d1c247d507314895a1eb64a6f6063ad2,
67d64339098b42c1b68ddf5e2025fe2f,
046041c88e1f49beb7d3e16f356d72c8,
b8fca4ee792c443998628021a6510ccc,
a46906438591453dbd6e4b6a3acf28e9,73529000.0000
b0c17bd9b36846f2b1ece0139c48aeff,
f33a329bb8224183ba2a01d3f4b6fc88,
35254a387f1142fcb2d9565cbb378c22,
5854ad43ae5449d8b6414e912116f481,73413000.0000
5626d1bf887c450b95f6905e11dc2df9,
2a750a02be7e4b6fbb36308a221f3569,
182133f25cd04f61be9f615fd7e79d4d,
ad6f1f82c0664e4cb94491490161aef7,
736671309f3b49b5918f3868be8e170b,
de5ce105c44a47bfb8a92166462a5d12,
3d07ff2458384d8d87dbeeb0f0e99f09,
0087f138e90944259c9fd1d8d592ea35,
f79f57711d4747cea8be20a91b96c542,
81c4e911c66f48bfa28936d2a2e202c2,
9f0f532980fd43b4881f76976ee5c954,
5cab497245794082b99acb57e439efee,
932ae3e1d9bf49f3be556cbe11cf4815,
b9c46a17049d4058b2cb5f939397aa17,
4128f4bd26c44be3b76a5fa191ee65ca,
56a9ca36a1204c95a5d9e300e0590477,
6d0f08c1ca6e4089bed0aae1cfd05552,
4324274ac3f04aecabbb011194daf973,
5108fecdb07d4e47a365171e9c172521,
58413329cce04497911fcc0625053412,
4193f05ec350471693b72c06660a1110,
76451b4846054070bd0e1b2b2ab6fcb6,
af343b9a82064c1ab96e9295e33da857,
18bc1fc5e59d4643a17c9df015c87eac,
7828884c8d244c5eb86b2b4ac5245e38,
ac27e2462383418b86b3c2a65227fa24,
267d7305af6a495e993bc9a0fea05212,
6c4f2b67f17047c19cd6c8a0f1d769c9,
b5574f33966449aa948c5d9b5af19789,
98cc42da7cbc4b52a68fc183e2a0f691,
c4a1a0ca7b61430cb28df640d61c6fd6,
c10a1919367d4201aa3a42d8285c5377,
2cbe0c04ce78473a8ba340d3165c25fd,
413b4030db0b4762a6a6d1dd6cc66330,
ffb23952759f4c55bd2990d562b4f0db,
9303fbc081c44c01989a3f6e36cbf848,
70ad9fc405a2479fa67a90d44c74eba7,81102000.0000
b2db2aa19033455baedf10e6b51d4bb1,176862000.0000
c0a8b258c05744639269689e8bf6b275,2000000.0000
74aad473a03040b6b256ae0b298e150a,
6371b56cdf24438aaf79b08d7df94072,
47eb08f3fdc64585bdc75509c889a051,
ac3538a6e0694bf28ed5f7083afbbcc4,
2cafad7a71e742ffbf83ca02d3bcb5a7,481000000.0000
1a117c7f47ed4b8e89298a18e33c0bb7,
eccb1c99f646494e926f54b6f180cc8d,
ea01ea42f332498e8aef35c8fa2624f4,69000000.0000
7e7c7b7c2ac245b8a972f4303365e8cd,62000000.0000
f3f8cfb3b4c941808bd16c2df9f2f3fb,229000000.0000
78d72dc143e847e18ce8c11194ed36fd,
ceea3c0578854ca1a72635f898e5082b,
d400fc12e3d4480083baf93be1775acb,61000000.0000
bf5764336a5c4284b829d2e119ae675e,
c97a484ff5b843d983d4934ba433d86b,
df8e4291c9e0471486f7272a8246ae54,
0f207c2a367f463d9ef105db60250ef2,
5310b166b621446e9e66b6d0af7f71bb,
e6c0b3467f814c5eb5f3b564041bd623,61400000.0000
d957dae3abef44c29a11225b953dd69f,
6c75e8102e234473becd2943d7758c26,
03a61f34dcff408f86d9522ecf41d236,
ffb1454f200f441188263476a2c4f717,
56ab10f8b7f845f3bc56a6945fb267bb,
554244351651491895cc88a0f157d33b,
bc11ab6d4696409b9ecad971cc497a30,
b9b9cacc83d543c580113be1c8d7f394,
3389753f6e084dadb5ed540a28260832,
36bf77ed012c48c29d003b1ef7490dcd,
63e400d8419a48f9b13c52c04124ce3e,75000000.0000
2def931da2064310ab815aadd2db94a6,55000000.0000
cbf0d1d4a4514265bdf2e9a6be0cd4f4,159000000.0000
419ebf684e0d423aacc49f3e3bd1075b,
9bcee3f92a7e48e08e3bc397e7628244,
15e9ef4eb7ce4f3ba35285d80754ee00,
2abc3dca15474e84afc02134b2ffdce9,
1b3d1cfd87dd4db0ab313da66a2b24ab,
0490dc4d93b74779b982d81fef7383be,
1deb4fd5b0f643179196d034e41e3191,
048428f181634531a294eff54d69974e,
3be80250aec642e0b8de39b9f3637c6a,
39b27e12ca2347fc9dea51a6e402b67e,
9351503bb03e4e29bd46d82a8e2769d4,
bab59f31401743b58b54aa12ec8757f6,
262ac3dd25f54febaf3e9fbaa69d8ee8,18700000.0000
7c8e3bed5ac147cfa74ca9f6015503c4,
9fcbd9cbe8304f5eaf09fbe977984d48,
084e71bdf08f48f0ae6eb21c988c0fa5,4592323000.0000
8d2cae0107fb4c6bbca6498d376cad99,
6e7a64b6c51f4e30869b7e0a511c91c7,
e1878c8ce068494cb1024c5a2c8ea0d2,21700000.0000
51b20682e27c48c582a04ea57b2807c5,
ca10d9d171564c77bdf60c4f31596ff4,
ef8f3c93d415450288f5b540c41601b1,
d4352666320b4e5495c83eba42e6967a,
e38ff5163c1c4672acc936f86d08a9d1,
1e0bf66910744970abb4ae128ebb60a2,
d687e084ddb84724a8e7fbc03d4c3d9b,
f33a85e449284c769f0c7a8594dd93ce,
62b83def05e341d0ba9ff14616bcc859,
e54ad4329d4b4dc6b7fb8edb64caccba,
60f901aa89a0422398e5e21c5d6df54d,
fdd240f3d67344209449cfbbbed52e86,
526965c118364b4a9acb2b89ebac9f8e,
b4725ff1b4a74c09a9394c530ca65404,
a8d957ef444141669ece051f2758969e,26000000.0000
2e5a4dd8e6674c47a0e686045c5ffa00,14000000.0000
e39f93324dbd4273953252ef7916f8b2,12000000.0000
b3585a293253457584cdee57ccddb661,
34bc4a140df44815bf27f5da7735d0f2,
1b0153d68f824476bbaccffedc41af65,
099830f8180648d7b19bf7b448c917f7,
d6064ee0672f4094ac2b4b20a68bd45f,
d209a99eccc74ec894ada64a7e7d6259,45000000.0000
4d034413bd814750bb4a9dfd2731fe17,
cf30a34d45974c38aca4b1b3e080565a,
dc7e702081f24fec96ee04618b9fb649,
ffc85f717489487090786e05e148717f,
37e3d1ff07034018bd5dd066dbaeefaf,
2a6fa6a179754ede862712510ac2430e,
b4b1fc886f22418db2c8919529a2b557,
b543a29ffcea4a81b8c88171d7eae9f1,
3827eca3859e4b669ed8a38d12291ec5,
2b60d616961c4cbd85f60ad9925e712d,
6740ab50d21f4bbfb7104304e21560e3,
65dbbb387f294bb9a79bb6201bc28d7b,
b9b5727b499243578e7682b41ada05ac,
cc7866f551ab48fea111251e2f5cc29f,
d1c6f6a79a76442f9e438a0b2441dfc6,
c776b16bca7f4482a6dee48e63445e20,
2e86a1fa135a47a990637f7241cda6d4,
406ed50586a743ee835d2f6b0d652fdc,
c41987895b7344ff97750b140c9dd716,52000000.0000
d5dba1a081d9432eae7d263b1ec63d9f,
b539a7beece641e9b2edddfe79c99c91,
44d0c23b792c470d9c8cbaa7f0c3400c,14000000.0000
a97ad69db4244805a7f9349e8c1c7326,
fdf845d8ab924d0e9aad97ca33a8cf50,
7685e58235444e6e9e5b7c48ca2016fb,13000000.0000
8709afe8937642cabe6ff98d2f5d50fb,
93434f3848f14c61b9dba713cfce87db,
9c47511437324c289fa08bdf974e3852,42000000.0000
fc15d589740544059e1819025c1cba4e,
463460009bdb40708a60d2380590ce3a,
dd137a1efc844447b17a8a3a9a3ce1eb,
1a0c9efc2f0c4f7bbd7c69ce91c226a2,
65f82f08015447ffb8997fa4d7deb8f0,
7aefdc2e0e9948baa6a895b90da640a8,
b8f57478ddd14043a0e050bc25232302,732792000.0000
7e7cecd6ce5241fbb970078dfc560db3,
ae6586528e2a4321b17fb717604e1e58,
60d331af92d2412bae49771d870f6d7a,12000000.0000
2bfd8c8e465e4d0bad2b6bcfe1723782,7000000.0000
8f2fc35dcf2141c0ab23723f29c53f9a,
7aa08667a15942e2841347d485558f0e,
7ac9d2f97ba34c96b7dc365b23459eb9,
b42d71394cce4053994b67b58783b40d,
9e3027ea0480429ea6d183470eba313c,
9fe5ea949ece464489edb61c3cefe8d9,183762000.0000
2d5fa299b8ae481d884022f728dd7c93,1936000000.0000
840cee56931c4e338787f0e40c8819fb,
b4fe34f4d8664b60af7c0a3ea5b16770,
20113f9e2903415d985d9cf35ecb4a8f,
56e7173b9d264136a57462789db39636,
d93189ecabdc43a599c161be23da6642,
10ad1eb76a014fe19b31c1c530208673,
b68044b49d744cdcafb658e7825477eb,
10d68a794c8240a5850b54952cf451ca,14000000.0000
2ed830fd318348c8a60ec874386bfad7,
92baa06974604ad0aa640b8f2782f1f3,
73a37d92c2224ab7b45fa6ab5b1678a1,0.0000
d9e901446fd64a5e9217b891ca79f062,
34b775ae83d54ddaaa34f38165d508a0,
490a4be183d3467685c05c3e7ec85a8b,
397a4776a3bd4ef7b114dae8eca517da,
639710c603d8430ca885e8acf44e75fb,40400000.0000
f3614736c6204520bf70b458882bd66e,
59ce65389873430e9a6cbdbc82187b4d,
e9b95efd84464bc4ab8622dc5090f616,
904e687205394993a9e6e078c7176b14,
fcbabe2913314c7ba2e47d8cad4ed014,
4d0f6ab11e1f47a391a371c893bbd50a,
2f2b93bf436d4c65b55b547166df7793,
a67076d27b274073b53dd1ffdae0af3e,12317000000.0000
e523df2e54bf47d5827bc7cac5731384,
bd4b6b726c8e435887412fcb0c61d140,
a4ad0532c2064ff6b3859d07976efc1a,
26d4cd4343694e958800cf159c24c24c,
8c956413068d43c1991a151a58f294d1,
de6de0f4f6bf4f7f82be6d512091d937,
9632620e2a7a4023b0241751f973307b,
1828ea7092a34d64b6b4004e6e7387be,
7fec32c334e44119a7aa85ba4cee5b44,
f233c5522dca43599794788a024b069e,
7c6556f117e24cb6b7f174c9e744e674,
d052f1b2df8547d29aa5b0b3131a4b9e,
7b16797b77304a50ad296a075c767cb7,10927000000.0000
85802d9375a04d0cb78d20db581317ca,
b67fa5405671404ba52a5729b466a60e,
107b6213215c49fda5798c460e99898d,
ea40653fe656483c9aed886e9853cf24,
7ca5f69057914005b8051a4dc107fe76,
4a414560d8844515b3ffbbca2ea4090e,
cbccfcabe8a04065b260759da8a8d9bd,1319000000.0000
e64b063c870f4d6fb47c3cac7c2e3f17,1141000000.0000
40aa817471f94e2ca661d7b00c2c4d30,
8e555bb2513d463d8d46e16c90805ae9,
3c9de3e24fe044d392b09684360e6b4e,11860000000.0000
a9420e7909b2490f95964c93615ddd49,
032565b1037248bc80f17a711648aa33,
58e39e20b7ba464fa29677310c621d76,
e4e618ab083a482dad2452f1d8a338e6,
70e8769b7e894b579b89faf8b7bec69a,
a57aa9bafc7d4435a31b7f88495aac59,
b3fb6b99aa7b47568345e4d99663949e,
d3560222d1124253b2821927a4b06889,
7d8d945ec4bd464b8c263eca659cd209,
86fd3b1199ef4a27a720f21c77620579,
5e3ee2691d124e21841c8aa0d9189985,43300000.0000
cafc9554184542af9ef7bc2dc0b0b9b2,
8f08d7a4b3af45d5b034350fd30fccdd,
f2782066314c4e5ca04cc592e98877c5,2466000.0000
080a4c46d6694e3eaba08020a359863b,
9048a0f944014664ad30962b614e3f58,
c04ad0a82674401f916db6261e601164,
d48804e4f4f24aa498a2b58b14217c62,
4db56fa565b042a6b615cc28e91232b2,
d02fa248489b434e8d7530989ab97414,
8431209a67c54e589449bced0bac64fb,6000000.0000
028f66ff2db142a18074c2c227493bde,1810000000.0000
9778bd5fab1c4bc0b40368e98ff22613,
af28b8e5e7084092bafd1d6030d6a7ee,12981000000.0000
5ff5d9dfde1f45e7b3fdbdf9b04c3183,
e618d66e2b194bedba8baab456b1f916,2500000.0000
60cf0a0fc7364943ae4d410d6964a7ba,
aaf0dd37b0c74483916c6d38422a036d,1667000000.0000
17b632d04282404f8dbf6f060e8a3a76,
1367b04c487745488230b98077292fc9,
8e9a0241b624473392ff1159e4856acb,
495d86df246943fd81343bd80aef4e95,
c54e4092c6bb4656b348183434398494,
b3c56d51d473431aa67502e1b9d37e64,
57a4f6eec342464b91fa9e21b016fd27,
98d5a4f99aad43c2b3cc667f06d64078,
8c311d0fab0a4041aa5dd0a1699ef04b,
448fe7f784544692a28f39eb8b19d201,
7cbfc158b64048578ddd5fcdeacb67fa,
427649cc80c244f890a7f896a917ec9c,
0ce818bc134b464a8ada9dce45ce0247,
e9bad98748bb408a89fb4be603e5edf0,
866d609a58674d4e8e91525304ec0fe8,
5721ac5c0524404f83528471acb95c07,
c51fe5ff9c27431388bbd99fa49baf64,
c2a1bfc7aab04a6f94c41e52cf6cc1e4,
c44cc4d7e52240139c0ef3ec2706078c,2300000.0000
abf85ea4bdb442ef82b8af7705cf7acc,
0ce865db319441a4af73ef6883c06da2,
1f842ad45c8f44a8988e1610a555fe04,
e508d01bd10e4ea2ac311a6945042cb8,
8706b9ea2434446f981057cacde94458,
95303e6d052a47b0bc5a58d65919cbf4,
f63a1aebad4a44ad8793a39ae2e7fc41,
7614b8725fd14875854f877c96dc966e,
f25755b3357e49bdb4c0a2aa574a3e67,
e68514a41bd34aafa5c9142ab30bfbfa,
edfd6bec92794e309a7d858a7fffd8cc,
1c838c5bdeb445479a5621a5ab2d5b97,
9d25360e26ea4c1bbed394db97521746,
dac0c6b8f7dc4c3b9df96031b9edc364,
1ad93e6ff3fe41778bed653d47db6339,
a4c83d3a31694cef94d182b56bd57919,
5613d683c119426fa2a6f6665dfcc3e8,
55d752c22db44db4a4206cb6b0fcc38a,
dc52e9184a074cf6bca4621fd7528185,
0f87522138694f8ebe48f8c195ea9c79,
c24411594ac94855b49475486380c776,1701000000.0000
b8866a5db8274dcaba4a5fcc6b273030,
d8857b3c59c74a72b6d690588838f5dc,
1bc1b534f14f42e8a4c3eb49fd6c834a,
1e85ade5412046ff852140e0d150d6e0,
50c02bcd15e1486f8a2ed9e5002af3f4,
e1f740545fdd401eb75c3449a06da01a,
37bdcd9635674183b42262be3e2048d4,
95ad71f193a54d23ae1cf437df47aa22,
84eda228335b48919cf3eb1d8ec481d5,
eb9883ea83c84ca9a1d1521de0763641,
579511cc66754d03bd6ea7415104dce8,826000000.0000
4d0ebdb3a9a04bb386326827b3f76ea7,
d2d23d6ada9d40478d3fd0b033404922,
9a9b4e9397e2497cad45b12bfa4e41eb,
0e60a5cae7274e9ea472c70fd661ef8a,
6d1751eec83c4df28720dfaccafc3d5d,
0e81e681d00746c098390b424c31f076,
0b8499c51d8f40fcb21d1e0bcc361508,
1c288da7043446369f94c1b70f77b3da,
7dd98ac0c85c43298c3e1bbfb51325de,
80536c8d4f534cb182b7b9122ebc4590,73365000.0000
d68a292bd94140f18bacf78f2b74ce32,
3e5c10c91e5a4de38115c22b6b7e7e7f,
b6eccc49ff6349d3a68b65319601e1be,
f8bf39d49ade4e03bf1fa9c4ad0c17e5,
a05b459a3d4d4dbcaf70ecf184f2f4d1,
9e07dc4184e54738a8afac9f07f15668,
c40315c62bd04267b76ba40e888cdddc,
52a12086ce994fc3b7c78708a27ef00e,
eb9adbb211a7412990987249d73ce48f,1576000000.0000
5069fa206c9c417ba1a52989bae8ef9b,
e95ba011572945d2bb6e901aa2ad7352,
4e88c452c8924f9c90bfcb57dc5c1968,
2be0bd9a2a434e0fa2402eedb7fe9490,
8f32a1e4a4f04b2da64d5bd4239542a0,
f4f88032bf9e44ad8e671eac2925bc1e,
e70b45c2ec7d4f28bc8b3942856e9f52,
8a501bc339804995ae03ab6b71266fdb,
86891902365549898aad5608cc963083,
8a2171aa0ca047b3b0f7991619c9e751,
0475008ee0244cb89b739f8884f96ceb,1141000000.0000
b960a7a6508f4760a5fa102403ca9bfd,
a75eac0ae89d4b128ff5ffead33c791e,
35437b7358604a19bdb5bcf96366af21,
b9f4b2b69e964b6fa82966b2462fe6a0,
501a97e8d61d41b99eeb92f39752f570,
4551755f5b664c3f888767a691d499bf,
722afe40901b4c288e770e02deb178f0,
7a0b711de32d42aa8ec54abd95337c95,
442151c9e70d42659da52c8cc5f36c37,
561d134f2c2f48859af38839165fe0a7,
dc97bcd9d5424e0082245e254f8061c1,
1a2a76f8276644b0b103174687626cdb,
a52c42bfc9a54263a2193743f2acf811,
f88f881fcfdc4363afb7f752c8fdcb5b,
7940d3e4e75b477c8f0d42e56d133665,
f512535f5136416eb84d2a0e167e4528,
61ce1f012188463ea5566436bd52cd6b,1665000000.0000
881754752ee94f209ef407f6735cb3c8,
5ab4f918936e4ba8899d162055cd6c92,
5dc57fb400e147e584765ef49e1be8e8,
b6b591d1fb484baba6a8a4c2d1536e4e,
0e89cb4b2a444456970f22ecc6670a48,
d979ed62864f45e29a38ab829ea65f9c,53853000.0000
58aba0cfbf614464b8b225afeb1b800f,
c52c8c69f6f84add9d471c2abbeb9d2a,
f6e281754d184748bf5ad90a35e24786,1320000000.0000
305043c1a1b8408a87e109a3fd86ff76,
dbc6cd3ddfb84c99b27ed26bbbc6f78b,
71d93e21ed9a4917a19dac33fa68b70c,
433a96d693f44076a4bd0974c824979c,
5029e3fdff924ec7b703ccaee51c7a06,
4ecf1f280ea244f59b082645c6d0e9cd,
c2cceb749b094696a675d78fc8c5a61b,
57f7c0a651fc4972b4cbd9ec16b69896,
d14766d824254d9f843ff67d40399fe5,
d52a143d982e486086f8235325c5cc7f,
1f6b99599a104772b754824322f171b4,
7225271fac7043f58c7c0934332943fc,
b63853f42a1d45cc8af087499eff5e88,
d8926c7cdd234178bad22ef10a654287,
aa3e5149effc4eb08329002b264334f3,
839a3e43e367407bb49b8cda08aad1ea,
72332b488f524caeac265614b7563884,
ff511719199a4e37a8d7a1b62f77a868,
8966e256f1144f2995de00370e6c025a,
e8b3ca6b1fd64668a68182ee8ef8d099,
50d0fecec94944dea5f5ee9bbe470a75,
abf161554b0742408cb3409590917a4d,
e232f3bea7c54d0b8cb35b057ffa850d,
f555315108e349c7b2c4946017cf17f5,
46a68931d1014d0ca4cc86d669fc0fbd,
8e51429cd0fd45a288e46b47d03d42ba,
b781727b5d2842a8976fe70ebb09a061,
aacda923fb2a4cd68052aceca99ddd95,
17f2f7771e574a4f8e7d08135ddbd203,
503ee1b0b3254836851912df8ab3c4a7,
f5a77c21aeac47578846e127c89f6c0f,
05c28fdc396f4b829c53c40f855bc8c1,
f1e680029d294637a8fba1991f6655b9,
f3fd493ad34541469e22f9201ad7ed42,
b7431c9b941a41da87227c9414f90c5b,
f372bd50c26d49d59551f1e0145f0878,
00fa2ccffe0d4809b4a4cdd62c8d68e6,
c0458acb689049d0b5ea7c321b44afb6,
33e9c5a376b847c9abbe2bad06df2209,
fee3e550c9584e2581452ef6f0fa66ce,
6de3be195372444e81a0d78bd39bf6c9,
aec8f129007b4b22bf93480a75a76b23,
c8a0f5ac90f047339c9947171499b26f,
22022dc9b10f4f0e813b54a8832a1503,
ad8c16a9723f4553979655b39358337f,
aa8613bba920406cba1f0e61ba0dee49,
eaf1c97c21d649ed8d169c9c1b5e5d01,
f21fccf65d394bc3b4b86cb7f920ee84,
cb8aacebcf474b6c9761770d8d9213e9,
579c7e5fb1eb40e68e1bd274299bb002,
0cacdf1fdd5743dc93c192141682c2cc,
365ffbac00694ba59c4cace008c7ec89,
2744bc2574fb4a42999330cf31612730,
f08f264992914221883f2684a3a1f57e,
0b8fbc0857c848f6bea3502dc1a890c9,
817adda435b14bc0827a571e8186f95a,
77698598504b49b2b5771699ef60c70c,
e2acbaa021e542e4b06631b8427fc07c,
3b27fa55474948a9898007b3e9be66ee,
5cf16bf4e5cc46ac9efb6f7c46760a81,
fb36048534584dfba040a2f05d5c15fa,
49d2c4cf331d4d07979c60019ca2248a,
f056e68cd5204747ad3c3eb4b411ff1a,
7834c49c7c79422686c929c66c3d8641,
8226c4a424494cc98b626023e7ae26ef,
1bf3c00ef52a4ec78c29a5cd16a31a1a,
8087491d87ab4e09a1fe6c218b269294,
90fbbe5d830f4cd4816bcdac0b0eca19,
f5cc53fa267b471f84e1549625608f60,
debdf42d77bd44e6b5ce16d61d7b6668,
bd473918392f419bbb24827487340a36,
48a210d72e4043318f27aac855b01b01,
705cb2fc82ae4628882c68c4f3d51362,
8c1d5f4429a84a8ba72803dae92a7580,734900000.0000
348b6cdfc9694edbbfc465bc36f1e68f,
663a5dfc1113420891b61c8bb0ac3f4f,1791000000.0000
089733987fa94c62b3f423ec19d6a74c,
294e126bff724e2989d9d81eff625cfc,
4b5b4ef6f2f34a6d9b54244083f5edbb,704000000.0000
4d2258a24a874d5198aa136306c0e504,
438924597e6b41eabcb66d236f764732,1845000000.0000
8a514600fda44815bebb187d4099fc1a,
e20f01baaefb41d3bf0bda8193f2bc25,
6307d58c2ce14f04840107d5f861ffa3,
cb44d810b0f644118dad024884b84eca,
2702484763d547f0bccfa7864d9c35cf,
3332e51c362643f5a1af3dbeb5f16546,
d76815eaa84e47dea2c6d973bed45805,
b9a363d1a038497d9b123788abf54aad,
bdb415a3ecd54e6da1d4a419ddc91419,
e8f7ab8b0c904b2397de1abf76a07836,
c6a596161ac84338aa42615661b08e58,
0148fd0588fe4e3585228e47092f521e,
af9592e88ffe44e9b33feb384f4e1e65,
c798ddc619164f5a9d2f481994454788,
fccb4bfcd6104e22b2fa68cedf05db08,
55db5e4170ec4a4db2155531e0fcb208,415000000.0000
89ef77b6266a4ff2b3e357082c9a7f47,422000000.0000
59645a8ab2c74d758c2497f17ec84dd3,
e972151d6ed140a6ae97efcc3a7c5284,
a5e6abf8f48b424184b4d457e0f9e855,
17e8de67401849ef93a4bc3bd76dbf14,
2bb6e5649e484a39b98210ef7e8bb679,
68458fb677ae4bef8ca381bd4249332f,
579d3cfdd2164321bae8e923a9566bdf,
1500ff4d349f4cc9afeebc19acdd3a94,
68b3de5e4f5a47958f40916287494e8a,
4191cf31a2c9484baecd7f52dd6a1f85,
1a2b04493f5e4c5e88ca94c79c9a5f3a,428000000.0000
7f882fb8bccb4d41b5f5ebf06b595b5f,
cb0968b85f65491a841eb3e702497c1b,
933e2df57a614ad681890b77e4a0635a,
895a98a665c24fcea01fb5df36f04f94,
0410efd94537491481ff47098e068d91,
230de8e0348f4900b35380bc4739c31e,
91a3d3210b754472bb8e50a8b2a4e645,
059a9e4aa5d743418447ebf55840005e,
d2dc26af36e6431999a1c3cfd2e1f94d,
e922c9fb15714ff280c6e6a363408723,
519272aaa5764f9782c9856f0e533e6d,58574000.0000
76e5e07827ac47b1973262e6db3dc005,
bbd8c75f67f54d6c915fd48f1c28889a,98000000.0000
7a90e2df97aa4b8393e5ade4e9fd423d,
19278485d2e548208c5b105eef8b34c8,
59c375155eed4eb4a12eaf1d905b0ab6,
be41a53547424752b94473149bab31f3,
e7acf4367f004f32bc4cd1e96fe0acfd,
0345811aeaf84ccfb369e4f6049c2dbc,
8bc7c37e680949459921c4f23a9ce687,
a1ce622883f942d286bc03b1ba648918,
274f4ee9a7f34cc28c9af1519a9a6b7e,297000000.0000
cdb855ebbcf14ebdae6950bfd7df2fda,
2d48f6a501df4788a2969b44a88499c8,303000000.0000
24fc2cfb107f4e03a240fbe982517da9,
94feaf8ee19740a6b180c1b36c0ac11b,292000000.0000
e593be670cb94428be44e90e7d3a7988,
3b4866e0f2e64bc8a4c0db3a22fb4107,
879255e4e73f4b85a279ac256efa20b9,2057000000.0000
e23802c475af4f5eb65b18e95d5f46b3,
71e7260b64f74666ad951aa6a1c9ad36,
8eaf1f62756a4e58922a781b02bba6d3,
00a1a59f89114abc92c70abc2535bcd6,
010c4b9a4b3a402a96d540bd5420d1f7,300000000.0000
7b433eb0110c4def923fe82d1e5b1757,312000000.0000
0b2c253f96c54c0583f4387a17504eca,312000000.0000
3b5c0c12dea84de9a05a1693ff9c4d2d,
b153628b1f7f43ddbd469e0ede718eb7,
c71bdd6be2284e19bac00bf9f128672e,326000000.0000
1f64e0e777934355ad90461820e2df2d,
a086f94e3e1f432abfbde82eff618417,
27c7c5f31ce044e8a8f913c56342e2ad,971000000.0000
6f1303d0dec643349022488bfdcab909,1005000000.0000
8218c973e95d4bbebee02d4deb8323b8,
96080af97e1a42be84b8d64eee950867,
b01babfc2351495992a3a3a63944bebb,2886000000.0000
dc8795d066ad4d7fa15f944ce5b1bfe6,
b2dec0d1e8944e93a2277310b7a2fc24,
6e8b78cd252b44bbbceb1ea9f89b3bcd,
ea674ca1e04d4a75a45d666316a5b24a,
2fae5c09c870463ea6a8606988e1d7dc,
4fccd515a9744f3794dbfe5fe4842987,
02c0d1d503f24bf28b9898b5f65083b4,
34f9200e7c5d4f05a0d8ad4357b65b70,
0f871d40154a43869674de23825d9cf4,
679e5ee66a474fa5a35f7c304a8e26df,
a48eda6029214ef8a07659db6fb24e51,
3bd260aaf17f4d04a381666c1d39126f,
e4d8d9c6b44e490a99303d9ffedab691,2490000000.0000
423b722806034ac8916d27a954c576a9,877456000.0000
a8ec5d781d1048a7946d10ca5b2d4ef4,843411000.0000
87fa221f4d474e7d8279ce9b47f782e6,2012000000.0000
b698debe7dfa49cbb1156475fa6d22a3,
e04832ed07b54d83a1df78a99373a81a,
772b9d58a067473ebcf6f5fb8adef20c,
9a0383a905bb4fe89cffd238800bd062,
8e198980580b419085a1ef9db67648dc,2623000000.0000
ec7901356f1c4ee1a5fcd16e68a533df,321000000.0000
fd4a8a7f82b64831ad44431564064fd3,
1dd4144d7d3143609aadad679c80a069,
68ddf951325a40bea161b13efdc7c5c8,
277a516c9d8440669cc4e4b0a7f49801,2727000000.0000
d0a8bfb8e33240b5bd036daaea2f7d42,
e54e1d00cf3b47b69a02eec742f6e915,2483000000.0000
57147c0b41904603adf6815df4e6cba7,
838ab31cbdb6462e960ee08afa7e33e0,
bf2c16cae9fd4da48dab6735b31d35a1,
d295c8149efb4a148636376fc59fb60b,2751000000.0000
130ebfaa94ae4782a627805170d2e28d,
b79c3817329f4e22b40c9d56b0b5c36a,762777000.0000
9cf497d119834451b09d19c144048d2b,882000000.0000
6b0538a10f904e97a27cbbee150cfef3,762777000.0000
98bd0d4699cf4fd1aa14af1431e3981e,
a744c9edb6004f4693f950dcebe22b1d,
ebf1c69ea3fb4243986832d49906c71c,
2769fc213e834fc9baa7d332294d85cc,
efdabad4c408437fa2a49585e93180d7,
2a33fd2d39db447cbe7202c80e90aa02,
ded9bfd6adbd437db30b0dad48746173,1209000000.0000
b68216b0268a41e5b25ae9b50bd38745,
66130fa543454b569f04381030fc3f8c,
9c7a161cf98d4edc860191e3c177fe2c,
2344dec694c34428a8488f898b67b3fa,
66e9dd977b184a06a7f6d69fbaf4bbad,
7cb2f5cea62b451ca2b11ae8dc6aed1b,
5f2269c99b964acb921d8c5e516b627e,
2c9ac612e6ec422386d34acefcdc049a,
d10b6e6de54f43499d8a63fbe8ef023b,
0c732fe873684bbf9bcfa1ffd34416b6,
b4f16475dc10484bb181ff49025b655d,10900000.0000
ba0ec58c6f584b239ad6439a17f8e5cc,
66372d59d44b4b4a8f8c494665ac8044,
72227fb4d6c14472b44ee12439388180,757920000.0000
174b0fcfef3f41fba9abbe58f5deb74c,1233000000.0000
f06aef64787b425da89a7e14e752d518,
0cd3a22b76874812b3106b133c65834c,6812000000.0000
3e0f7c0af21c4827843602f0e5cfe71e,0.0000
5bdce1c3e7614de9a626a52f13c361f0,
6770d1ef5f8c4f14ad52ccca325a60ec,0.0000
116782e185194e36bc66cd378fcd1e97,
0d735c61750947efb86cf3eaaf20b447,
5ef0952ce7c243afb02445ff287fd32d,
d03fdbd536f244c9a8f9b60f8ddb17d1,
7399580bdb1b4ac0874d47e519d59307,
65d62d5d896847c1a7f853d8a884c4c1,
2a4d8ab7ba27480a9eaafb058664d2bf,
9d2700bea8a44b09ade0eeff05ff9c20,
50e9c7364ee94bcea1298eb1b21af24a,
6a6081160d0d4d42adff7e5fa4cb50ef,
de0b93173493408f9ed1df3b35178a17,
a724f684817d4fda97f32190d635c2e8,
15e641ed0b794989b2918c39cfd020d8,
ccf2429e060e49a7ab470f6452a87cdf,
00b70697b0a44395ad55156f6620c212,
ed5a42c4e1c741328efd2cc01c0ab8e4,2873000000.0000
a2151ec4b6cf466b9ac7ba8fb9306898,
03de5f2c56bb46a586f5576bc1f3a906,
42237ce4ef264ad7b126afd0398babba,
f1d495c4ec584a419ae5e56c455cf8c2,
7909febcbad24174b526812507a304be,
9d8ff90179c64defac1763dcf5d62bfc,
5f164045a7ff4507a80cd0f90a153722,2837000000.0000
c68724ca3fdf40a4ba68880c6efa6711,
39e75e4d407c487ba96100b64ca1e4a3,
28b3cdbd0a0844d4a4abefa0f737f3b0,
43dce6cd6dec4f32adcbd91d9fbc6338,
59e66917324540a59059e53090f8d1fa,
13e8cf7471d3425ab3aa6f0bab9e1e73,
8f26eb6a9afe4e09a1f89796e70a335a,
2290c7077d4e49eb86b973169b12ef02,
5d2c8eef9d704c3ba11740e91e0b9116,
733fbe860e7643ae983d163fb648116a,3678000000.0000
5e905d67f81c46b3b7e44a576074c065,
853f6e3539fd4d5eb98d3601e26ac690,
8368ce879d1f4fd1831d305d5876aa9e,
61d7781ae8cd4cbb9b8c625eea85b70c,
0457003bb30542bda37401a8e35303e7,
96d76035dca44993a3702399603cb6b4,
98442595eddd46db88e126c4d50cdcf1,
628e9b76f6af493d98eae0a0c6339dc9,
eb2ff96a236e465eb75435f965688d93,
b7dffd2cbcc64411b77dc43ad1dd4683,5665000000.0000
5f8cc24fbed840b6b42d2403bdba9602,
fe39270b890d4839ba5e3069f8327b35,
552541576400466f87eb2931a90a2d7e,
618d4eec71fa43faa9f04f15e078fad2,
f2dd7840345c4d4e89c9094076e92d82,
ef798182ef774bd5b82c4a585c7f9266,
2a9f6b326f49466d9266e7cfbb181a74,5317000000.0000
e77c249863544a279af168dacf7d8c14,
a1c10bd7b56c4636929e940c092a8002,
e5b6aedd5e184be4a2d604eeca151191,
5591d11f2f814727941ce64aff9598a6,
329f5c856dd2456cbebf6232cabc949f,
f153b31fe94747649711b6f74fb176fd,
baf4dcb0347a4eeb8fe71339a9528635,
811ea292aa1c4c1c9214c0be90fb72ab,
0e321c0e6c6f40d69fe747a6410223a8,
e05cfd2f7abd49eeb2894e2fab61229e,1249000000.0000
542b7945be3b472d94c09d12910e90b4,
b09acd4f8ca04f72a80eeb9fbfe7050c,
a2bb5db915df425a91d20fddeea8c0f5,
67f8a8891f374589afc97c7f81429cf5,
8971265e81b24d91abc94f6a50c068a0,1176000000.0000
ad425becfcfe4f8096f75f0c9eb8521f,
dc26fb1081054727afd0669f6ac8b3dc,
65b8f7c6936a4c24be7b4e32ebb6d812,
36e352986644452899a29bb2b39c3a25,
17c7955bbf5c4992a115c322886b09d5,
ca434a51423b47e7b61d22fded9c0b7c,
9152f32ff98042959176b3b8e7ae09f2,53000000.0000
e7233a744c7a4a8fa9a62cb82c910e14,
71d41729bddd4b8bbb7c2c616f0e3b97,
fdac501633aa43888d6f05487afe1af7,
7c5463edca0b4afe832068c2805220e7,
2e294be48e934c04913af4a98a4a0c17,
a04fec1e3f5a4eef90be0b444c4a7cb5,
d10966bcf0d84c089a158c58ced45545,
169ce46c10074ee791e4c7a82f16073a,
d592f41703a44e8d8c969d7d210bb156,
96ae56915ae741e5a443f0d05d9e7639,
c79123fd06704d56a2c76e4d09bd3476,58000000.0000
e5ba8f92379e47a0861e1b87d7a471ef,
6b8fc666dc4245078f19fc82360a3801,
0b67527f7926447b8a0ca4b737006d32,
751bc47125414b4e9f5821d3a93fce30,
0032b1c49827497fa2d52bdb503789d4,
a690e6fbb72d4ce98a04e87439653e21,
291ac1d319e84dac97a8c32848e1f9bd,
f07b8c04a2534d23b00b1939f4dcd4af,56000000.0000
b9f40b9ee0ad47ef9069cc56aed50bde,
a3408d3bada24b0c8eca4d54c80d12c9,
bc8a5c66a83b4306a2968ae3372f668b,
4eb5962e125f48038ac96ddfb7734909,
5aa389f34b4140b494e3c1e378568ce7,
86777fd793b040cbbc737e9a70bc1604,
bbc6574d4c684e0db2a2b053e96b753e,
c3259fe8e84e42d192518cc4c47d7b01,
88b1673f3ba246a2b7a1405b41b3cf81,
cb200a10ef8f4fcb9fc302b1af4be0fe,
934746c2180a47888bec429bd83f5e72,
4da0ad2d92ed4f7596df2b599e298829,
2936f1e4c9824b6f80c4f2561ce3eb51,
43c3ba60e23c4673ba2f76b9ce129145,
dbdc78153c7644e29484b71204355a43,
c29309cb367a4c2b8ed4115c65909c5c,
f23c5236f4104da1b2e6538f6a8ac7dc,
46415cecc9fc4f7cb0e16729fb979d3b,
e240823eef684544895824f02f33874f,
a6409de84829420c8fd7829afe661bcf,
1b8b133130fb4e7781bf492d8f73b69e,
b0f8a31b0913402dbc6401777ff781c0,
8a3af66752d242f2972977aadd30c601,
722ecb590ac34168acc885240a00d535,
4ef55c0c3e834240a60b1c1db37befcc,
18fd7b27a50746008dc7c7b8d56e0a01,
36d3ee7cd00246c4b90059ce46e42191,
cf714f72052d4886961f9a42f569b415,
384e26baf8514645ad35f4014f241055,
102c39fa86564aecabee02203a10a822,
acb0663d22b545998a6ad3d0272c6f27,
2cd6407e9913422ab2d14a8e0e0b4ca4,71492000.0000
d22c25035fa943128a1a013adb75c04b,
a422c658aba1470cadee4e8803cf12e1,
22f4620c12964dd6a6339596f6092a4d,
713065a93fae45d98e13aba549d30dcf,
8fe9c40b5cce4b3c98534a0db7479a0b,
9ac042ccadd440359f05d813212d4c9a,
42402ac751234e93b4d1d17205065131,
7594186a9b394c6081bf4728b376371d,
fde1864cc4d24ee6bb3efee7130f13a7,
cbc4bfc87c214d02be264e7583564a7b,
8806545ef34c485894a306bb1e9de97c,
0e623b148c504732a79a564cb38f9c4e,
021225bd27474c08b925c43b39887e7b,
2d3f5570a9ee4baebcb4927b27ef5805,
1fb30faf645f461ba13abc9e38b75a21,
bd687b9efb294ffca292413d6e70b7c6,
3cd11c3fdbf84e518e0b6b8e533fd98f,
cc651b68e2744a8397787e8e5bc4ff43,
a3fff1c1929e40068fb706b76f6c5951,
4fb0b86c72bb4f6c83e5b9000b1fd06e,
ad23179c4b1845d0937d3ccaea91821b,
d81c3d1ec9f14a43928dd3816ae40e7f,
3b9e854b86ff428697bf991a20ca6408,
178882414fd9412a9356312a58a5a002,
7dec46e2780c4bd6b22dae1202946334,
0f747b82577d4ed49a3aaa7f176b7fe7,
2f497ac21f364bffb4c221725fecb800,
9db35d8d7f174ffbb8b396d576330f50,
e99534b4229d49be962400ce0d830fbf,
1d93157c25f346d1a4908ee16d67a2bb,
40775bb305d2407f961953673084ab5f,
3c0c56a6d4644f829b2893a0086a01f9,
68a1a1b4d23749929de72c781d71c03a,
c8c5954182df4778a615c877ea0af613,
f42df9aaab5e4068a75c43833763b1c7,2461000000.0000
3d46107762cb42349e2a8d91fced207f,
eb4bb6766eba45218e922e700b46999a,
5bfb09ad324b4cb5a8be2a371fd14fbc,
e8ed4b9b07984da7a15ebd5790a1ad8c,
2e55b2ee18074f50bcd9a8a7426c65b7,
cdad56bb43754a549d5c54bdc006ed52,
28c6dd2387fc4749825e36d8b6b085e3,
f192e31b98c14092a43b4a080600ced7,
9c2b5be21951493399422eeb37fe54ef,
61057f6e6fad42faaaf8ce371ab822db,
0b8bb6ac1dbc447a95bfffd4e13d4e95,2877000.0000
76288d38352b4e21baf55d28073f059e,
3292d8184dd54333bca11b0df1f96f77,
d741fc9de1b648519e0e85b9cab19f13,
96454f19060147c49b7d057a70a77404,2567000000.0000
4e77dfc891bb4f1ca7b7c0b4f3192fbe,
0fb812afa1144af583f274f15e18f96e,
1bb978096116463aa7a692f6c27d53e4,
9eb8de95b10c41709021488445339891,4034063000.0000
1d6dfa4ff0ae4e81979610f99d5b249b,
50409e47f74b47e7bdc1b44360269d35,
cc5a068cc6db4dc4bab6cb926ffa37c1,
99c56ef3a04e4fc5b49db0e4fa7264f1,
92ba6e5cce104c7b8d1485696c56db07,
f37eb2dd49f241f68d456999badf17c2,
008f238200ba4ef48fab2e32a5233666,
a9b98432cde84644b25707c7cc41f9be,
e7250e3358ac416abc532cf3d0b67578,
22f172a571e149d4a77432cd795a988c,
b3226835cfbe4590adf3c12b30f4e3b0,4935654000.0000
e3f6045d52c744b4ad085501816ca2c6,
68ee88229d1c4754a416059731a4f6ab,
c33e0b094bb74560b46821f8334d080e,
bbeb88a0bb5c4c39933cffa8d12602ab,
4e29f88df1f44b81afc153bfff42d309,
2dd41d7ec0934fb89fddf1ae2ef33877,
dffb6ad933194a2f8508855e1c498cb4,
d91f3c8854bb477eb56fdae206ad1e63,
cd99fba7e9484f0a95868e338ea51fae,
259b77cc89f7480e9891a6fb16564e3d,
2b58b16c0efc4e96b9654888076dfe47,
96a85d8db41a436ead6df3d7162a5591,
9d71c86d0489472f8441b45ae4e78a6f,
8c90455f3dc74bb889ce5b14d8565e47,
7edbf1dd6a204d76a166d8c4a83a00f0,
8cb9b96a0465400eb7cf00d245cba15a,
71d1e0247dd747efaadc5de31396fd0b,
efddf3c81d9c4c309bd45de6a1b14fde,
601a3e9e0f604bfdb0070ee0068e532d,2237453000.0000
083426ef2fda4743939c4b056070837d,
3375b75d87c24938a517dc8475f45ffc,
f11a6721d14546ffa79fe10ce77ffb97,
de9bfd474ab74d1aa8e10d0cf0ae3807,
c29d382ca23a4591a468d9f4314a0bc6,
5cc67e7544694d72862729a534aa4feb,
3d51d401557940a5a6fc30cde1405f70,
5d36ad91a19048b995d3193ded014600,
5a4b1796af0447f3be1126113f705dad,
c3c46819fd9f48ab9326b6a1ea0f757a,
b067fb1b07a34260bfb2cb6b9a92beed,
08d534a666c84f8fa31f43e4847cc659,
004677194f5e416e9b045b47854230bd,
45f4217c8be7487c8cf9b61127364754,
582e69c482f84245b223b8bb1ea94a05,
4e8504d98d8b477c9cc7c4e96bb321bf,
85c59f999bd84f06be94b85ffcc0ab30,
7d7139b82a3c4a34ac930a949b9fee2c,
b65ee52f412d4fd1b27cd2074400b090,
8ca21a18f74d4f27af22e16859ae7b98,
701511737a5b4b41bf1d0a53cb97baf1,
1d9a7eb0038a42a9bb7b00fe8cad64dd,
bf59a2449892409db206b2ae68cd4991,
919e63e2f73548e5a7f06e22253b469e,
2719b590bbad4767bdd25411c54089d5,
bad491494356484c8049aa72fa52fd38,
a910ed51a94b4b008bada0e5f0820fc3,
ad5d1f6b6ce04de0b9394a66fa312480,
82b17bbdf7b24f309be08bcf37f97220,
7022488d64d44a0696695f6c023bf615,
0e10fef601684ebeb507031176300e58,
6d9cb01eb97e48c1aeea0569127b958e,
aacf0adb5d794fa59f2355301085c091,
bcfafbd528e8472dbc638f23f893afc1,
9cd0aa3976cb4a9a8fd0a151444ab5a9,
c640ff10e6fe481bb00daabfa27628cb,
72494587a4394a88bedbf744aa8ea97e,
3118bc8acb444c10a18350cb4c43068d,
b6e9f1f8b79e496193ab6736784b8c2f,
94a93a52814f4091a21511ef4ec92ba3,
f2516046fbaf476fa8147c575d0688dc,
6222edae668f4f36b8d6e9fd5f0e2640,
c7c36039a2334431a3a48ccb54193e03,
eb070851527a44b1bc51eb7c1703fa87,
86f23890923c4c4ebd78fbd541c04de1,
087a266c283a465dac2a970fb7af8278,
6a4a130e17074c82a1a6ddd30d0914f3,
2ab97b5169084e4b9298b684f67938ec,
0eec7ef76b6f41b4a1f4775881d05d91,
1f0e4e61677849efbd1b5e1e55e316a4,
9563f7d026804747aecc81ab848e22c0,
cd7a1b8f25e14c34b1d89281dd55e328,
e072b7993a52440e81a28feddc2381b3,
b1e5de3003764c3d81cfe78c8a468d12,
14d3fffe609a41a2b7f29b1084b598bf,
0cf6e9ded18c4ffcb5ed4d62d43f35c7,
47248aff81524c4f843455091d218621,
df3c3c1a54544e5f833dfc6d1c588af5,
88585bf12da94ff6b93a50d97f9c56b2,
525ff64feaed43beb100f5c165353b49,
423c9f8045cc4faeaf347402819031c1,
e0610d5daf934fe4b7dbf4a9d1359a0f,
ccab23a2d1554005a90b0b24d6fbaf2e,
d3d08b46e5204920b6137bc64d1c729c,
d2d51cefa7374822982740251cbd7309,
0b3bf1610b954a558a00e42d119317ed,
c9ef8af5ae3f44d4956f99a973166113,
7ab1b96ab90d4efa9a74870c5b8da3fa,
0dca755629fa4523a27980caa05b1537,
d6e8553dbff34437b37c2ff53c91f964,
b9ab426b00854b6e844bfe66cc944ee6,
052b3c5ab0d84c43aedf6b6bb41eb43b,
5e85986078e84dd8be3b3869974881cc,
4ffe4d2c2516430d9d8365be93da651d,
ab06c544c554441b9845a5c209780062,
e299cecc5294434c9ab1492aef5ee944,
4b500b1d3ba641579582922860053b98,
a7b3f81a72824d2b9443f3443656a5db,
a2b8944fb8c843379bb10c4ecb6af898,
87476ac95c3242b59bfbde17ae51626f,
c6f6d68c551342d3b2afcffd54ae9eba,
2ac45b530a944e0da9aa16e1b72ae5ef,
5f2645d6bdbe40f586a0100fac3f8992,
3ff667b75ddd4a158783c245b5f11064,
3738b536fa1e46479b3de5265af08270,
b8d27a15f2b741ea826d501bf057a983,
2b4bda57b0f34323aba6508b9501734d,
a1f5a16ffb914e1b876bb46fdbb01c72,
1cbe5fe495db4272968fea78d48d9996,226100000.0000
ff068db952c0473a92fdb82ccda443b6,
bfa53ccac69043c58ca5c008a3cee944,
e33967ce5e214f0b8b8f42677f161ed6,
77c80e2a778a44f7b9c2dcbaa08066f6,
9184d2fe7c344fb5aaf7fad83a9c2e3e,
ccf264d21dcf4bdebedd2b7db413c9d7,
884532d08deb42eb9d19601be5d59be2,
97911c862a4c4007825ca9a4a8ff2b33,
295d440049f041b1861091d9b5ded498,
83b11e842d1a4e32a32d3cb8b3adce42,
8bc63dbf7ca0401eb7588323e0f28ea9,
4aecf01c9856428a8ddce1ff74c91163,
2d5e7f3af17b4522b061d879e6c80e13,
10e3725c857a4e54986073eb3ed9b332,
95bfd4b7cba34165ba1c38e040e716a9,
289bbdd2db724ba89072af457db0c4fb,
48ca5e247176408ea074a37267a26399,
fbcda61517d04d059374d0daaf028a4b,
df0f272ade9a4766a2e758efad96c3cc,
255ca5a55c5f4e438a7c61576089409d,
374b6fc6f7e949fea00aca03981a6aeb,
b89ad4f7c2b14c5ba85f67fd921ae7b7,
9206fe8bc03b44e49bc324e60f293d8e,
7d7f726f9cca409cbddb9f31bd8ed4ce,
6fdcab7b3bf44afa9f003d4a4a946b02,
245b5a5ce73f4d109acbfa532b20b0c4,
9b9bdec1c24844d78801026e135e68e8,
0386a636386d4ec696b86b8cccf15117,
83c4c5a0e71a46cfb78f09fa439e9b24,
70525328fd0b4545a4963b934c0e956d,
2f682b662c1b4e4aa324aa0ee4a511b2,
cb2328c97bc347fa9c85f6ea6c96a721,
c5bb750cb1f045829ddd26c7772432ff,
1c643fbbf5484afbb85f2b6ff393f138,
5e803a3c68ca4c00b5b7b15d2e5bd9c1,
ea2619dfb2264e2ba3b2cd575cdebc69,
b4b7b71118ba492b883ab7b434fe1943,
99800461b4bd4c9393491b52e048f8be,
215d137a2bbf41cf8ab2d87b90a90dd4,
dc6badd042fe4f1db4056034752c27c0,
d72a48c3bcdb4017a9910253f7b99ddd,
07a250e0061f4ba393a42efda30ac7cc,
8902934e542e4dbfaaa82a1de7290f74,
8afd3df4ff0044b0818971c921ab2712,
9f61c6987c9d4153b4151e3f658c893a,
7e8725dc75d14354879be507f669f43b,
aed0db6dc97d46eebfdcfa2ec2f5aa11,
21690f8a7ceb4430922a620388b48679,
5a715e24709941df9caf91f9cd84b139,
203b792fab3d460da06d93af3c489afc,
d81296d35ae14a11a81a617ae061611c,
158b591694754906b6d9fe6806753b82,
fb8b90201ff64cd2bbead124e996c85b,
09a9d4dcff154a7d8dea0cd667880b63,
1cb6a7315d3c486398a9f6981a2cedfa,
0f6b97e639694e9f858e702140d4626b,
0f47a19b68154b58800e469f92ca82b1,252000000.0000
9efaadc39467446499d76c9582b4d81e,
e6a7b7a8a6c244509332598b2bf215be,249000000.0000
e07b572ac0e548d48c9652e42a66c7f3,
f78cd40049c3400089d9447ff81e4d3c,
91df922fcfa4476e81aaf3b4463cc279,
e028749cbbf24ea28fc622bf87477159,
18e969d9d9f9409d9458b0ab7800c1d6,
819953f34fbb4ca39bec5c1b9049a9e4,
f6c94b3321074d31942f94a1545f0f39,
836ac99e76f54c168b2ff5ff1ad5a857,235000000.0000
d70ae623b0ad44369c41c6df69b3b549,
85d97637f4b440078fdf68ca2fb49a17,
d1610e6f496a442a860d02b736122e3a,
d6e76e02a6294e17accbe816ea455efb,
c505f73ad2a8421e8318e441d09508a5,
247d7039ad9d44559b8609ba9e199dfe,
f830d6608ace40f2b9d4ec68c366dfce,
adac161311d64e9fb5227b014cecb8d1,
0e35ca8ff92e46e58ef2bf5b4ae2a252,
d87182c84e004a51a0ba04df625a083b,12866324000.0000
8fd1d365a8864fefa29d7ef2327a5532,
51d208171823477a85ad9ec3a8e6f1a8,
91dffe62bc7e4f04837d73df0a1b95f6,
939efeeddbbe4234839c0ca48fc53e04,
cd894532d530412a8d24cce54d2c7749,
7f3a53c653584093947958213d641431,
69c50300ae3d42d19d0e4930922e974b,
e1fc0c6bfb544b11ba4054777bd3bd0b,
219a1f07d9bb44d08386c1ce55cb54e6,
047fb2a9961d40e4ab58a10d4e70b963,
015f51aa6ea3423f832ed148a8643872,
5381a1a0242f4f6991c2f3a2163433f5,
f43c7bd57cd44ea5aa1f0686a3425694,
975b3f7fdace4a5f949887adfd74b93b,
68a88605b2274cc1a0f876046bc81b12,4016197000.0000
3686c296e3da4a0387602c984a7d9581,
da7004ea17204f99a3062b13f69deb1b,
cb49536be19c4915a1d3f1fcf852843d,
91d2ac5adbb6495595622db6c4914541,
696db083b7db4d6584e10b051a45db6b,
e44a9a3f92b14d37955c0fd0647ef36f,243000000.0000
20539828ceca4a688a7e0e6285e91bc0,4034063000.0000
aa5230ad51e54cbc856f6e47b3a89d99,3957508000.0000
d3626ef51d5d4162a90eeff7ef92da63,
7ab3f201494841f793dd426de29c52ed,
f22edbcef3c9438e96e9b5d449f0dbd7,
ca3a15506ecd443aa5b46c5b6de3aa9d,
8eb0090cdc404194b2b1c05e3bd7ed70,
5cc30ae15a0d469aa32dc9a79a361045,
48b66d7f1e674950a80c1007a96f1bcd,
629d977203db4980a7c667783d90ca07,
474627ce8b3c4eccb678199b66df0620,
c529bc6e578245ec90c7ff74db4c4ce5,
2a6d84630cf24a67a8fd1fe201271bdb,
423d41d39ee34ab1b0aebb22b8aae3e8,
d54ab7aa37734a92955c63df099b745e,
4551c94a5f414118a1067ef688eb8531,
d1dce9bd064f4c48ac17b3f64e2cca29,
dd0ec7ee5b584f1dac52cea4eea65344,
59f38ecc9f594f49be5a5703385906d2,
e1d8dd5ccec144679f59ae7a1bcaf474,
e84a6bb878594580bcb3d30901f22650,
5c3e88c1f0fb4fd487de0c5dfb5990e5,
c3a60b9e4850461098f8e80a91453a48,
a4e077320f9b42e4b60a651f3d82a09c,
e1f80a8b3b2048f3bc4b05bff2215375,
0e2f516c8e384e67a81a081fdc86d28c,
eda0348b41f8420ca51e7c80ae87e249,
648727a1c55c4ad483caa5d5e67cb3f2,
466820960d35440e897a65683d2452b6,
4e3ea0edd6604ffd97e802142b5bf85a,
025619c6852341b1a60192440adf0375,
baff3a9fe495409c94065f5b5e65230d,
a5446b5296a84adb9f6f93d641f3bfc2,
48c995083d624365a25fed3cc4fcb51f,
c81f905470974e32a955450df72f1bb4,
7f02ad9c9b814408a315670654000fec,
81abbe3365df4967972c02b47716f0e7,
890f6a85d58d4296bb2605d943f05af5,
bec8fd0877ff4cdfa118c2d10c06b5f6,
ea76b8fffd594822b8d71c5dbf4fe625,
2522723a482c48519084081bdc8d0581,
cb4166b772a24394b63a980e4cd61ed8,
3f59f0f47d584b5abc8976b4935a2ab0,213800000.0000
7f9e95776dbb4480bded3834d7c4664b,
66793469a6fe4826a0a79a5ec5b77392,
228d154ba61348feb21112cf84e42de3,
70a85d6a148d43e1b2312b5d41c67afb,
25af5cd27ee94d709e518d1b062e5a80,69300000.0000
ce58013f600d447182f8f6fe25d5d3cb,
a09d86f1c0514c339e2e5522899c1b46,
88fc7571e65a43d39638f701f0027b11,
6a4a50fc59e44fcda027da0dd1806eb6,
096bf0e48afa4a5f9aa8ef6ba407b76d,
2cdc7f16113846709642d855a35e5a03,
9323dfb5f0d04459bdf754b8e6cdcd51,
f1b7ae33665e476f8b45789e0a603df1,
20c234dc5f5d4266ad2a285321154943,
c69c2a38dd674f7c843dee6371d0dfbe,
656a0359309c421fba6045175c2d2fe6,
ae26749e6ce6446eb96f04540b68ed82,
5f87fe3351304385896e904f7499052a,
f4221ed275eb41c1b523a027bd471275,58200000.0000
1530f689d53049c4bad72600a1799ece,
b562eecb46cb43f09c2efef0457a8c82,
a0d0d8301f694b2b9ef6e57efe36da8b,
076141f95dfa4cbcb776fd45b09f9715,
a738d256abc4415cbc04f2dd9de8590b,
b713a8d1b4834a96a0c626c5a8f711c8,
0e919decc5b24c8ba4085ddb6900f928,
165914d85576414cace268fbc9490014,
5920111000304387aedec26e4ce40c84,
d943b1451e234c8c94775cdd5e394d0e,
99001b7dbae34a0d9da66ce59bba95fa,
b9af3e1d13994ea49cc295d8c707b3ca,
e08e38ad4afd4f6ea47020b1dde158dc,
0f648ba0843b4be7982f881020ab5a3e,
3687bbd47cb042dc95d2aec9a1202419,
ed300be990214449a42769ddcb95f77f,
1a99d194f28d4e0e82cb098155bd75fe,
701ede4fecc947e7a2df1140f129e94c,
30624512bdcc47b8adff6f15f6d71b2b,
96b63d383dc442f582a373205c02d9f5,
48f4fdb37c1d430a880de16059affe95,
d7d30db2dceb4d3683a9ae77e4637d97,
09706c1da0814cf0804e4829bfaf7200,
1bcdac7c377d4c508a93376e67f67297,
c0ba73f1d94347efb2f99431b73112fc,
ffe4f6ff792c4b36ab2026ed6387f88f,661670000.0000
54249e9d4e30455ca68b88923062a685,
37f65ea057634498897206c7e77fb263,
6a09c3e1620c45fc9259b49a00effb27,240800000.0000
3edccad03fde4c28919d13da15858f90,
287a30726c6e45e4a4434096e441e760,
c15c6ab60318452cba9fb24ac1afb864,
fa33288e500345dc8fc2673d520fab1c,
cfcc2f8129624d80a5278bcc2bdb9efc,245600000.0000
65b81e8e406541329afed53dec3eb092,
c3a33546bed84f17a879f7ed9aea3591,
e90ad3fe28044ed6871d5bc4405d9db3,
6e1457b4096640c6a584cbc9fa1b3c15,
232fd090b9ea484c954a7093ab3ae1f8,
ecf2b275d8fc41efa44adca48972a23b,
3dd8392645ed44d2814d021406f55a8a,
f585b2df3c5d4184ba3e1fc6271d696c,
30bcedc0dec440f8a0361061fc9ca246,
24ec64e169b34d9fbc5e5e1c6eed5592,
76aac64d1f3b43d59a05b6a44fee2c1c,75996000.0000
6979fd6df1864a808091c1c5a379d99f,
894dbb3770034a1f98cb30130d39fbbe,
f59b2bff9c0b4214b78a69e5b2a629bf,
4cdef02aa1104ad085fd51efafc1f168,
cde3bcb8f3cf4e869ff4345cd374c3dc,824624000.0000
eb082d927c514746a023759c4ed8d284,
1f42dad37e074d1393829c620e69a015,
b428fa34ae784d769601463532579be1,
1a9b7f6bf2ca468ea062fdcfda9636d7,
ed64294d2b164361ad0ddab79e21a36f,
4664959826be4fe6b6c1c4ee2fbf7710,
0191488092d34e8991fd9ae95784530a,
728b833f7d764c2cbb88444345645e71,
aaea0e30946d480985b3ff676c72cacf,
49245535eaca454fb9ca36aa797e6da0,
0b2998257b9b4b9997ee3b068e15195e,
a937147a0b954746ac5bed0d48975192,
14e9fd4b74f94ae09955366747264f20,
22c5affabfd1405ea79d1a5fff054f52,
5750968578bd4daabfcfbcbc0dabbcc1,
a4e7666c9bb748a3bd886069dcc5f46e,
5084289a1ff0499ba308f9d918c575b6,
55564b375b9147f88f05579005b2b341,
933032d86614424c9611a502ea64a374,
104716ad4a834d6c93ee353b1c6ccf2d,
04c1de0e3d924c7594aa34cb5b6a2e80,
bee6a88c317543e29569d39c71aab11d,
969ca464b22e472d9094e91552c40fbe,71682000.0000
5cdd53dbc68a44458e32572a0d871a87,
716f1515dd01409192449c6fd020f4e9,
7b6c5b6226ed477d993c72d7272409bd,
3866627c85074712b0e499598c733ded,
c1cc610ae76943da939200ab03c11c51,
36fa52154a7b4fee836f3268a480ea8f,
253ac86fb4634f1ca4166315ee242d17,
6669fe42bb174f109d0a34a3bd9f811a,
35f678d4adc44801980cbce309ea1064,
7de25791e1e54e7d8f03859d5cae8455,853879000.0000
5730cb1a559842d1bf1fb3ee4a0fe1bd,
9ffe195ded084d4cb3a052662850a29e,
6b44a8809ef34f4ea2a58e51efe17f8d,
7c2866f032da4c8384e77e43d8bd2b67,71241000.0000
dad346657eb64c03af7b4622b842cdfb,
7ae4caeed3eb4bd3899aa2bf32bb9ee8,
9cf4bc359ffb4606b339a25444d19843,
b9d790e45cce4ba2b2af4483a259d2ae,
5e28cebfc4ac4766b3d0c8b86bbfb85e,
2defc06c392648a78f89c57d37cb2797,
e760dab577854454b1bf5baf663bd3fa,
875bf261a057424590e5c4d18ea58740,
37bac1f489a54079b3c0abec7914413e,
db550278fb2e4482843b8928a4efc2f6,
bb9f5842695c465cbb79728b795c04ea,
13377829dd82429ebf8d7553f6be7ff2,
5a8c852ab0c04f9c9bc8e17e5cf9ff48,
617e2f7908db45adab2d83d2c137b770,
ed9dbeac76eb4d699159d18ef4aaf42f,5343000000.0000
304ad9df21ac4a88918e5d3a8250bf04,
ad563863f27649babdcb8809730b526c,
43b4d15e00bc44c5bdf3cace075fe220,
b19dc01976c548c39a45cb4b3a471375,
b8b2a08314a04837b1af687319c9edee,
504c335b757643f0aa949eb0fae1759c,
fb3e82c061934189988b9d1ee89674e0,
3d641eacba8547e4b175415b520e1d4e,
61b9019513f5427c96b1bf135098c130,
681e6f1cd405460eadb62ed30654f00b,
9f370585304f487db8360f199f9b440c,
fabb273192dd4adfbe86f99bb0e32591,
e38ce3f855d8400ca689baf3c5a04403,
cbf0d392f9084b7794ba9ec7ee2711ee,
e1b184f8cb124f70b50bf14661fb06b3,
d4d598af01e14f4680dca26b57c86d55,
702fc33b448547318859552cf65e719f,
ea9780de8f3c4688b98bd12f03ffa60b,
fd27c5192ed94ccf9d888593dee4c57c,
dd016fc8f6664492981c38ccb3165e97,
3a4e34afe50043ada0c6617bf10fb486,
b5b36752ee3b4126ae3edbe66c2059a2,
e96c42b59b5c454694268eb4e5ff7a09,
42ab71efb8d24a5c887073eebdce4b24,
cace84685cec452284684dc8f00b2037,
fca772f34e204912bd838c60cd8e537f,
eb40f6fe219b4519a2dddc8b2d2840a9,
7deef8edccce4fe89c1a1309b8176ba6,
6b797370280a497a94dfe344f7569ac1,
907e8c0feaa54669a9ceaef4d2092563,
5bd892b9988a459b8d0b9f5164e3ce4c,
a6cde56c22374b52944ada2bfc851199,
46cf54f3f41c4a13844c43ef86146aaa,
5479ad01f21b42ec86b8a33ee44f6777,
158c864a284b496aa22dad42764e99b8,
fba91547f62a4b818c5e7e0670ed40bc,141000000.0000
075e0cfa3c6847d1a3e1d5bcb03af2b0,6661000000.0000
99f428f68efc49cda560da40c416e380,
858c7d9c1f14484da6963a85836c4eac,
0865191ba5804187b86cc0371c22a689,
24664aecac5946fbb56176b902f6534c,
b7b26bc0ff0742ee818c587596292623,
bda1ae8282f8442a80b58f86599a7aaa,272200000.0000
32b5a3a296564e1687313e84f838a85a,
f01b29a8c7034019b9771adfb3a36231,
6a84135ee4854312a49aeab6bde6d616,
2f1740fa54c94d0eadb0a96edd225c64,207000000.0000
1ecec147acb94a1d80afab9f37994593,
724f41ba07454e7390759e2a228b4e7d,
279b3c3ae60f4ac4a8fcfed82ce4c550,
6f18c0b3390c4cb69a6f3adcb791d54f,194400000.0000
b3082d9943664233875b9eb33557696a,
284f89ef26d443e8b4d31892944e6c7f,
440854b5d16b45168d851689dfe4f5c2,
d2726669167341d79407a2e5bf024a05,
00541f5bdf46455fa25e24562b23cc79,71991000.0000
42f22a355e5e4cf89ebd86b5a33d5696,
485d7b810c48480a9db34147920064aa,
592fc81d024c4e9e9eff789811782bc7,
a4cf9b4bfa794f649337f33a8ad2dfe9,
a787e40dce7b42b388d5aeeac7e14edb,
d09b73bd957746d09fc24d8a7b92291c,
43c0ae1ac86c4b8fbb444e07a5791603,
94f575d5c8b0449eb2d23e19f1a58c3c,
3851273e86f743a6813a8aad35e99610,
d99207a0782b49bf966e18cf023b454d,202100000.0000
0c2122871fb54614be48fd73c5092b97,
c37c860ca6bc465b897d5b8ebffb352b,
ded82497576645f69058dd1a9c2ccb8c,
2914270a2e7a43769bb7cb783a37e66b,
0794adefb54642508c414599cf595129,
87bdff9fb5874ba68757465ec0607a84,
a2a4be82beaa429d9173167687d836db,
d8688649049c4740b4d01ec0b94f668f,
3704b62325174e05b15ccb398faf59fa,
29bd9c18f90d408b804e2a6c4a14a510,
48823df772fa4a2abd97e231531dc83c,
a00f5bee7fc94f2c8f66f0ca75f5b36c,
68e40bb801b04d9a85f8197e12d43402,
847f894f062a453fa7b3edb5035f2670,
3ccbacf3a7814aa3a3f4b97f4e4ec9bf,
fe91944ce9b54d27ae4c20104d717067,
9dc1e8835a7a4ce182ef915d90053784,
46286522e8d64d3084a94de1ec2c7172,6488000000.0000
3671902738964408b8c55269b5287233,7052000000.0000
1237804bc05a43a99652a88bb1b649e2,
2d82ce58bcc047b7a6e1f7170f07353d,
36f1a4f264124217a468a5ea4db9d784,
da76c1236702407394ad48c57fba23ab,
22db0d1a0d924c8f8d15895a18853a87,
c0d5112afb4b4646a1b0448fa5fcb334,
d746a738f4db4a7482ce11edae7c43ca,
177eae4386154a14848286098f3faddf,
f5894770dc5e479096ed530e2b5f90cd,
b9a1c7b91d734684b2966e9ffd916837,
a4719472e7fa476e87d19eb015909d2b,
69449290c605433db8cd45b53f51cde4,
6fe5babba5c44442b049c8903ecc339c,
eb32f859cd1a49cd889972f46b2e6c6c,
1b735b31da814c989fb87149d9c7edbf,
d74a9683de364579ae1a120c404b43ff,
4af32b4387c04635a69b366fa68df061,
38ca98c2d7964df6a68a97b856b8d216,
588c51e7d9c94e67b4636e5589911e02,
680b2889f0194ef3807f0f14eca81085,8026000000.0000
c877c63a92814b84845bb9430fa3640e,8078000000.0000
a4db08c3cfd844d1a74f33028cc1b109,8223000000.0000
ed5fed47cb1341f7a8d1046a39429dab,
4d828c77d217491b8dce27cf5a16210a,8767000000.0000
f3128d853490421d8f182f39dca0614f,
70fefc75f237424293977a84ebae217b,
9c3631f233e144f49c1a42c92b89fe1f,
a28a46c52c8f48e58e6cf366825bf09f,
bbb1a0aa8e344cf3a75dab07a69f1e12,
386cbb8aac0b461ea932d1ed937c31cf,
b89c62ac4cb34417b8dc8f4701f31d13,
42e8e7c248b94b24b96b60688164a01e,
40987d4035fa4a7c8e7169e912e676ab,
1408e9b0a0d142bf99109cced8940b6e,
c7816450d0ec44338b6ab847d9117d0d,
a98a0e06f9bc49079645a0f56c4fe176,
950d93de1535449794762c1b35c26671,
f7ec9aff649a4cf0b512271c9db7e0de,
38b78b731c494875bedbe674ac5777ad,
1062e8d11aae41ed85a5e093edc89344,
a0002d58602d4d08bdb538036d8b0077,
b9be5af85805476c94eb3e3fa331e6b4,
84791fc5b99a4e88af823c95e2e3c4a6,
0f3d4e29b546481c8b58c89b27dfc12c,
153ec71356624cb6b0d64325e8456ffc,
988a32de36724d3b817f96dbf8d24de2,
bc33d10593ed4c8d800b82c046255f54,
9ae3bf45641e4d2caca1fc40d0c9ecf8,
6404fcbcaba34ccc8d7da0851b4d2025,
6de96e96ccab447a8deab36dd0309238,
078a932615634cb99db3ecafad23d216,
cd7010a9b6c04bbb9cf0c6e7c09bb37f,
140e56e27c464d6794b6a7b59302243c,
8bbd3cdf164b4176a354461cc4c03922,
5e48703370704d1982d2cd4b36a25e3f,
30a4f5ab3571405e8c87d96a31d03b4d,
c98f087360e34d1ba9cb27c0f3824627,
b6bf2610679f441284bfd0573a04ead7,
2550cf1cf6f8426a922b523d67f69d6d,
7979a723eb5d45d698389a02f568b627,
2e8638a8a01b4708bb22e1cad39e8026,
1213dcc4a5094055b9f9e74e56a324e8,
d2560265f20945f6b123792b824fce14,
331399ab03254e6f94b2c12e7ee818b1,
90e624033e994894b9aaed6b504f5033,
eefbee615c0e47bea47fe5acb0807b4a,
da1e6a63ae29493e9eee40a2a40a9a45,
048a107c7a5a4f00ac9712ca25952ab9,
f80f353a8c79492f983bdefe61977728,
9a9ffe0f719a4289b7f8c90a9f77bb86,
45f5e46680784c94a23b0a2cb8ed1271,
b27a62dad5db4a13bd0cc95aec58cbf5,
77bb1fc912de46b68f68bd732eecf0c7,
aec2c8308c894c2b86a3603abc16f78e,
394f5cfd06fb418b896306db7b2160ba,
0d5ba9f002014e27bf70e71f742749fb,
e0114c29162c4422af2bba71a649ab94,
d70ea2f9b3cc4dab9fbc1e8f29cc284c,
d8cf24171e724666ab44c142e3cda418,
097114e9f18b4f41bac773dab4a120af,
d6993d8bc54e4a87ae0217e0bef24558,
4b90a1b82f2a4f3e8f198441c2b7a952,
aedf6f91dea24791a12010d27cd8b30f,
e118558f29f44872b3d1c051ffe47531,
d29a9b45129347d586a08d15873f5a03,
84c8347e6b824a85965516f7554dd343,
a56427fe633d41e48cf553b6d376c1ea,
409d1ef501d9477882892bba96dded54,
b37313bb84894102af612f89a15f1f9b,
36eb835b1c8f4a2ba3e77e87c8ba3dad,
e604abc39fb6412280c9c6967e970682,
665459145ac94d88b77b47adc3a674c7,
33da9ba959fd4c8e936298b19ab567bc,
54bb008ae5a64b6ea51d623bfa03aa16,
539555fe6a734e3386f0787952914a30,
206303a8cff8476c816f47861439a248,
48a334e6d5684c6bb070229db456a807,
234e6a54c27d4f319f5e52705889955f,
9490dc96fa7940408feaeb2c4d217dc8,
f335d00ed17b417ca852ab478c6bdc5a,
c58991f66f7348b6bee4d970d00ccd1c,
be7f25dbea03478aaa50d7e4a257ed47,
6ef62691e1b146e38e437a6b34d37f16,
173b96ae8ff148fe84b03859abd343e5,
a00fffcae682422bbbf8cbe8ccee2b1e,
a81d16093ce441eabaa2288c8acc0e3c,
09ba64c36e034ffba5a471dde5879f45,
b8ff89d9153a452d97373fa4b0c28f87,
31c082dac05445d087ea9e4fb3f2f0d7,
ddbd6ed0a4bb4cbabede390d36a85200,
53e09743e71048d585e6fb22f8019af3,
4a008a06e5c043808b374e0840075ed9,
0a2df86e8ae1411fac03ff9a14617bb5,
8f471fdf051d49e5b3cb44c60bdb3a96,
4fc0328c931a4ee7a49ad4444ef2996a,205400000.0000
932905bd8d874061934baa72ebc60b20,205300000.0000
4b3d3e7483b64c1b878179753b5e22cf,
2887d8b44fd344b195f5c4e5904ced78,160400000.0000
d5e7879fa34b4e7ba47ed6aae7fe5218,
e06b625bfe8249d0aea34c1baeaab2ef,
463d6025eb03494091767caa8c10c236,153300000.0000
90e8025f0f784a1789114f94c0d5da86,
ba0bee1226b544e0b755e2e90dd5ca56,
01eb4cf4485e4125ac9b3941fa1f76c9,
ad9c2f2c22b3473e9cfba31595cd1a8e,
64f74ead84364f609f4b2b095a9d8e54,
2c492c6127b546099694115a91a5f577,
71618307e0c449ed893f2d8075694645,
743bf7aeb01b4e6b8da25ea2907d1697,
59472ef05e2842f5a5d372a9f6e57447,
1b4b5b8554a54e18b1a397a8a82ffc21,
a7c95f0c7baa4791a902fda893d435d2,
9543a95e1ee54f3588be51ccc83a94b2,170000000.0000
e51c61f736694fc49291ed71c3623dab,
830822b5c71e4c238954571c93e3c259,
670af11a00a84674a69374ce9f94e385,
2622a092756a441a8cf7db149a240e67,15675000000.0000
cc86dfa0256c4ac1af67240009c3df63,
1356b7e3b0ae459e8ef1ec9c6d8f73b5,
f08857c079d34ff59aade5dbbcec0df2,
4cb15c54d1cb46db9c3a70e3bcf9fd81,
443b5b167ed24393b1bcd98f0b615862,
5a54e0677fd441e8a9e205ef4e10bdfc,
a68c47690bb74fcf992fb6a9b0cd78cf,699000000.0000
fdb536e43d0a48e99a517ffeb6d0a007,
d087d2b1e3164b08a9e28263c3c92262,
4f2b0dfc09814f4d9c562c980ef2324e,
2339247729484cadac2e6d18e5feb9b8,
a8464280f90343f4953d2947145a2ace,
9ae7206f4ed4433f9c38dcd4e247f98b,
5078089097f345c7bbc9bb6ed147e196,
7a40c9289a9948fcb0f193ed188bc165,232260000.0000
7d34da3653a84456a53dc3954bd8491d,
805c1e05a07e4ed8ba60d9f6914c61f8,
5e316effcee54520915bcc76bc2f0525,
13ac8bc29bf64240a84ec9ecf57dfa1f,
5e502653b1b548ee8a2d04cdae281564,
2ff05b576f9d415895374ab3f176079e,
2a6c59dc93cf4835a5dbc41baa2c3652,
2a7b407933e5480db24e4f0a96011f00,
fd4fa3909f9b47ccb6d820edb25405de,
8d46c03dd9d2499d8f92d3400dc7a556,
419b54ada83d4fca9241f2d7ab263db1,
020da8f671f14897b83f902a6171c876,
ea2a2bea1f934724a9f5bffa5c66870d,
b818714559be44b19a435f82bb97f674,
a5e0218e17a74729ba8caa0f0f7d41ab,
bdacea4cfa6e4a7d8e6d01680ec62974,
fcb65a29770345488eacc496a71940bf,
1fd7891691d9475699bd1bb268a616a4,
9faa17362f8c4eadbf56a189075e2a4f,
503940a6ab8848d68f363949a6e49562,
cd9e95eaa83c44bfafac88a2c339909a,
d9b9aae7952e48e9a6c5eda229fcd713,30000000.0000
f75812b592d84617a03bdaf678a43b76,
2116fee212c24be28f225840be1a568a,
9b09c039710149729319d8cf4b370fab,
f415999d171e46f9bbf4cf54152aafd4,
eaf314cbe1e447289af4b4935ebfacf1,157600000.0000
89c226dc870d41329d48edc05205ae81,
7990b156a378490cbf26a94e93dc6cde,
b43fff6d317a4567a51f6f27b56b2587,161000000.0000
0bb5d458e1d446e8a36ddad64f763248,
f997a36dce394a6993ca82860eb7252e,
f5eb7bf39a0b439b8791d7aabc40eab9,
677a3dd8777f473aa77f2cb48c11798b,
e88dbc28c0fe4f088b8980a16971cb46,
8bc83b1bd9304eda8b4182d66a315c57,
fb95af1a009444b0885599e9efb7d931,
409d7d73221245bba098db9c851f1d7d,997346000.0000
7b122e2e4c534da8841ec1e384c31346,
cbec5a723c4a4269a3717f991aa9a774,834000000.0000
435a4f066f014500b11cd54e910d9e33,
56b09855932a463e80ceaa065216c89a,
ede3d14d06704e8f9f6eaf7b12f3058a,
70681d9f82a84adaa1140ca31f0d3584,849000000.0000
80d09a6f8222468092b1ce1be833e7d5,
3164e4716fc0401487f3e12a0fd093b1,
24a4a24c71ce427c9de80b7a767bde8f,
d17445e03c2f4940a2cd401f6e8da9a3,
322faa35cd6043d486b8e90d5c6aed63,
f8f842dfedb64a33bd6f56f21d7228cf,
fa978e4817ec4a2e952c241e20163f5b,
521074f8966f4f7cbb611cb19437b63d,
dd367adae58740faaca4bb9340f64351,793467000.0000
d6f269f1f504482ca2bd1d7f7375738e,
94816c3fc20b4cac8878eebfa48afbcf,
eec05b42f85d44c6a7866c4529b286e6,
10ad538d38fb4a9f99b61b5960f21aa2,231906000.0000
4050196c86a040c9b65bcd8d466ba8cf,
aa3ffb2d7bad4413bf6fdd9a376ed65d,30772000.0000
4be640e4b45649158834b1578ac54022,31430000.0000
e4606681091c4d7ba53ec92e57729881,18611000.0000
0cff45322aca42199fd7bb7d4a15d097,
e5ccba882e034e1d91c4d30e35fb0b23,
6b14952fd33d426caaa4f224a73265ac,
3c3445cd29924ea38cb425621ddd92b6,
5e7c9a7808c8415282dab7fb6916205f,
b87d929855ce4c77b8453d1d451791da,
02294ce1731e43da9dfb9a035746e97a,
1381d42068704e859835bfc28b539397,
2ea69dd44a804b56a0c4e11fde8c8859,862026000.0000
e1350cc335c149669b6913ed824205bc,
c34300af5c494a6582f94c8f88efe510,
6bb1c9e85e4e43cf96942e0c6a26bba3,
95aa4e91bea748d3bd095b4d567372df,
612d10e9591b4ca0955d28f6c015fedb,
fdfa4e67ed414ef9a74c0b516bccc001,
6e60e4e615474fec87ab9eaabd209fc3,
88f62643742b480f82369e50c531df97,
cacb30958b8141eeb596034597ae6430,201224000.0000
5f54437239574200abc63ba5e87cf712,191346000.0000
3276f476cf7448918b52b11b82b9290e,335000.0000
730a8a996a9c4fb2a7300f10712e8929,1222745000.0000
fd0290a8bee846e698cd5da8de52b453,335000.0000
0702a1474569455484d67b580173b406,854841000.0000
f03792b6daca4e5a856981dd253f81a4,41900000.0000
89e30ebbb9bb41ea89393e3f5d9e627e,867000000.0000
101dab2282f34ccd948664401d7a0551,44300000.0000
06981a1133dc4b1598366bec8a18fbe6,16800000.0000
1b5f42ad4157447ebe3dbcaf36f1282d,
6d6dc2233a454283b5cdbc28d14f003f,
fc5d735f27d0445f99e3e10a7340bfbd,
aa995fc0960441928d1a8e08b8c5c8af,
c306cae593954aca8d3c59e249c34daa,
61df685d4edb4d50b789fbbc6137d3db,
7500e8f5714d4b429f831f3bf3c22e11,
0890a1c3f29a429382beb25bce8496dd,
f214c0e69596435e864f63e3f0227211,
a254c2383c9a4a019f72f6a7092426b1,
950da03400164a429fb251eac549d21b,
f735d81cc2c64d94b8c5a93cab2ea9a0,
c2df77b1ffd446a2a9dfa06a664636b1,
06e8fbaa9229457bbcf38f3926774e16,
c7dfca8c479642f8b1bb539f815352d9,
4051fe4ded2948c1bd070df01bf399f4,
743fbc1227d44e1b817719a4a0e11509,
883e05b97de7457da3322a5c390d0a57,
f6f1910c7c934a5681a10a22528604f4,
f5f1ef99bf8d4b3f88db06535e4de882,
4e3aed507abe4da3bd2fdb41727cef98,
1d11b1dc8f2a4db0a2ca0fa364a83d83,
1f4189a423fa41aa968b060d46dbc17d,
676c375f3f8748c3b7b094fa2cb75b55,
a1948be9f77540829545223fcf41ba25,
f0a2aa3cf93b48e89fd6991a3905a323,
e5a8eca273954d63a686ca27d7db8891,3000000.0000
36afa72892104b7898cc8fc1a01506ce,
5eee6994ce2244eb87d712b0589904c2,
639832274fde4012b3ac3a175245f307,221000000.0000
e3076eab40bb4906a55e944339c03d45,
5716f08a41a744d1aa62bbeb12d13c5c,
cb7c41534c3c44a29112d2ffa72ec42d,
9782e08c999b4a9a9dcbc091ef3d67c4,335000.0000
5213f9927acd49b381065fb359ecc12c,39900000.0000
7b2749b286d148dfa7a408586a674e52,
64435811167f4d47bdfdfa45ec6bbfbc,39200000.0000
e4e4dbc53019461a90dd27ac80970f64,42000000.0000
235911bba8e4412ab4f7d2e6ea72d2f3,
f259f2e4fce942209a743b84a78ac28c,
8178dcbf371e43d183064ff3c1d758a7,
55dcdcfb07984abcb98c948148b991b4,
1fec32612cb64598a632ece1d8d11d51,
60f501ea52d0453a8aee301081af739f,
eba04f2f82a04d92bd5640dd75c7b76c,
7e2c718194704d5392507fe6c5cfcc0d,1790000000.0000
fbd82e784a2047db808d6a1a0292b676,
2259e5b09ad74074b109150e928c1318,
53d4187705eb4938a84e8bf5ad779260,
3061d72f18de43a794ddac26242c9a37,
f0bd07a5335e44dc95ef6dbd4c5c7a50,
832cba5c227849c8a3346b93ccd898c2,
f76334e305f94cdfa783df5358923a13,
c4ee30470ac449cd8a9dc9505f400398,
7eeefd7d94aa4624b5227a744becafda,
5c2bb51fbc3e4918992b02c899684c96,
3548d1829c1c4f29a140ed04a7bab069,
5f7df35cc49e46dd96e2b5e59e51c4bc,
7a05d3a15228452284bcba4f1815f2b4,
6fce5a7555c54f0d950a2c31c525f3f3,
3df93a772c9f4872a946a6a1d0739025,
565313553335434680c2216f54cfdf93,
eb4a7641f33a4ca98aee63a0b03e9ec7,
e38a162a727948bdaaa098b1f5aa4b63,
7a3c782b42574de2a018d10c9ea8082f,
324fe032f1ee40ad8f89b18caf0d3ed6,
e99a30a1f06249db8f45ad503140253a,
e8547d3ef5464df9b03c7d714f744ea1,
f50cbffd147649468035e2cd87bc9940,
e45d454fc2de49a096117c39fa6f845e,
de9dcf8516cd49bb8b937d36332b035c,
0891a705cecf49c394e819ea47bdec64,
5f82cf4516a44dbf858e634ba7493035,
acb95e57fd5d4d34a6b4036455c1928c,
642d23eae981446aa56f2cb8b978b871,861000000.0000
ca0fdb84508e488e849d92176baaf32f,
2251306b209a44bb95146484c7b66c66,1000000.0000
afd60eff217c4fa88e98c7630513729d,
0258cbde31bf45a18f8130c94e21fc0c,
526d6d084c9d4ce98601269bcc754eab,
4a85edc5730d47cc9592939332c458f2,
07e9411cda744020a3bfb7b2036d9262,
ecfc699e962c4fa39f54e395e22403cc,2877000.0000
646966697693482e92961abf7560c285,3000000.0000
5bd13176a48a4cc1bb21b7c616feaa93,2500000.0000
c5f4bea82688473aa16329905a63e5c1,2600000.0000
62d9ca907f85434b86ebde06ee26951d,
395d5ff9b70c4c82b7ba40a74ce8dd87,
b395569733984bc29acfb06046859e98,
051a1128200b4001a5f4af8ffd00efc3,1877000000.0000
c3e6377bd6f143c09a74bff1d137b2e7,
adc62cbbba654121b5750860e9d3e92f,1847000000.0000
44fe69efdce54331bfbe182570ad1118,
40b75956a97046d688ad730b0ceebf0e,
aac81cbce2ec4bf2b7be04c36cb93df5,
8396f0801fc643978224d1705397bd28,
24349a51f5534e2895a898311079d8a9,
11cc6b7456af4a5ca6dec2fc80dd5bec,
b6a9eb52234846e794189f870d524f0c,
85c55fff925a4265bf6320a8303f2a87,
364c79aea955432ea2287313f55dea18,
6790404b73174f0ebcea992065b75b95,
60de23a80e684781b432564724f93a38,
ab8d9f5540c14a6dac3c9c7137d74869,
2b2f5deec7134cbfb730871fb7da94d1,1974000000.0000
795c21be5b0a4978b925478d0d9b1e04,
1fc681e622a94de0ad18202ca43f48ef,
930c5892b16942bca9dafe4f0ae7c10a,
399ab6c5681145bc91aadc14dd320d66,416000000.0000
949918c615fe4ab3b311101489d55b6c,847000000.0000
6882b8ff790847efa771cb4457f5768f,565000000.0000
acb56a569ed14f7e8c9f87ea6530020c,968000000.0000
0e62a5d503ce4e13877e2b9bf4f68009,565000000.0000
e7586a782db54f4c962fd1bbd70e8328,
be3af920deb2462eaba34aae3af650d5,841000000.0000
7524efc4fa5d4a4aab5fba026578fb07,836000000.0000
977748fe705b4fcb9e140fb9eb7d8954,2300000.0000
4ed190a5aaee4b0ab82868ded3ada527,852000000.0000
01987f708a2749e88bc4375c46d47222,774000000.0000
eef42fa485654c6681acf7c5f7d24171,
a9665629d6b74f458fd0f939d98b5219,
3321a86e2e1c4024844e43f9d8398399,1346000000.0000
7eb8e3590723441fa6976bb0a9b6f59a,
05d61fe64cdc48bfa40da699b5c7a011,
7ee0618a3ed54cd5b96f0b8862f5a295,2300000.0000
a9f5d09730894cc7baeeb7f5b8f21dbf,
a9d2c35abe5644e48cad8cca0c76d0bd,
beef216692eb4bd599d176253426768d,2100000.0000
604907bb58664985825e34c64c04501b,
0ae37c4e82454cf494bdadcfc797a439,
cfb4b7cb575e49c79a3ec204c0df59df,
3f6dfc44f51e4905ad210053189e8f02,
fe849bb2fabf4ab69d242e5ef5baf5c7,
5aecdec3548e411c9aeececc44981e1e,
45f202a6c8554be1974bf03e545d3584,
0c5c9dbc955044838feaa3cb38fd42fd,
d66268cbc61945e68b72496299a99b44,
125deea4028e479a8ad920dc6cc79b88,
6377d60b6cf64e799899c954c4f82a78,
dcb18ac04e614433b90ac710d73058b0,
d19f3c91768e42eba366413a1e2e1c82,
775f1df2091942c4845dcd0d20780bac,
94680784029d4bdab22ca7780aea4a7f,
e21a53071c874b189c8bb9161a13b410,
e44b75f987c841828aed2d5b92923b44,
9d5ce7200d4f49da8fea1e70f405ce43,
c110d5c8a0d748d48e26c259990c79dd,
b7dfd5cbe5294be1960aa1072c20aee8,
ec27d88c65f94aef8bd9e0c66e3dc9bd,
7fd8f8c76f1e4f6e95e7c0635920c8f5,
8ab25fc0621a4ea0b540b1185c615225,
3536578541c74ffbabb31021a2a846f0,
8842f910449743b7bf05a6548440efad,
f1267bb50d454b2c8f70a38f78a9e231,
537ad7c705c841138ef41208c6ffcd4e,
c8136fded56a46cd919b84f471706103,
9f307d69b43d40339d33f7f8647b44e1,
278e96445a4144cd905419485d9fb6ac,
13c42cd53c794daa874ba86a210fd1e0,
2b60746696a041f89be11cdc3f2e2f8a,
6479427d4b3c46feaec107a29f52b5bd,
92968b3a6765405ebc2bd39c13281fc2,
eb23f5ea4f7d4938af0a67b9c3e481a5,2300000.0000
ef1e22f2f63d424d9336c435832a5322,
d3a035a79286415798508a1e858aab71,
a00e2bb25d2147629295e066d85e0f9f,
39272fe75235480183f62636b0cae911,
185bbabbc2fc4465b58f6442c47ed49f,
f12f945a40a44bdd867d13bcc7eaa6a7,
8c81e44a297945db82abada268e2ea42,
26f693a185e644b59af986e4759329e9,
369b4a90110540eb9aa293ebd0fc6f81,
4eedc215637143e1a0c23f562fdd6f96,
5aab824babd64f45b8eda812b10300ac,
03d8496a4cc04a50b94b1ce41330d5df,
40eb9afedf9249ccb4b682d72f1189b8,
0bc613cf61734de486885ade7c0aa890,
21cbdfb2829f4c8c97ea0f8355620215,
dd6567f8046640bb98f4cd59e8a57b72,
ba4f46bdfc3847b5bf258bd56a6eaa93,
ff21ab8ee7ac454295fbc1f28797d044,
fe84087dacfa47d49147ca3f36c66cc9,
e1734a5b0acd4794ab648fbfed80b85e,
0e390458578f40dfa7e9c6b2c5c8d370,
41440177676d41ae92846aec88f24b74,
6bedf053ecf34c058d25d3d5ea674f87,
19370a9618c6435fbaccf65fba273b0a,
fdf97b70effd4bb8add1079a4a83479a,
0a1228b6ae6b478fa2ece1aa5adb8a69,
5111edaa599041c48c1cdde4995b7e48,
76ae247d751345b9a6e0aff55d455479,
249e0b5d78f04913b44061f6300eb39c,
4b278d43652344f1a3f46adeeddcf983,72951000.0000
86403528a6df4413b4ac3408a7ce0331,
32ec3d2223414f99a4c233d9ed536eb2,
4461f620fcf541c68b336b900e807ec2,
b799547f068c42e682dddefa2fb814f3,
7d6b39fbc15d4daaba4c377a20cf0bda,
05ff6817659f4cadb9fd7080c10900e5,
4a40a3c011dd410ca87bf4b88f7dd433,
6c4f1438c883411bba40e542434bd86a,
44ce2aac5eff4f4ba62f3beab2bd4beb,
8a642e9dc34142dc966ea6ac30e79713,
50ca5d693d8e47a5a1d355d3f7205e06,
1ed5e21b412a4e64b56bc7880cf64ea4,
b87950fbf1db47c5985fa1c35b92172f,
e9018b2220bd4f0c9ed499547be410f1,
5f6cc9071d624682a7904ec9907c8d6e,
a07909a179274c9483b79816e472ec31,
9fe2a21ce9104d52a1bcac5589c237ae,764000000.0000
39ea87325e134328a8dc15c146075048,
3426472e1e7946e889cf0d6d1adc7fe2,752000000.0000
ce359e7fbd8d447c975a8e236eeb9034,
3d4b95af2f964f6792b7c2ba792e7849,
ed132e23c9b942cebb64100ba1fc7ec2,709000000.0000
d191ad59e026410282f5ec18146c7ba8,703000000.0000
00134caebb3c42ecbece512e77c8bb18,697000000.0000
869210f4361e42908e92f01a4750ce65,
2058d1b0293345ab92bf19341b66eb17,
8e244300e4ea4f5bb7a3e0005e37133b,
fe014f80d42b4f76b01ccabf9e2cc9bc,
013e1d67b1254234b1e4db4e5b799175,
7184e09c60424633a37108a58610aa2a,
3d7ccf0239954d17a123873e1a00230a,
3403caf28d0d4f53aaa6869098eef724,
9f27617e20584cf0a3e878a8d566420c,
8b11e8eff25c40778cea334e3164d220,687000000.0000
32290b92f82849bbac75ea71771f9628,629000000.0000
2acf7f5fcd5a4887880692af8cfacd37,607000000.0000
42870ed3321f480eb13533aaf0455f62,
743873daec004f44b429945e3aab0d43,
5481151dfea04a3d8cdcd50d29b4e771,834000000.0000
dc9c0914300846e5be6ccdae1a68fccf,14275000.0000
a96931f15566488da0645c294c2cca4e,17623000.0000
23e13979d2594d7e87b8620b4a0a87ba,20903000.0000
f00633dce57d495cb3de19f5337286ec,210000.0000
32198a6920394c049694512477d74915,210000.0000
a80d52ebf1a34984b7d76e4fd6dc732f,25213000.0000
c7d25d6dce034a4683c14bf4daa58193,
468ff0e836604538bf02693a55c39f70,14673000.0000
4952529af4c64d05ae266347636b1cf7,210000.0000
c6ef4411da834edfa00f00cedb698fc7,26853000.0000
190f4696134a41129a797222072e7c1d,4165000000.0000
844875c4a93f4a2b81922e7b040f6ad6,
9244ad9512ed40e6b1f6f75e0ef18288,210000.0000
93dcd041f5784befbba9d7477d3e4b79,210000.0000
00a452ce2db74bd5864e195d80264e2e,210000.0000
87d3d7ee497b4f2ca5c4d39415b6712d,335000.0000
6b4cbf4f96384fca8a7045417080c261,335000.0000
bcea668b79e14c49bbd0d8259f81c259,335000.0000
41f994ea0df043c3a0b6a84c13d7010c,335000.0000
bb1890a64b684803bee8b0b683a84bd8,
65ac4f752c424239864deb75c3947f36,
4c15c62ecbfd44f083c301a6a2eecf48,
1afd56d1b1b94288af22eaeb5cddb8b4,
f45ec3b34704487384a8db2224240a02,239803000.0000
9cbed0454bcc473f962e226bac6cb6e5,14208000.0000
f491874e3d7d4bcabd9002a4ebc36566,2586000000.0000
8b6801173041455b8b1a351753448039,
203b53d038e949ba9560c1775db12285,2891000000.0000
f7d2e75b659949ee8c85871c1a347ba1,
d91106c077e947c6bdb1d46edebf2fd4,
232657a36d2348db83c7f0da29cd134f,2760000000.0000
9cf8ec262a9649b988b3f202eafa4b1e,
c520c2b3f3924e43b83354866669d4f4,
10a24fe3c9ae4247b04ed5dfeb49d431,
e439c5897f2f473fa003952d6ffaf37a,
f134ced2710c4301beb94e042ec84389,
4d8d0f39c78c4ee992f180ded56bcb94,
6d78a815baf34b919731ead41de95000,
efa5bb2eed9143278be2951a779a9999,
dabecd1762654e3e91794def345c451f,
91231e8393454cc3b7a6f6b583b9693c,
4b8066bf68f64096a4beb2620e51fc02,
78ad447366734e42a8c8870f00e7a852,
b1dc0a1256aa4a608d167c661eaf105e,
514fe41824e34a25b3d7d0f9cd1a7d7a,
add9b3b4d838415095e56513f1240b0a,
d12659b6e33341319ec9799d17ab9049,
1b2114b3ab9e488ca74efe0f739d81b0,241000000.0000
05faf88eb34542d1bc8a94764c367558,
4b07dce2a01b4c689b72c34d08acf731,
884efc69e34b486ca761c2d5ff941aec,
b9cfdf1beb1a409aa98de4d5d0880dcd,
f17876d9ed3d4ab8b5b0b7f76122e2c7,
fee644dd1426436ab3ec1c302892f94f,
f0d0e5a086564201ac808bcd69ce5237,15900000.0000
b2cad6091e5c45a181f73086b6104f84,191000000.0000
c3bc262486ad4e7fa8f3c3fe5b0e9664,234100000.0000
290870b92ad447acba4ac0d023c401bd,
d8cb5a4dc7bb449f98240f3527b946d8,
bdf330dce5a14ef19f957ee48c192c98,
aea8caddfd434435ba6e133a9f09708c,
3715b96d1a0f4af880590606028c8883,
f114dba7339f4d69bdc87004e4539800,
8e1311ef0b5f48c5adba4dea8a9e602d,
3b40ce51834f4130ab8d5841a3691558,
be5ce8e41fa744369e301ed6aa93e584,
8841b6b8f5044fa08110a9a23bcb2039,
4a6384e08c7d417bbc56b03463fe785f,
72798f56caa1489ebb9cc4f454f8cd4f,
2f58310913e1426d953cd875063b73e2,
9a878d75e90448a3b094735858d64299,
fddc351cca2a4a2987a852647d9c9823,
cd5496c5618f496f8ba391ee9869a0e7,
558e84b468e749c99e822dcaef2ce886,
1122f66909a8402897bd25a66d2abeaf,236886000.0000
f9a6a56e0de947269e687e3b19d77ee8,
23b7c5e006d147d6b53ab457099f3f93,
5d36ea7f26e74e82b0cfdfd687d20774,
cbee839347814926a3de8ad93f330680,
c20ad05cff95431f858561473f1a20b5,
d0dfea44ae0d4756bc72cd5debad53e8,
66a89cd3463947c480f9ee499b3dd4ca,3674590000.0000
4213d35850ea4341a66ebd92163a4da4,8225000.0000
b1f20eb76da2454eb4aac6c47761de5f,
60ba42fd4f24453ebe8dd1c99a312c25,
08c1b2bbf9424b08973341472f15d3e5,5094995000.0000
0c3e7c99245f46ee8a31ceb1df803389,0.0000
f25944d21e374dfa9dd54a0d57cc27f2,
a5708e576d8a4bb2b06776e02476ab43,
6e1d520429dd4d679b14db09de732391,3607471000.0000
fcfdae2ccb8040cd9592a390a7eb02ac,
efc8dd12c47f4ceea74921215576ee50,172000000.0000
31f4cf99dc6d44fb88c7819a4f90d5f5,
99e9903656544ef9997a10462c611353,
81f58f0184c64dcc9d6baa1db5401da9,
7509c8c9f3bb4884ada0db3721ce54e1,
e5ef8803c20746ffb89f3fae2c661d00,
36a23394c4fd451da12950e2f9dc64bb,
38619542f8cb4d95a2ab34117c6901aa,
1889c705a79f434784616106256ad9ff,
db4bdd47f35f4cfe9bf27fdfa946b930,175000000.0000
62977362ede143f299171345b994bc93,
f91a8c27a0ce4e21871d568ca0d55431,
4b43aa81ac9445ada627f32bfc2152fa,
3588f32bb6a34f3cb01a1956e298f1ca,
062094fd6ccf4a6c9caea37de6f7bf82,
5b0322b00a1343f9a684a757d9c4155f,
26294592f3d54a779277cd3165b0b998,
77d7e1eac3734a91a2b18d152fbda821,
1989d9de2b674979b517bd5b07e41071,
abe77df7e8944f44aeaf4577a856d668,
b48cd343403c4aeea10504d90872b736,
ab81d88cd65e4c36ac8f98ac2331213d,
9f6f9a1f4adf4576bbc230ef90270a58,
72a734db7c9b46a1ba9eb6199768ef6d,
a55971ff8af24f8a886086be1eb27ba4,
92c9f76c4dc54c9da965fc4fc6073fe5,
3c437232448f49199a0b1e8ed5ce1d52,
451f6a3cf8e145c39888c09285e55096,
0bc5622f1c534e53ae46ccf1dfb4ed3e,
6bbbdddd497844cc9dd3e78b082c6b66,
56df7ceb710447528b0cdcdac3e5d4c2,
049427d8bccc48babcf36429cf22d7aa,
ca91b8dbafc54bd499a252a947596eec,
73c5c9f6ea2f4e69893a61002ff32e23,
b41a18209cf141349a76c065bd6460c2,
bae1f366682a4a3c987ef5015aa62e1f,
101253adbef842839dbf2f2bea01d081,
06ec0bbaa19f4c57ae11790dd8f4517e,
377c6c9ffc7d46a78aec3258a4d8c769,
55d3d0a5a3184689bf1da68f998d76c0,
2da2f688daa847c799d75c674dd90d7f,
78524f6fe9e049d6ab2ae682612ddb0a,
52057a03dead4af3a235aba7322b0a05,
6f56f18a6b814334a851965f848b035a,
30719a2adbea456c8ab39b3ea84b315b,
c975d26d1b9a47f398e7159d4d9e02e0,
e7dc6e4e5d3a4d4ea8cd931678f96e68,
be0a5e843e3944589c06b33dd77f9594,
261e679631104b188e0415804080c511,
511be495aaf54a15a4db2165757a9a2a,
bbf391908eaa42cda68b79f02cd89e9c,
35c95fefde1442d990e4cf1e54db8d9a,
5c36519cf9354644ba439577f5e659ea,
c909bccdf36d4d4aac2bb4e74c4a2f4d,
16aff03ea5c0480d82cd4a5be7dc6b2e,
bae11c72a49046f0b12fd112921628a4,
7caa08c5e67741b987c5ff34254423d9,
904bf09bfecc436b94c5904684feb6f0,
16263b3fd5944df2bab7a06f77403502,
6f7b0eaf5ae34c13b942489cff19b9cd,3418000000.0000
78471a217ca94b848e999ae18404dafb,
93d7095f05084f24ab02597594297b05,
21bd64b47d9e486897ab709b6168a199,
e084163027784d4aa7ceb30c65009283,
a09efb0b761147d68568bcbd292a7071,
ddc6bc01a4e04ad7925d82a3497ad7fb,4509000000.0000
6e99bca347004c278bd4d13babf703ea,
7e421cda578b473192d29ea06c1a3a02,
274e5499d3044eafac38245a24af2937,
99bad5fa09ff4d5daa089b97ad16bc29,
5accc18c7b6846a6bf0cd5c531003c29,
cc69307bb2c045ad8b85126c0cea5663,
063dc7204ea64433961a6a0bb0a3c1f3,
13a30bc2f1bf483cad21d29c3d47c9a9,
72e6d3b86b2b40d98ae0c4ad5b97fa39,
747cee5909134999943823c4f7a464a4,
828ba28becf945db9f718cd6e797ba68,
931ab8d410d845b5a4344a1fbaa9fb00,16236000.0000
790e8a2beac940fa9fc9c8562d400eb9,
f0e4f0fd508a403f8b9063b49bd69d6d,
a313a5e039ed4cc6b90abff313b75c30,
8e7cce1fab084b2b8fa1be945a371f2c,5682000000.0000
23e45a37ac9e4ccdb1b73e7bb7a051ba,
62d4451eb7b24bedb82a28dcb017e594,
2be9d0ab525f4e44ac124803f5e7a618,
91a348a14cc946ceb35e0ee2711452ad,
8e7011d7d68c47adb6a4d7dfe4d21e40,
d5ece027b7b543ec88c57d7b309e87d7,
10f955133b3c4e3d98c0643f3d0f0924,
1470b822c34348aaa68b86c97803d6b0,
799522b3611f43cb96771201d59f82f6,5346000000.0000
b50f9450f43e49dd98cb1cd6817eb87e,
c214e49c8e2447bdb4231c3cde1d40db,
7efa08a758974633bd916fb0a8659281,
c947e3fe67da41d69b6daf2be6e21616,5773000000.0000
4664b61071bd42fa97d7cbaec5dd66ff,
1ed2f79a2b154872a08098910c82e0e8,
09cfd0fac3654506b40015641c260666,
da7b890eaf2a4a3db922d0739b1e416e,
1167783fd2c54bf2a56ff8a112450943,5745000000.0000
c6b427c1fd6b4781bf38a3e42ec8ebac,
7137c0f783e04be4b373f3ca868a964b,
be5a2212943240bb940228aaa6771825,
b97e00d683534a71a34c9d11b880e152,
28eecdcb3c114b10aab53a66b515a5dc,0.0000
bbe3b4afaa584df88a3a5d4b3f6cd2cb,
1c9555014468439997a879fff11975ef,
37d91b3da9c14293859234e245005dd0,
091289065e714aeb892ba41685b248e7,
c9dae36885aa4ba6a5d0d9977ec6453a,
ebd203e1a82044629d1b922ce0ec76be,
cb642aeaedcd47ba9ebebd7890d2d39a,
619f6ad2b9bb431ab93797fab050b8e8,
adf5144308bb46a48678a21296e83d18,
8dff01a6da96451c987e7c3ab2104ef3,
a3f0555b60604b478f1fab7018f58d49,
be922a5697bc437ba0dc0f07134adb0a,
2e07b29e354741d090bb737f660376ec,
7a114c5f55eb40b0a796f671909ff048,
13cf19b8230045f6b639106727d8548c,
c2d31d01bf48482b8e3f275523ca81b4,
6978a9b0f7b842bbbf88a5f73a4dcb84,5782000000.0000
e10235e29ce5460cb6a1fdbacdb9f3df,
0c1d3ad5040f4e1f8d66ba341a5541a5,
82f707214ceb4e3e8e32aa12354bd007,
c99f8e685333468ca160a06f73e8cd63,
3f2954b9db6e4d499fdbe85a076fe25b,
e5101f4e4d344d9f8de094ae4ebfd8d6,
b19ca58cc8c844a3a7ff2621a362460f,
2a0a884772e74934917b505573bb267d,
4b683859b3c64816a463a8ce7001660f,
25e19a88a52046609e6926be5f0eb21f,
d37862bed85c49808ee3ec396da8d58a,
9f9471d565604073b4b48c1fd558476c,
fb153ba2966947fc80e28f78cbc7995d,
ba7192e00fa942778611545e2708463d,
dae2f9964dcf4538ad17c8f6e712fccc,
cf44ea0ccd7f40be93c52d792312f9e4,
a00bd46e92854b3dbb6ea1e30808e9b8,
30b415ea05c0411f8a4d622796299c8d,
1a0fbb16dfd94456b0f2c600494e3ad1,
870c54aa90594485a5c5dca90eede01d,
a766c838f0394f6baf19528a9512d71b,
f2b9b62eb6d4486bb068ec575017a558,
eead154ceb6e454fb807c6e31ef7fbe0,
3bed59a5c68748a98bb2d6e713f57480,
4b44616b7617469ca450ae4ac0f0e618,56351000.0000
ba1a647612e3414cafbba3cbf4bf06b4,
f03a31c3b492406ab34a8846cd759354,
1d2b0d7f23b0406a94bb76a98537fab9,
cb16d3133dd84416a7287731a5e05014,
08574bb541b84a34948775c47f38be8b,170203000.0000
3a1ff9b668ce4b4fa6b8897c2d946ff6,
cf8bcad656304551a91a47041bebb4a2,
7a6eb092348f414fa11f7dc656174c2f,
921b86d4b40e4e99ba9a08f1786aa89e,
c3da84d85bbb4fbe86ba0f6c9af0619c,
fa10b76aaabd4c95b48bd788d10f2c1c,
478a35e8f6b54395a811dc622952a0bf,
c46f240f00d74fe0be6283084e28e530,
16f7519735fb43078a5618ebdf87e5b5,
c20fc2a6e9c8422d8dc05d87b1d18b65,83455000.0000
55d31d3b5e1244328f79fe7968ca8bb7,88698000.0000
b730791727904b5faabeb8398c1b7df9,90855000.0000
744ca7da0f8c472cb6c2429ffbfcba51,101465000.0000
00c07d93f15d490ba20f11dbfdd33eca,
5a01c7ffd7ae4e66940c0f9cf284fcf6,
86c77321264b4de2aeb7d362bc117ba1,
cd15aeacb7964a1a9b0cad3cb3d9ea42,
04a9d7211a2946f0b3ef501077f0afe1,
2bd5532ae329444ca84de0383998515b,
a9b14040af924d4ab03ac07703f50272,
f0177ec7ed06449a9373b2e33f00caa9,
693ed340eb0445a7aeca778aefe636bb,
b51d614355f4444fb569cb2c94172f9a,
46da63225d304861986a58de56e48e7f,
518d7c9ad5004be8badbbb27768db92c,95284000.0000
26bf1f26b722492587cf8f869faabf9a,
2fb1b6093dd9460590a7aabeb50ef808,
94adc6b194364d838f08e1e03630dddb,
4c764dc7e1a34580b38efcdaf9518cf6,
6453691af8ef4e2b8b47b9d38f9a6745,
87b683c4595144ae9a6af11a29f69ee0,
2954a6c6a54946aeb57e88e924d3520b,
07b95ddac1d049ae9746e9f2e441b5fe,
0d84ce91c76644d9be9004e7e1e59221,
180d5bca962b452aa9bd9c72266cf372,
204b0dcdfd164c32a6a7c698557e0b74,
3d28cc08d73c4bf28dbf4dc5f6253285,
b140383f1cca4e398634b33910eca370,3685389000.0000
927232754cc04cd592c4a743aeaa0d40,3607471000.0000
5ddcdd76ebbb4e5ea497f37db389040f,0.0000
2e8cfa87527945ea8351eed796a2e14e,3337007000.0000
a4b1ca5cd70e4e2aaa3497a7e819b94d,
6fbdcb05f34e4cca91b63c018133d023,
f6c15ec918c446e3af9c35ff3677d505,
d3556f42ceca4b9b92acfacd10cffe71,
bde21a241e424dcc84bc59fb3f014599,
d1c69787e2f04b6d936f67d054cd2b08,
4e6840803d04494d9c5c36a4568829e7,
0f2d83ec7f2849598a01b8d304b271db,63073000.0000
125373a06cf04f0fbc73f812034c5407,
f1ac51f3c5374e64b5588e8eec1bf234,
80acd2a6a1ae4247b22f34ce6d8ca3fa,
ee142a72b7bf4a5d9369e81ca902399f,
1b57ccedb5884ea4944afd29ab8827db,
13b172083883498389db15ac9a74bd39,
10c80dcf8b254338abdf94bd16cf36fe,
a37d12f7e5a540b4afc97892f84429f0,
33f623a6dbce47d7a98e8ed60e169c7e,
d6ae8533b6b24eefac0e28d20bfc544f,
9a1a43e03d404681b778203b4e6ab6c1,
d028584ab49b4c9e9a04663f38c510e7,
384bf43c92bc44d6a441c17f860e0ebd,
bcc0f60cf35b47c4bf3bf8b461c46e8c,
94b230401dc346eb916456f0f76f019d,
5a23c19cc0b84837a85e0a4d81565702,
e480ba2c30c74a4196639a9b2db89232,
6316d49d321745719ad63844986bfb46,
4f5de003b2724670aecda9e4e58d69e6,
b2b0476175c741e8950f01a5759d9d67,196000000.0000
c43d982865904c0889b4e504c559c8fd,218000000.0000
18e20de546984dbe9314465f8670a6ca,
01df12f3dc384818a84b9eb180779997,
4e6422d73001457f94d208f67e0f07e1,
7d0199cad8b744069242bff28ed718f3,90798000.0000
5872813cc3844bdaab42b01f28de6d12,
92c35d07068749ba9d574163cc83a98f,
655262160b274c38bd9bbefec52ada22,
cf4d821d88db4729aee0be088147bc6e,
9afc93c414c4445e94a30e5da7dcd7ca,
ff20797690c64eadaa9ad0fca80cb660,
c03ecb0fee0c4a6caf9f1e18b1dec2dc,
eb3d190ef43a43a6bd1ad8fea592f933,
597e2470144d4471a1f34323d78320f8,
910b439b074e47f0aafba0d955ecdd3b,
17223582430a4071879a990dd5c3f95a,
e8011eca59f94d88ac919c96b39b2194,
b741da68cb024cb5a5a73e9ceaf70241,
0dd578132b974629b28828c2ac768586,
8a0b70d807a0453b86c50adc17ff4edc,
14725bf7252b4425be9afb60080dab2d,
5c7f35f4f0b548d2b5582af397d90d6d,
e9b152747ee74d069b0417665108872a,
300a7385d1b34be6a25d814311df4356,
2ef6eb6844164161a5e5236e3a5594d5,
995b0679834745c2bb2bc3f614ee2946,
71e16095a8ad4172802b9ebe868adb50,
c9798e8130164303bf9987ade875518f,
52b846d8351b483bae60db6fe6611fde,
c3e92072a133424ea08aaafc54ec2bd9,
ff9e6d609ae84e9a884df7dc4d10139a,330000000.0000
7178058178184923a0aeb121357ecfed,
92ff3f82a0de4e47ba8a750dfc806aa1,
b2506b216b084b5bb8d3345ab09c1edb,
eedfb9ee2f99447bbf1202de1c61a697,
3700b0cffcfe4a99a9e26200c081931a,
cf074095192544edb72070d9b1b38e15,
c7e8de5f80664feab0124e635bc988f5,
4ae4f656f3f1484a9ca0a454b72cae5c,
b162ff1398fa4dd795f2428e9894bd9f,
09813c0bdb004213afd0fbff9d3d0598,
c0eb427f23c54ab1867ac6c47cc7e96b,
5a034ca35223475da728272eced40fb5,
662bfa0ad42446f09dfb7ceeb07ee157,70553000.0000
b91f0d2387a146379a8bd488bfc26a24,260000000.0000
142e153f5f604e3db8b4560720235c48,297000000.0000
ef5d3807852545c4bd7b61d57e677a4d,
1e998fb9cf4641deb93215657d1fee0c,
f00273ebb422484b8d0f9f731e148270,
d3194affbf4d46a4af59a46cac912e8b,
b6d04c5000bb418b9a79db2d7ef9797c,
4dbbce582aaf4572b61ff3fb59cb7daf,
0a80d8aa88324771b86dc67b52c5da57,
e7ddc213c4b4457cb055bb1a4746f87f,
1aa329ec9e5c45ba910852a997258fda,
13efdb2ad94046f18005cc15cb5a60f2,
f7420ded48e04627aa3419b530325ca4,
0e9ad0838d65428491ec59dc5d3b1ba9,84000000.0000
56f98b044d324739a0f7e7927120de9a,
c3056240cf074ce7864831c367baa5fc,362000000.0000
0b04da488e9f4e0988c5aff45770cbaf,334000000.0000
a8702509f95e48ea98cb728e3aad44c8,
4e9194638025468ba658a6dddd1df944,
ea7a8cc52416409bbb3c562437d20726,
faddf1cdff7446859e6fc23f8913d66f,208800000.0000
4fb46a2085d74c67955765da79bbf9b2,
7e63f82b2c844ed991f45e12cfebba00,
97a5482190da4446b8ffbc6ed435c455,
473e72b17c414735b559254ac009973c,358000000.0000
4858dfefb04f428db946929bf6690e41,
c637a6fefa0745ebbe20c106e4a6ddab,
62f63b61314d43998c1bf509a78bcbf7,62000000.0000
cb9ff350c9434bf381653e533e8572f6,62000000.0000
4b1437707d06474dbe7c8689b116b185,
7eda920cfec84dab8ca58adfc265ae5e,40854000.0000
78bc3235bc1147ca89c8c6434977417b,
1ef5431e4ca94e3f8851171cf41a0e1f,
c4bb07a4beee412b84d35ae0ef508a65,3668288000.0000
e843023af7e346b1bfae938999e6242d,
0ce1eb51a0e140c38bddd70f2ab228bc,401000000.0000
7e92701445074baaaa079dec369686b9,
cf2888d4fb734d648bf81932e17ff915,
d96f4812441340509b610e82b4569145,
cbb5870630f84e55850468c82a2a2726,
8e83dcff89014c5a854e6e7a312fbbee,
29784338392e4bdea1a6df02da3e7f00,
2f9e361decf34a6590c636c041a84100,
60e75fd7bffd47d0a43a0a3459a88373,
adf3b9eeb2ae4dcd89e750e6a2bb8334,
293a4f0e9d3b42199f38e67497c7ac75,
60a78e6e5c6f43b4b05b55a73a753ece,77941000.0000
1dffacca459a43da8d62d73ccd9185d5,
d1022ae0e92e467c91c7f4559d26d1fd,
026aff06a0f04c7a907fcbd41976efbc,80981000.0000
19c17d39eab44316a48db0a7d561b90a,
b5c7e09168d748a6bd77f59ddbbfcfa8,
e48a972b0d094f07a8bddf0177af2ecb,
5fb196ad60f64763b6beb4ff1e779b3b,
fe28de04ebc94bb191c1843b54d1207f,
01da1752e05d4ed5be6ad4572add742b,
3b35934a5c7748d19278cd755684e185,
69ff951fb2674d4f9e4928ae5a7d0cc8,
746de6286e70444b8eda03ee70be19d2,
d3cf627f77324c31a77a7cc986f00b2a,73921000.0000
8324ca133ecc4ca8b7ce75ef7c1da257,79351000.0000
2656c992242145c988871bdfc080f31c,73681000.0000
40566705c9bc4bda90757bc68fef177e,249000000.0000
94211273337e4f9bbccc472172b468bc,15000000.0000
f67725fe8d1c46d4b5c37cb83216a9eb,79670000.0000
bc4c3163cd884bcba3aa22bf7c7981ff,79031000.0000
91868e0a06c34b508d200f28fffb62dd,
d831d7f3b1684a3ea9735da09f8d380f,
02aea42650f042e2a8d0fd2de001c6ee,405000000.0000
6471bab9e4974b2c938d1c9b334bdef2,
0ddb4aaa8cb147f184303bb62ca84ecc,379000000.0000
3f079b91c4844f4bbc859e30afe13ab1,
30d04ee8afe545a28831d83256bccbbc,73681000.0000
656c80265a0b4f4db1f5416747cbdd0e,
5257cb876ff743cb8132992587cf50b9,73492000.0000
00196ea2fd7542e08f1a4f6a5a83dfb9,
d652f7680a6b465ca6ddabf796186c76,
a862462fb42f4c9996395ae584193be4,
90cdadb7e88b4f1db5de589ca7c75016,
9675aa5f64494d569a24db6e075ed857,
05fb733c0ee44cc0911bc80f1644aa4d,
75f3b50b84524f82aafab82c33095689,
2cd44c78c4e7482587763be4b9b16837,
0bc51f3297ac4d56a9292fac877c6460,
c2768303f2f24673bbc3a0d76cdfb450,
f5409b3dcebc46008918299ebf5720e7,
5d570456fb3d479c98aa3ebd6b6cf6bf,
90882bc92a9d42509ce520e716b6a4cc,
7f903cac710d488cb1645851fd4858c0,73145000.0000
d8f91b2ea329473db8cbf1ce6da3235b,
d3ed8dcf43114c599794d163b9b71a61,
f6944c4aae7d46c9ad6f0c39cb6cf710,
2ecb93a995b546bca499874514ddeca1,
74c9831b30ab466a908aa7b9a5eb3498,
c41c2198aafc4861a0bd7e251f1ea612,
b3ee8e64ecfd49c78dbe4ea9fce2a9ba,72903000.0000
94b1e51284a847d3bbf404c56de5ac87,
aa4a8ed6f00c4cf3a1c8c28aebd56060,71944000.0000
9b12be66af5848bf83f6a3d4d11a679f,71682000.0000
58807fff3fce4c4185e56388c0d926e5,348000000.0000
0f32e5fae05746a2b9a6324a7d14def2,332000000.0000
099f75736d794e27a1f1346e8370340c,
b3a14ac6738f4ed48120d6e082c7fbfc,
8a14272409824531b7ad9124ef49a167,
07a1de4f2bde4e66a6c72551c07c609d,
56b7dab5ef0e48b38fd9a70afc940c3f,
5dfb54365f3b4ed8952e9edb25a80e27,
fe646b4de7e243b3ae78e3187ada1c90,68099000.0000
aaf5881620db4b32827ca5ce4ad0891c,
ac47ad030cfb4d39974d9fb4f4e122ba,
1d647cc763ab468881b3861a056e5b95,
da4f7fc6ca7e4ba4891281133bdd0114,
e8317d0dad4348a4854817f1f34cf5f3,
91d6b25c1a734e319e46e9773f3efd60,
58dc3f7f8d51413e90cb4882d9ff00d4,
89f60718904446ed8b401b1188def237,
2a6b045cc0564a518b97ebf6250d7b96,
b0c276ffaf384a26b30e7db930fac41d,
59355f4080ca4fe3bdf7ee7161455ba4,
caaf147780cc45a2a971a7bbf55a31e8,
cd942a0309a84f8b90cdd3834a589e7b,
3ff418b4caf34d93a4b5b97ac8b71e33,
bb974a74969a485393bd4c88b335b829,
7e0064505d5141a6b3f93a5f9f6e86ee,
a8c47c01452043d1812f5ecb3440f583,
7dddf211f1974213ba3d6f793614843b,
e4d1ad48c77f4b8590b8a76f03fe7b8f,
a8dda66fd4084296aaf6084f6bcc2660,
ea03f0a809394bdface7eae387867576,
33bd9ced402e4a369926f91c71383f48,
027bb57a98ce4b84b1c97646db39adf8,
3f828b30669a4c0b93c484f9b5a5cc8d,
18f3fe072ed0432fa2c2c2ea016d5afa,
f9d3ab8b212342bda13b3e8053eadb5a,
1cc94ff701234120979b8a7c6e7cd5a5,
1b9ff323a8424bb684db82e8de4db199,
ad87d693423a4cb19b6a102b3943677f,67611000.0000
e04bdf655b184e01979aeafa8681d7d0,
f20d4e12f9064f8fb3fb8c31a9adb1f4,
8d3fccc9a92441378a0277693ca014af,
b281fcab399948b585fee33102af1cf6,
dbe9b7d634f948a49213bc3ee499ad83,
44a5aa8287664faa9d0477adb468d7bc,
c1812b52ff3a4d4585984867d866bb90,
ee46f01cfd9440be9bcc2d9344b05d77,
d835261db6e943e69754af15b7c9b019,
c052b42a2ddb474f8ebfc3e5b889f852,
29cc023d0c4845b281e4bb55d414af7c,
d61a67ecf2524be4834066cdf098f192,
4bdefaaa38b74a6b9769ddfaab1ce075,
dde56168d3e64c5da7aa1a9a6f1ff207,
5f71910be33c476e88bc17c52a308ea6,67967000.0000
b7464fabc6e04cfabfcd08e90c9577d2,
224d92212de949c6bdfb506c47419d5f,60062000.0000
8ea66d8525ee4b04b6b41f18e49948d8,
f864a0d63837438c9479d26f524f6e7f,
d7bac109dbe145f9ae5ce5d8255997ca,
ad9370c4a6074a82820ca430b932891c,1978000000.0000
801b502463fc4e989afab761d57d3070,
19f61957e67147a8a55fd6f2eca79cac,
0664fa57c4c94e9284a1d0d14c6b3e9f,
5abca38be6874d02b4acfd1dcf2f1787,
51f484c875c547e288b8409159135977,
eee3804a51ec4ca180ae8f3838bc44ce,
82c120dac8bb4e4d8dc708461249cb62,65137000.0000
170753f0700d4cb7b73f9b3e28770e97,
a71d19db703d40c697fe4280ba062cab,
c897384d0d1944179e17ca82dcfb1002,
3b8f87d1499347b09ea9720011a60e29,
9967546a676442b28415c0b3f4d4120e,
376fa5c545d04d6f983f2bc1a5a73d00,53165000.0000
cfbb929802504ab7b714499a74c6b3dc,
4a37eba3b6554a9cbd4ad089ebfffd87,68765000.0000
f1f97e5360c64eba9597d2a8e047559b,
767f1c65870d45eb87ef7e3b2359bca2,
0fa2bbd6d690456cb47226702eb7c26f,
538e134c6c8e4f5380948ccb67f5fcb7,
80ced4b1442d406da4912155dcf44d2a,
d9f0fef4a8114e33b264368012bf6121,68765000.0000
23060cb3f2e8411b950ff50d34270d44,
9b04f823911841b0be0169e0eb02f5b6,
8c9a46f94fb84636ab776c3b0f799a70,
b9b4036f449d444f8b4cbe3fc0fee7c1,
abaa13d0045249b98b59b3807cc1745c,
1172a17afd4c43af8c812e2cbed3a938,
0644b8f99c9c4afa9b6801797a9d7190,
a1d867bf71324d4a99aaf7aee1c508a4,
1ce0f68fc02a4672b00cee2ecc6506a4,
9a6651022717436ca5db25ef83b3e6d3,70110000.0000
0ea01c39954945b691898c61207c1812,190700000.0000
b1922914a8b64058abc6c74acc80ca9a,
6c4094f09e144fac8f4fc1cf9fea2df1,
7a73bd84c91d4ab18b5c0200631ec973,
f368bb7b20354055b59734c6d7d71fd5,
10e2977c9b3f48b086b9fa7922f2b4b8,
1474133130ce4cd99b19745b24861235,
d041e8d7e4144ee68db208c7a09d604d,
8c345342f5674bf0b4dd20be1beb5825,
21448d89a9724db18d11291ced1779d0,
fe8da49dbab5430481c8c66e6134ecc4,
5e14acb063f34a439abbbb23e3c53eda,
2a342c32f3ea493993632b7b9e450174,
92dd6b9591ad45ad85abcf5435239a98,
638a231c899e4ab9aad5103fd0e856fe,
dc8dc697770e4ba6893d99edf429fe8c,
4b8617100c88495f81adef09c1f573f9,
390c955fbcd64917b433851de1597ee9,
f26113adf8b54cb7b7f45cfc5e661ce7,
63cc39ef2b544c5db21125ce7c74db0d,
ccc01d24b1224b49883dad1b3e0eeae3,
ce65630388b347e4b7576c21b1c4d501,
93afb6a8771349a7bdf6c6a545919d16,
97e69f9d03ab463d9c54c211161e6e7b,
dc4ec4f34bea473d990f673beba4368c,
2f67b056ee664fe38609f38b6a68b742,
b6a61631ce40469895db32d985ac81b5,4000000.0000
852cb5ed28ff4bc0b420509fa6849dae,
5d4a8f53e62c49559cc969e18cacd84b,
b45a7fc2cbb34ac19ea5ebf68b264a19,
86b11a1718144de698f8cb68512d585d,
d15c49f3078f47b8b9b11bcd7e3e8ed2,
fea88aea204b4d24bca27c0ebea187e3,
ae982f65ebc0474ca67991439081ee26,
d5dbe1f68c69417b9b8cae759b16773d,
96a00df5d69741b392fd9e982476889e,70173000.0000
90004502968e481788312186bace50ee,
45a0afade8f14767a9b78e7bb58139cf,
9d73657252624151848820accd351f3d,229000000.0000
0c059bd37f0c4fc2833a0e1b3e65375a,
80311242faf74b6e91f1f986a4018349,
caa9e008e88b478d88e3a13d49ecb53c,
7bb82f699ecf4dd5ab6495d8298caecf,
9671cb0278394510ac09729e7388c39e,
20042af32b3948b5848bb7796e85a409,
a417d459082347a9a6a9ba2c9d0f2e4f,
1b1c44b33f5647eabc2b1ca8639a6acf,
2274bfb87413460390a900b88e9e2a58,
f8c5833d7b694a73927b597eb3bb9834,
c3f487699fab405baf9322e8aa4f62c4,
a4588aac905249168e58b32c319a4ced,
47d2affd2b9d41b5b1146bb2757f1584,
2f1780034aae4e16a8475df18eda42a7,56560000.0000
0225920e16f24734829e3a63b1b08d30,201000000.0000
f0cd5c8079fa4dbbab81bed4525657f9,
6172597328de4cb49b8b2fbaee1a22d0,
ad10c0ea2f1242778db306b54e0685ba,
8b3664edfb274031881e5446708814b2,
547b99daa4e345fd927f88c584bde648,
3da2ba628ec041e99b5a824eabf3c517,
710da0869f2d4e7aa18dce7ed30ef022,
d14eac448a7a46f0b63cfa2700486af8,
1b89b377f325420bb5dfce5939041f19,
876b432f9ffb45468b5366a9eb242a67,
2b2cf7b4a95641da9741a580bf8700d4,
6e187b1cab8745ac9f2826972eb6cc7d,
53a37ab9887543b1a89e41498a6fad0c,
52d3fb5e8f384b68b9d826a36cd2be1a,
6b15b922ee104c43990fc92a60d00dda,166000000.0000
3bc1f31710264dc8a2c10d2f11561add,
56eb76f5ab4e48b1a07657a89748aefa,
fe5437c7e4304fd8a5c8819ee3bdd496,
8ec6e55170c44fc5823366da1243f37c,
b4f5f52079c547c7a593b1d857e0810b,5610000000.0000
27ec0dc337784c1bb98b213c5653d50f,
0983de5bcf8a4a459d8a2c9cf96f82f3,
5645ffc302014d4d9f545a64c737ff77,
3b1487af28004f579b780418758e33e7,167260000.0000
7479f8938fc845608672bc8d8bcb5aa4,
c04c7d2f806f4dc2a3af14b04bfbb77d,
0c65e59b49244d05b4d1589123ab5f8d,
8b5dffd728b945e39278d90c5861e1a7,32200000.0000
4fa2da009d034aaeaf2a9ea76bc5aac2,
9d69d662a2af4b2299711d4aaad858d2,
5075409a7b8749249b73b13554628ef2,
3045df17f9354b30a32147d7115c3bfd,
c34e540b8ed74aa8bc00237f4e97ee3b,
7de81dbdf1524f3db49bb873d92af67d,146431000.0000
d8727b2c7aba49f4ba110a08908f817d,
9db9960c5f9c4ac0b6d35b0266c286de,
60c078e6d11241fa8ddf3a2d5302a0d3,281300000.0000
520730b9230f4f67b15e37cba46ec0ea,111638000.0000
b0512c56a1664c5780a9c35ada8300f6,
de35c99f1e7f4b59bbf5f578efbe8a2c,
2bbbb62f0617422b93f4ea3f13011d7e,
341a28790ea44fd987c9f32a24cb82ca,
62d4ada1f2ff45699821af4fb5b4f23a,
3ea781399f3f4226978ec44861095083,
6b8c69bc59cb4264b1196d3e5a64973f,
5e3073eb0c6c4a24b5f56d7e521c9779,
3c7e6f8789b04a198738135329b632c0,
a5eb9233e2764a03b5ae36c0d027c9e1,
0ebafae8565649208c14fa0080db5feb,70263000.0000
e9c133b3bd294cea85afe3646aaad956,
a892235a362149b7a49bb159edc1913b,
f76169e419104abf92f3d5b273c6fcbf,
327ecd42311f412b82377301320d64ce,
ba96b2775b2b4f4ca07742bc52e78980,70301000.0000
92b90bb1845f4dcfaddc34785e450eb7,70301000.0000
f16cdb7fdb63469f81a501192349fc7f,
d2eb995fbe7c451d8573555bc6619dbd,
afbef2bee4d6461e9cbd0c447a440193,
4573df94bb0e42299f60e9f65586de5a,71716000.0000
96beab14735f4f89ad1fc54a65572fd5,223600000.0000
3c1a825f58904493807c228cc2326984,
d6947fe0bb1049c5bbae75ccaee92a3d,71014000.0000
cefd1a94be9643e4a3f2a31019d690be,
d5a5e221d66e4da6beea3fc44025156c,
3634f4094a444319a955dc559203321b,
f376afeec9e24de1a0ac73e4da9e904f,
f19ea2e2308647b4a5c40150072f2d05,
0f7491fed64f4b34a0825cc31bb340de,
2cebc008b4114d5b876940c4877d25ba,
3fb98081cf84424bb50b278288594478,
7e6590b204cc4643b23ec1a1ff9560be,
c65a5c0c1f894fb78b51f308e05c68bd,
b130e9df8948419ea9216dd72950da4e,84000000.0000
9c7d27c9c63a485a9375039bf81b6108,
c8a20bf017d34531a80ebf59340035b0,56559000.0000
7158e971e44b4589bbfa436ec0067587,
a539380bc01644edb59a0e4844a84cad,
f3ae7eec3a564548b78b98a4371a6d44,
8a0ecf157f5f4adbb1f84914964dd494,
6b46213c8bc140028eeade43054aa0b2,
cafbeca3c86a4e4da8416d7acb853449,
5bcc2d9d8b6e4e32acd80962149c3ba5,
397d4fff875842e295420564d8914672,
c75aabc2c6fd44d1aee7602821604f2e,
1eab687c36da4a1d8c75246bb0de947e,
b4f99a25f65d43738ce29c87f0570a92,
cbf2421d415d4508855fa08ab64b39bc,
1b8b150c54d44fe894a28263bec00695,
566c949aba9c464ba65bf559d308bd25,1592000000.0000
52732806dcc44d1e848c52ce5a7d2380,1600000000.0000
c4fb7683aa2b489fb3f9a29cb606af7e,1492000000.0000
6ad79c2175bf4ab789cbcb3349cfff70,
1091f0ec740f4958ac624c2f872feac6,
6429a1831da1462bb52fd3182c635072,
ccb8b4caeac645dc8cbe4cd065b2e3cd,
326919a1a7944937ac4e0adbd2820649,41400000.0000
8a7cc2a9ddcd4388ab2db383bf0494f7,
fb51e2e3f9ca45a597053496ef60b31b,
b8cc4b0efa284c21b7976be0c4540d64,
e2e7792ad68243939ad8ab8e7b3126ec,
8eb731fc3e5342189a2a67d6ab3ee94b,
ec2987fc04144332815e33aee2e70674,
3c00c1094bd347269eec0a54822eaf7f,1090000000.0000
272ce9e0360e4c099bf52d26ece149a4,
3f87d909a27146bc8618f7070979b5a4,
88cf8538ae8b4e3186af46aa5aa1226a,
6d81f5e727174eaeb3d83647c74ca21a,1404000000.0000
1926320df04745b0b90bd9e00ca1b239,
dabb6d75ee774d4d9e78bce188e2770e,
4e0512d26e254a77a2b757e25df685c4,
e0f4a618b62e42a3bd6229554ef22156,101235000.0000
9fd79525c9764cee9e238c9f9bbf6e2e,
38abecb59bae46e2aada1ebe6049ea2f,
4270a98549884961aa1e668181f58a25,
ef4e10d17ce34df08ad34d4d91c8147a,
35f639deda954ba08d0b2a8fad01af2b,
0095c791d7bd44e6b3bce88a571023f8,
d45a0657496a4fd7903d17a3474c1b28,
b094e49515f14e0dbb50c8da7b8a32f2,
43029bcd4b214333a753ac09e7682880,
b8e53259dd2a478c8c2c0c77bb753df1,
b59e92059b61485ea82da0a71aa2a2b7,
85f7f624691d4f9a8d65d426a8605018,
0f5ba53ea13645b8916a68bcaf65c04d,
f3f06e489e1f494f8a03f8340ab07758,
ac695bd071284a8aab6be8ae3f2e0594,
a685fd037ec54215988ffe7b1e2fc26a,
ebd06df2ec83483bbebd49e6d0d88dad,
e9c2dde1dc774af8ab3dde9ebd8c198f,
86f7931bbe114d0693e7292643108738,
f19aee8c88bf4791ba3436afca196f57,
e25069abb2c84b0abb2bb79688a7adc9,
1002e7198444491993df438e909a075e,
73916b231b184337a36e4d225122feb6,
4aeeb80c0957442aa84d2cf97275eb5e,
1dd07b0ab44c4be8b2f5807a94604f2d,
b942df1c7e2b4238973696283e7dbba0,
5abb80616fd044b68ebe62066349c2ca,
008fe5fee11d4be4ae3dce7bc306bfb6,
97f4ab2a93b8465b814e532ff3ac8d5f,
a66f77b3a0314670be3e8580998bd674,
eb2a18044d2e4e0fa09740cd4d46f13d,
fefabb9f36b841eab0c2e3dea78f5c69,
dcdf105a96e241098e0e1f201e8492f8,
65ebaf84ec4a4bb691bc9d88b5d8b0ec,
bde19d1d76da4e08ad43e5ceff8fe09c,
12c0aa94dd1e4224a2b1cc69fa3e3fe0,
aa39e7639f90473a87d281df5b05daed,
28ea380edca34c628e16e672c273a3a4,
c2e207a8b4fd45a49db2917b4ce6175c,
f43661c968bc46b49e140c2a8d6be099,
7d10a6db3f0b43a9b3399897d1d1a76e,
65d100974454409f82b420ee89d6c26a,
b55b7335f0a74188aa810c32ed137a60,
c8f56640ae9440b8adf1f593567fb08b,
003564332a894a1bab497369a13c196b,
ed3f98e24e204556ab891d4c0b88c39f,
4a647f32bcb9427c955627fa35a3dade,
ebd7fcfb828c4eb9b5e1a32b60e5d612,
30f55580169f49e480f28fde86a79e1b,64200000.0000
d0a7131f3d2447a688e0f2ab5a1743eb,92688000.0000
8606ae060b7a4e878fb742250421c5e2,
d1733a005cf84b83afacd45257060a38,
26071659412d4a79af69bb9c4950af6e,
ade4509bb95349a3b97dfbf6e9d9b490,
749c273bce714447858340b1a14a2e19,3749132000.0000
2df36d73e2d1464bb8de74abf24d5b24,
23e29f8721e240a99dd3a6e5fbcc078d,
bf3dc1bce7714c4fb8566df31fe8fb16,
4c14c93394f7461fac5b3f63a570c001,
df07ad0940c34d5d985d37b6797769f9,
e8fab4eeddf342d7823aac3bb337e5f7,
42cf53ea234b4291a0b1dbd067318860,
1f7241c3814d4cf8973090c4230b3250,
a048e66049174cb2a2a8de6fd85210dc,
0ba5e6dbe5484672a5333f5bf84dc13e,
6df08bee6bdf433d84a97464941dabb0,
8b89d5d81e234f19b473c75bc3b70ac6,62000000.0000
4be671605b2c4abfa329affdb932ca4a,1413000000.0000
9abcecbfd68746c8be81c092eaf26f52,
aa0ba471f31c4911af12aea98d9db959,
6b112d702da84094a926763a5a26a52f,
4237b7f06295420f93a3cae023d09db3,
7e9244d683394426875b8c3b6fbeae3d,
5c1301e3e669407eb448733b09bac386,
5e1396c34bb948d7a76593e6cd31e60b,2032000000.0000
2c63982a36bd411ba03a1892411beb03,
d80edc8aacab43ca9ffc3933b5ba9645,
a578dda9f8b94bf1b0c7a5238ed10621,
c765dacb71104a499641e149de567bb5,
a804ed8736424aa9b7da3ed794a9a00e,
1cae8c592b9045c6bd33541cd6ab311f,
f1ac977243644938b602360c4c3da2ed,
47df4c039fef4308bda53a61c731e75f,
63cc55eabfc3488cbcb51e77a5418246,
023623cd8de94be69ac5f1756d83a969,16383000000.0000
911b12c11e124273aac1d585ace01284,
6aac7644b2874fcc840b97f858d34424,
85dbc7f836f04802b279c0966383a5a9,
6f3c566665684127bac4fa4cf9860e0b,
12f95d9b33d64c14bfdc6518d3136550,
5ad024cc8d9044bb8bc9efcd4331d1a3,
353a25d9f23a42c8b5d62c2e37f34acb,
fb961a8a1bb74c39b1342b5a44caa207,0.0000
4a871156a7d643de8b18e51791382451,
995d6b0ff7a24e9b82621c4a212ddacd,
ace14d6e7d6e45489c0274f23b97165c,
7c357edd21624f0db1090692b9f072bb,
aefcc01ba4b84a4298500ce4415040b2,
5ca103383948428eab719dccd5f14223,
9897169714304b978ea5b6a57fff7974,58000000.0000
4300c6f6318644f68d1f2935d8760009,
8929e7b035d3491fa746d5d307d33d15,
7e3ac37810ed40399debe5a77806c946,
56a30e2242a14676a61b4d630e50961e,
afdc84e375bb44e9adc6e9db33ee6b05,
366407af614d4fac87b7f417b2bd4313,
14d530b8bd774b4f977b1834e8ab052a,1429000000.0000
ee664fae60394907a7a7936c3454280d,
77672acfdbea402bb1f82f3539401be8,
8c40d88a9ea743fcbcbe25c79c7e6ef3,
455908b76c144ac389a9cffaceb3e6d3,
8c0a62a4a3884f07bdd96415d3121100,
90672d7a360440ff947faf8bbb94d1d2,
93bd0d67ba7544faac72069668c28c1a,
b3dc366dd0be4c8885c387d428e3aba6,
c1a1c15a28fd4d588232b1d889a41971,16000000.0000
569888242e1046bd9681467f0c609806,
a8ed94bb893f4debab2437e33f049e82,
ce3b0b524d934766b64f6001127a080e,
1078ac5470074b5790243942cb9d8da7,
c3cc6562b1e14599a69c1e43adb4a939,
6c482fa380b74218867ae8f3854414b1,
ace98625dde5402d9937fa7700f22e24,
8fbb7c0bfd454c86b635883cba585ed0,
e65b246d63cb4c8d8d5f24a5211cc1cb,
22c37a827eb54428831a9bbe22c0b8ad,
bb0834d688a346fc853564751b088a2e,
dd4a1cf67013406ab63b4de7a12ea6fe,
dd60b05b1ba04f13abbb3e709aa0785a,1258000000.0000
dc304766dc2c40d99cba9479970f8810,
415e5c60f2484e998474b788c8276449,
2df359839fa04664864a9ec303c06dca,
5c7a0a5865084c9e9fe8dde3842a6fa7,1236000000.0000
bcef1bebc09b44dabb58fde0588bf984,1245000000.0000
80b7c262fc484ee488b40fffa015206f,
bcc217fc7bf640f7a15ebabd1465ea0e,1312000000.0000
ab551ec6a47f40d389cef7b4a49b8131,1087000000.0000
1c1a39b5ddcb457f9d0ebbbbaa9ae743,
83f7f790cdce4f76a9ac2972d2c83cdf,964000000.0000
090057c8c2c84eebb5370e875754b303,
260bf7da801748b0a6e4e728987e6923,
2bf76281ab5149209f45ceac675f13df,
344527547fea494ca69424894b8ea5b6,60000000.0000
2353760184ec44ef8cac2800af37bfb2,
f38a12a685e6497c878409ac96885a96,
18833757f0234840b6534964a95d1e7a,
684a4fa05e0447168d4f38b341e23252,
87ab87e7a74249ccaa38c9aee7d5be95,
c698cf23916f43d699ef29c1224786ae,
afe085b7f3474c06aad9e1d3042a78bc,
8c330616da934723b5c76aa4adef9e34,952000000.0000
583a90f754784275b9385d6dad600bc5,957000000.0000
a906a6d09f4a4346b773dd0bdbb62989,
9310a27eea0c48989323298b5b20071d,961516000.0000
f2f6a7776f09420791e0964e67e0e7b7,
cdafbc5a2e6745278702cb202e055dd4,
f7afa5b0b64c4f8c856c2aa64e621d14,969340000.0000
ebdf4c911f574812a57586abde680452,
77545ba08bd047c5bdd2f68cccaf46be,
9c92a54163364de087f632dbdb409c60,
03a2f2cd9fd54da8beec200cbed09c23,
9409c4e22c2a407c8efc929fb1f0a77c,
15f6eee9f9e04bba8aec04a5d0bee435,975117000.0000
30d92e60936f43e8b7642a6969d7edea,933554000.0000
f704a82d7b85447989927b49cb271da4,
baa502feb9c7486983ae01028daf1236,
6ecdf9e67a9245c3a8f6498afed11a31,1000000.0000
c1e1b61f1bca4e3c944a01f79fcf8b4b,
e0bc7373724a465cb258ae4fc8c183ed,
9a0979469d9049e1be372f10b8a25ebf,
faa6623fe6b94fc494318befd181adb5,
ddcc8ed3583b4d6f8739ed9d394b6a15,
708efc09549a4940aa5c1675a57da708,
c046442a19a84b168613e72675efc2be,43000000.0000
f0eaf8fbb18c4526ab7b3fbeb50f4834,
d96d69ee737e4fe4b8df6ab368e1f369,
bae91a6d17834448aecfaaa22c6bfaae,
53ec74de80ce425e8a18efd1a738476f,
0586dd75e67044d083f93328039565b9,
c82f34ab395e4e44802306ca4e112c30,
42a0cfc743eb47af8ea25cdcab534e5b,
6de73b495809483c998577accdf95079,
1073697542054ce2b9a426dd58f2087e,
f2d565bba5e647558d4e698b2817ebac,
68e5b70c5a264da0a6a2782f987ac3bd,892139000.0000
bc1826e138d64e84a37e36c8a135a47d,
76863a97e11e4de0ad9841c042247350,
d1abf8b8a9be4538a696a2fed0247963,
baba1bf4c80a400d83be61e40998cb84,
1f62e6cb534c41f6aba23fe7159fc17c,
0cc866045477463397210be8c8f68f5c,
c85c094d0ee9427bb5c5afce145c03bb,
b517457cc97c4141a357d82786231f1f,
062e10b17f144f51ba5faa942b563ed7,
76373e9befa74b259af8f05e4890ba7b,
725820539a644c33aaedf6c697c1930c,
ee62c137058344459f2edcd7003ddfb3,
4351ccfb0a4e42acbe1c16c668147b91,
480fee7bb0f54c5e8056255db6922ce9,
5530c05aee9e4a2c9ad1e48624f16042,
560cf4947a7a4e958f673a7f8cd64528,3000000.0000
c309f3fd205f451eb3aef13ec1b49b47,
7fff2c6787234e049a5101dc762739c5,46600000.0000
c93ae11212664d4e9ba4f7694ef85fe1,
791c82f5ada44a73abb25ecd40b7a322,
1279409bdc3144d3beef140bbd971628,
21bfe295464848d8855d3bd663369288,1810000000.0000
4b077346f1954e44ad7b312d72e04f06,
03b46600522f4cf2b1a43441b74b6394,930383000.0000
6fd37e12205140139cb727a67529ebe7,
5b58e55c37d348838d25909b4dc41f7d,
3f271d4c74fe42749f866aadee9c6c2c,
a4e2218e8c1c44968671bec88ae62cbf,
27185c9f299d4adeae698482b09dc445,
c2b720a6c9ea421b960c7de3a693748c,
297bf8c883af449a8fbc5a63c883ae87,
21bbbdb36992496bad103c38d992c4c6,
3511888d5b294926aa4c23cdeb71fbab,
ed6d088127c9455cb8d69fede9a7b5be,
ff3641f55e3f44f983d2f7f79864901a,
0b61cdc25991475d95f241275fcc98a2,
888a15b02574441ab474c6de903fbcdc,
fec068109fc940f68ad204b5e7f82fb3,
1be304c001854e2899621da4f219a7f6,
c5ded5bea9814c98b64d4340fb613fa2,
5e8d123b3b4b478eb84e0e76091e5d53,
a89a0cfa8aae4fc88272b2a2d988fd88,
82f0920c68a24cf6b0bc90e678d4d4e7,
327f5a0b4b624ea68d305c2d4933bfd5,
749b37ecd7fc42c4bab081e390040090,
65e12b00aad140608bb25b62943bc616,
edaa65030dff47b79301b7736e5abdc3,
a78dc10d148d4b488919ed85961449ea,4935654000.0000
dbb64b85b5b94e8a816d907a3c68b5f0,4029581000.0000
e9143781955b46339a2999165021c627,
ba6da27a9a88446891aaee71c4ca4975,209400000.0000
ef6d4f211a98473691d9bd5044a02dcd,
9e66b3381f4546e59370f4b64606f5ca,40000000.0000
e3e37352dc09461586c87791347ffb6c,
060eb8a584d5420bb57daf2af327c579,
c194f7b020714c4ea1638d90792e637a,
4cf6e41517174f619f67d7663b8d5d78,
f759047259cb4a218845f8cddf6f0652,
c26764a036b149c99fe24d82bf07b775,226200000.0000
6e376b5532e648f696900236d9a7917c,
5dade4dbd66d456c876dad0956e3ea17,
c2877f7e5bf84ff880dd27313046c807,
88f4f0241ff541a4b47d6e8a800463dd,
07e0b2da8f3548038ef8b0dc1260cbfb,
29dd66fdfb8144fcade0a873ca57a2f1,
c6e89d85ef364f9896e726dc8082e2fd,
4ccbab1a32684890aac6bc33e0428c3c,919713000.0000
e5fc5eb9468d4c70a38d782fd26b5ab0,
999a4f31a9bd4b448e22ece4e7654ef2,222500000.0000
82375ad0940e499590c89a0ab4b31779,
859eaba10ec145eba441d7be0661684d,
b571bd5fc20245f385fd7a7e0e3c9005,
5dc2531337174e168f4167531a01e493,
6dd6b28fad2040ab9b9cd3a35667e388,
e8b816939c764843adf07dd67a6d600b,
6f24fc71d1814691860625ed08355859,
dc61f1d6dd73426b93011aba8177c433,
da3a526a7efb46a99f4bb4a9305e537a,
c0c307797ff1487b9371d7981347fc6e,
b715e022b0ea4327883302341a8bc560,
aaf8c9363c3b400b9c7be5d92870ea12,
d9d79e6e5e8b4e8594369a4ede27c31e,
1ac5d759007c402db5336ebc48a2aa1f,
aa377a7bc01d4a7aaf4939ca6f389241,
84f1aa45034e4b908abb51562d26c7e0,
84c12bee9cc34100bdeba2f0998b99e9,
f71210f21d4547c9bba794b5fee014f4,
7737948694e949c688cda39051abbf8c,
70be20de59254b5ab9821b3aa35c781a,
40c32fe8e7e94495ae23442a1ceadc04,
3a9d2d109f994858b1788aabf966b3be,
a633a27a2f7d4fcf8657a629aced5409,
9c2c523681d04b83b01f2a28cbbf04ec,
9c898f7d1c45421288c999f52c51efc4,
a0ff92fa60214cebadf37030901993f9,
f7bb4386dd3c4a4d8690a4cf4f3926cb,
c121622eac9b4e29912777845ec81134,
9d2cc097d126490f83ece6452e655586,
6cdbe36b9de04cbba547b6592707c018,
a7bc86f8029d42359408c16be954687f,
9815e4390e214454ac78218e3ebfe3d7,
07b2d4f889ef4ec0b317228a27826f48,
ff9a9ea26ce843df9a6b0488fcb7e875,
b31cfaf62c1e4b2289de6b3769ef46e4,
18661660754c4b749a8dfe95c989f4eb,
2f33bd4c2acf4917a4d914c4b490d536,
e3b19be41aa04276877e1993a09eb02d,
25765649a3a148e4ba1a009376b5bdaf,
dd9fb07688a1436286be4b653f6f6b1f,897715000.0000
5ad0a86ce60d40f7a624a9a12d9bdf79,
e42228e556384a51a34ff3a9a695cfe5,
bcda8f71b8d14309a0d8208bae09867a,
f821f6f7c90348af87a2c35699cbb1ab,
2726bafabf774a82b99e94f249018369,
ed9a8d81a3db4e319d2a33fed3360f18,
8a9e280cf5584b91a9b0699251fe6b57,
f0151451005c4113b6480f2ce34e2631,
80bc9f2214ca4931ac0e12e960c9ca1a,
459210d7d3be4abca4452e4c12b65fda,830924000.0000
fb29ecc3a5f14f6885fff89997783a00,
101d2918386a4781aece432739d46ae0,
12e79f23f5f8467b9d49a6f4e55e8fa1,887378000.0000
d8240182774e4da68a98bbdacb829764,
893820691ded4ae4bf6ffa97aefa56e8,
64047e0134cb40539e437a9d327b3e3e,
b724e70d527b403fba47fbece41f8570,
b35be22b4f0242b7aa3d6cd259a1d28a,
2de9f37762a4407bba0d54e4be83f23b,
d8109b1d6e654319b56990e053baded8,522975000.0000
586c9fbeeaad4dbabdc9dbd885273ee5,
2ab20bf67a5d4eeab94f0133e2e12f0b,
47579939c6aa4e8dbc536c04fcd5386f,
4397f043dd804e3393eb2d6275fe3108,
52e7e2fc6fa34f45b73f4ba799734509,
649330bb6844439581fd906bfa790d63,
c8120b622dd34a978b4cb202ac279299,
10da93253e954974a5bd2a369adc46ec,
70daf35f17644d819493b820d0792392,
5829e518a3be45b88a7e4efc814ccc2d,
a1cba80ba9ab41c5a0eed221577bd2a4,
97efbd0d94fe4dae9e02410eea27f9dd,
78d0b0b0f9b1422f87ed4491d0caa026,619790000.0000
afed5d4a6d1548a2a876feb5deccd874,
2508703b76d94959a3a2f5ec74cdc00c,
241292791cb847c79c36144e0e300ad2,
921c15476dc54f2caeef84d23b0f4e50,26000000.0000
5fe5012a1e894442aa3c80b1b364bb38,
d8df32b8ee174f9a8b1cf189e5456785,
b49e5c2f91284af3823e091e5746b68f,
31dac705b34d4b8f9fe732ccc8588ffd,
f317ff5b7a184cdd9ebf313d4c1fa452,
70e813b75cec4932878424ceb0fcfb69,
80b12cfc781640c697b0490c60f5e388,
06e90fd82f4e4ed8950bcb0e0b2c6960,
87380e774d08432488ffda5915e91eaa,
49579a6fd9c64a71b819f57032dae133,699050000.0000
8855eee758004f53a086128e3945c137,
7983a8ed9e864e3a930043717e44f142,
1e1400769ee54873ac259c946017a22d,
6f00ec24ff6a4b838362143dec377718,
2c29a16a493a414a82552fdf015a8282,
c1ef12131f964bf3bf729b2549d8b6c6,
dfa5204b76204569a28218dadf71a0c5,
0a78bababdfd4eb784968b63b7e5c77c,
e3e1461424d34fd18b5cddaf96cb56a0,
8d4b48190db94b27be232144d864abce,
661c6ce6dc024e5a97563fd5a84c3d33,
a35d3c042e354dfc91370e30d2fabe1d,
9e8cb1bf61f84400bb72e9b035756375,
01909b8668624390aff1dde42e19beee,
02af4ab0bd4d4d4f846d90b3c7df5b82,
7855a58b422c4c478b7382b87fc3e4dd,
d87dff5b0dfa432a8946b5b432f31aed,
e8542e44b2904f41a6dbd4f79f0706eb,
a1f49baf9ee04fab81a884331a7fcd52,449880000.0000
c650ab6e34af4ab289c87a1c016cc454,362588000.0000
7d6f48fb485944f4aff90d259c464ed0,271200000.0000
e215c8f0f28f48cea493988560324adc,
dce6486c34c7490ca978cb093f6d23be,244100000.0000
a39facc8a9924999ad3a8f39c8668a74,
946fe824f7f64aef8a54bb99b2cebd45,6917000000.0000
fb8f66bdf7fc4a2c90bc8873dd3aa538,
c61de07386e84a179efe42b7d0e474a6,6799000000.0000
bbfbbd4b23b6445f83ad5ea4386757ee,
4ac5518210d84182898087885be6db48,374843000.0000
bb9bef62eff94a79bd3af09e79bc2870,
85c75defc22e4086a2cc0163e19c4bac,
ab7f8cb0841c4c059f3dc65e1a16c1b4,
bad41c19642f422a82d8e06f8849d825,
b959a7558a574297b5614d449cd56231,
7c1631d68a534b18b5b9ee44a252c624,6970000000.0000
886b3ab262164dbb9d3c175ddc61191f,
401c99cde40b4defaba026071f8a14d5,
d3b30f368ba54eecbb6a543408c98c67,
b3bbf89397a8436b8b00a5b26b04260c,
99395d3ad2594cd88873353df8ae8996,
73018a7d813349c9afd48e3f4afa383d,
56ab97a0b07e4e4abc49e517064ea165,
37f389f20bd24cfcaf2bf672ccddee93,
3348e108368f43f9a043237d210a109b,
92e1c45c843b4cf099494fcf01953b19,
76030855f7314fb4a73df8ac6036a18c,758974000.0000
95b01c2841924bd0a134fbd51e2034eb,7808000000.0000
09bacbe082544d1095446bbb95e98a2f,
1b99a122e389484382854aea3f96dbab,
dc53c81c49ba4253aed836176183fee4,
01cde8d0c6e4458896ee1f79c0db6f59,
cc045453e1de4ea5b4d9af0e6bf2a449,
5ffa824ab7e043b7ba6bd199f7fa5186,
ebfc42172b2946408e39d1def6f1af66,
2a2461caa3834aa3b4df235cdb0d527c,
18511ba5bcec49b0b594b79149555ea1,
9f2154b422ee4dacb980c77d20112c6a,
34d346d4c4294e5f943815939a161eea,
35803330107246538c4655f58e21365d,
d187dba1a67a4290b069c5178c9ea956,
e80dcc92cb5547478fef3632ac25399e,
48382fb202ac4d929c75e0aff37deda6,7086000000.0000
8eeb46f04a9142188cad93dfaa3d615f,
33ea7e8603e347d79071d5821afa7141,
97a798c65352469b9074feb3569316d3,
26bfeb4ef0f9449b938aaa0b5a28a4ac,
65edcf45e86140b29d7b8c2878e17625,
18c84d7cb26f4866ab5c0aae1fa8f6a2,
3e7ed1651df84c498eb524434680a031,
c8596bb3447041598da41785b9765226,
cc7fcfae21b24558b4d2c28e6e1fa039,
1cf8fa70d05046628d1711b960eb1a52,
3308bcac8d324366bbacd5555a92ac97,
bbd7ef0c1adb4d2fa5836936f9e72c47,
d4316d99515c46e1a06dbbd103ba5cfe,
f4ec327469cb467e95d2d0600e6e9e96,
03e14af3653c45afa8ed47325a78837a,
ad06f06d4584493da64169e7a0354a2d,7662000000.0000
22edb2cc57c042a5a12642848612bc43,
5f202444a5494a34adeb5e3aa6566d5a,6615000000.0000
8bbd2cd23e034eff90036a1ff8f59461,
b80baad604034df79c9220d266396904,
3b9f95590c4c4369b3e21b1cdff06595,
618dcbde774d4c67b1ddc4f6d1a948d8,
aae95a20f799450c80ae5e0b0359c023,
e9354bb0785d4fa6be9c1821bf628908,
2af5596128a04a89af3860aa42f88974,
5c793407b93a41e8bf8d93eaa1bfa016,
e9260fa7a86946bfb307d9141e996b04,
978aa342f7f8450e8e46915b9e623046,
712706d6082642d5932dd959491629be,
6ca11f98923645419348d0b45827971a,
5340bebb297949e79325ba4ee9f10e58,
6e2dbd6a666b4134b45db720e6dcd954,
7db538781e8f459a91c58bbafa6d9174,
dd382c93f1794edd953b593e1497dbbb,
84bfc3ad98eb4f53b8853f1b1d678dd4,
efe074f79c5748e5b91c765b0f217164,
4713905e740c49b7a7f0e250f4cc6790,
a0d6d0d5df254ade8df7d41e73fe3e73,
bfd9788bf7ec46c8bdc506a4264aff69,
0f3d9102732248ad92225519a0b75e89,
ccf5225e3725409c9b60065aaf54e5b3,
3b83514c75b64517a649ab96a8d1733a,
d34355c04c724c959a4d6c27a4926e01,
e33bd99660f445cd8da10cb508da5436,
01d63e73ff2240a080900bd2e3270a28,
2b8f0cc49c2c4ce0b899cc46a5a64f61,
005734ccb1394e28afdc5000b6965b27,
7b652f8b7e92471cb5728b76b2425160,14000000.0000
f1de31187d6f41deae0e7d50877a7104,
3b48adfa4da4401da967149acb2131d5,
0152afe2f19f4f4282c25a40816fb6f6,
962f6e42a7a14519a87863da518bb3ce,
fb0b23a4abed4d7cbbd2f6ba5ecf1728,
a97e6b65d28e4bd5981963d5a1646884,
0e47963102d14494af09d917c16b33b3,
6a55ca26944c45e4bc73dc501908d5a0,
3902e7735354471ab6fbc1c4fb11afd3,
7bedb6251c6e4c7487b0ea6857a19e48,
c046faeae7dd4afb9866892be7477051,
08814534e113413aade5c178a2c8389e,
82680017bea44b04a7844b8c7a824984,12000000.0000
3143fd77055049ae89878ef46cad1335,
1e9199c9c52c4845b82386b492c57d1e,12000000.0000
bbc27346ed7844df9fd33bfd29fe9fc0,
94f2f683027d4e6ba6fa5c775f71285b,
351940ebb20d4b3f909c34191bfc01e6,
b8c882b7f1df474db4e71537bd5ba85c,9000000.0000
439bb05e40254ff0b387cdeb0e89e7e4,
719abf83505e4781b00606d83de576c0,
3ad3775736e4412b98a4abad7e86cb6a,
a6d2530f42bf4976a8d560b1efa52469,
431c21a07270438888c74ee5c6cd54cc,
d31e3009f26a4ed6b8c42c5a6914a87e,
1c3eb7d9752346138163f5d462d58a4a,
4b61f7e7637e4a6d985685709944578c,
09d5c92b0a4b4ff8aa2278814d95cd91,
d3d8f4f9f8874b888b4d61616044ce60,
dc66ef7b89c14197855bcab2673c59f7,
47871951a61d4872916c161d821f9da2,
f82ceb09e8d1413e9f23afb309ec0e03,
d0e1053d9fc94829ab286b35fbfece62,
316dd2079d4b4c32b9c0968ea8b70c8e,
c273933a1a0a4bbd863398eeadbe8e3b,
db7bedf9629344768db1f331f6b5646c,
53b4622b23fa42478cf7a5fb16606504,
8394910f7b824e6fbc1cd5f198c5dacb,
eb06ee3edbbd4a0281b00e8a8fc313e3,
aaa6cc61bafa492f970f7d4e8c415ab1,
9fc89618b95c47b68ad6a63be27b805d,
0267fd66ee844b2e9563cc1fc030bdc8,
28233475fc1049dbb8741d92e29e1a2c,
4e27ca69298344419329ad148afaa98a,
3e4dd51d144f46ea8b2e4606281f4330,
76fc669572ff48a383f1f88b42e03669,
16e5bef3059f434289dfa2e75555ce96,
6370710a119d45109f18b2688bb3c013,
4d9200964f0347c5bd0551d2410cf7f2,
fd720ff731ef4712820da169640b7b12,
7131d5b8a7ba4ee49c0bfa4d6bee946f,
3ca5a42ffd40480cb7258453843ccdcc,
19163aa0739a4239aa8b2a24cc229e41,9000000.0000
6ebb6dcd9f5f411c90253588fac50ab0,
b1252379f87d4baea15964b81e8c252a,
1e933c7657f447beb3e7a8093c63c808,
fd283fdeb5f34f799e6291d4466f8135,
08b8639f57bd415c953ecaacac7952db,9000000.0000
88cc2436d6194532b113c2ba8cd6d192,
a77d00a09b8b42cdbfb18f4fc3266f0a,
c4831f66a0874851a6df4fd71fbfbf44,10000000.0000
fa952e98db674a7883b6f49a8552c41e,
843b44233f424c66a77c980a7a90f0de,
f9b73bb9dc0041c1955279691e45bee3,
ee5770d33e3345f09a9e6a52ab7d7f2f,
0aee73c53f864bb7928d8946e8d90a36,
8a0c587d84d84b4cbb596a154b98c0a2,
f97e7311b2b44fddb22bd0a326d8355a,
78e337084e3f491caadb7da19fd90b60,
7f156b3ae51540c4a22d51c01a87723a,
a7df91d46dad48b99454f3173e612420,
f5ec5c6c836a423cb565807f4ca9fbe6,8000000.0000
0cf404eef83340628f937fb76996c12b,
c36f565212bf4bd2bb92b34ba479501e,
fa94500fac654f789ddcf8c2421c9018,9000000.0000
2151d1ae653c4f2e8f7697d3cbd7878d,
8fabe09c8d994860acede457a5642d55,
a1f100a963e349299d68e2972c4d1ef6,
fd3745490a024e06869f19f24139ac87,
d4a5b307c9194f8d8b04ffb43a3e230c,
39f5822a19624f8b96abac693af4887c,9000000.0000
358105a069bf40d7aae4c7f42b3dbf96,
c962ec4c6298465f9822ffee17f01a8a,
70e01cf70d5543caaeb349167eb57600,
a7c839be645f4d5d888f12e47006db4d,
824d0b05432141ac95c9f15e5977f92d,
d688f8a0cdcf4e2b8ae8cc2ed1ffe9fb,9000000.0000
d2e543aac82a4044ae1a013c0e520080,
fc5c3a16a47f4e6591eedfa512ccdf4c,
9f8aac65b9bb4542b0411247baacad77,
2f4d993574f9478499666c86ff78d5d5,
d84316c0409c403a9101e7091f2aa032,8000000.0000
d41708307285482fa7754eed2226633d,
65764d4c7912414495d9c487581dff7a,
97781d26f65a4ac39f8514960a3e23cd,
228822fe7f344357bd7b2a7cd7102b4e,
175dff5eb38c413e9e7d5c2dcf0b0875,
1d0732abf8254e5298e375ed077a7348,
7a9cdca1c4764b528ab42ea7b839083f,
edd9fe04bd8e41c99c03fff5e665a761,
e9941abdb2904b078a8951d046231c0a,
ae1ce3e119c448cc9a13e724bf484c87,
43b1de635a7f40209173a0d9367b2aff,
04f126bb6a5e4a27a558debef46b8b18,
25d5bba721184764a959da1d3bb29665,
146b09bab68741f7a6bdb7517bcc3638,
fde82b6459d8428d91da496533f45688,8000000.0000
b35e7a059eb94053ac7eb697992a4296,
6c23ebde4210415dad24c598bcd810d3,
05f1bce7823e49d38735702acf37dd27,
e041de37a6884b2faa7767d85cadfd74,
12e60e128d0940c7b3488cba9e1b432d,
615bc76f21894c238817af4099201d1e,
49e6421ce75748c4ba1797970bfd143f,
9549b805621d46d0bf1b5b75a374f7e3,7000000.0000
094c22489b0d4ac2863dc9eba0d90f75,
05068f84b31144bf947c2fe87e2246c2,
f63435c719cc4d159e83380137ef7cd0,
26e45a827c0a462b8bd282808ee523f3,
108f55c9c59e4ee1bbec014420352bfa,
1f3fa800c68f48a18200d18c34dcc02a,
9546b1d68ecb4051890979b167010ebb,
f3d7233ff78d4240936358281a1ad4cc,
f0143016465b45f29f0ea30fc8fbe355,
00262cecc5da47ca85d3bde33dfb5aa8,
a3236e17596f400b9696f3f16bf44a8a,
29def707823c45c2859938bfeb16043f,
48ff6dbb33d340c8927519d66b2aa914,
c01f2ce9f8564d90affb5efe419b0042,
86b0508b0eca4bda804dedf9c450d627,
584ddbacbe6440b098ef1dfd320cabaa,
e03b21326ae842f88a85e479f50078fc,11867000000.0000
1e42984b790848e2b5f7ccefbbd7157f,
94f55a12fb594efebb26b44fca4b1f27,
f23ad3555efd45d282be03418ec440bf,
5911ae0302dc4ad5a092936031e9b997,
807dc4c5b81b4354b4a142b54e67740b,
ca75b907b78443a9873dfab4c22a69e8,
36d12ac548044af283196ea4d58bd6e8,
33c7601dc06749f392924067558c9e88,
4c5f990b3b4f49e984901f907bcb3992,
9fe6fc87178045748b6ea769c58ed65c,
c50bd494b97346c4965cf86ff20817c6,
52ea22926be845eb8f95f2f50a979363,
cebb5306b6954d0ca2f83267cef5ef8c,
a282779884874f46b965a929137024d3,
8b25b488404445fa9b2405433a70780a,
1db8493637a94cf2a4a0e7d6256851f0,
1027994ae484400cbd6befd3ac069053,
ccf1988910984c67af9874683bf53f88,
291ed17d52d94a95a3498315211994a0,
3d72e43feaa64b21acde98e7a34a39c4,
47662f0ce69241e39d2079effe7e7561,11000000.0000
93b50eadee1c49d7990caa8c8bc71e08,
3357b31d7b63403992808b0ce9de7657,
2995baba12ee47418cf84c9d6b65b0b7,
ccc2f47cec7b48d4a5eec5ea2404515e,
cf53b3e60dfe4718a0d7889d2c9100ad,
42534b9be53441bf82c1bf5c64ec6c11,
d0ff1c0811cf403880eaaa5ff2ddf3c3,
4df40505ed1b43ec996b3bd256cc0d7a,
c14541a339724eeca863943e3b3e5e53,
6f2f711000934808a94c38b0a769e7cc,
ae3c13df68824e4b8e66e668d6415b97,
c31646f8491b4d29ac48abd50ae3cce8,
0c8a095e375f4406880842099ed4c954,
914e0cc4edb84ded94aa717586524f98,
c33bd58dae9e4f088623386696891c1d,
e21b74c3b5ed456193fb180a46924a8c,
54bb64a4088341af8f98c5013f26e584,
6edb5e0d339c482e814558d96e95747f,
25697f5f2e6c4771a9ddd365f30ccb21,
b7411253fda046709eaab52ceff9dafd,
10deb86f29c74a8785c94294270c6bdb,
13c18ca19eb8437bae419c2eaf3cf11a,
185c85751b82416388a75d759fc18d93,
d1aa78a534c94a2ea99c8e37a8065eb2,
5b5539e89edd4a419959d3f08ddaae4b,
08c317b5fef94b168c4d9de036dfcfb9,
93591318a85c4d70bb9ae79a86c63b3d,
ae0e87ae36774b18859221033d35a897,
71a18b4037344fd7ae9073fec84e6bba,
b1bd881f312042a0a068ed4c8f36c738,
1c53633b896544069b078b35c6bf23ed,
203d81532fb14ddfb37b4e290ba62891,
f1c830933f5442f1a54a91ddf1cd1bf6,
aaa6c40297764715b7998ca64d323724,
430b8d611d734243add5c1522fc46380,
2ef486bc5e2340c081e6bbf084a609a5,
f7d089d99811469193e1165f9330d5bf,
6be6e4f381904385bb2805b35fab97a4,
e2be9869d30e4fa9af0621785c20acdb,
e2d3f9471cb2461cb48ceae3e4396abc,
1bdba6ab502546ae9100327bfdc4fb74,
efc96158d1a846f284b60083107539bd,
c4c9f0c3e3ef40cc9a9ac46f46771491,
dfea30671be0473eb0c8062e4678af89,
c657549b17854ca1bbc2813ad9cd5fd7,
792495860dd7433e811d0333845ea94b,315000000.0000
c722ed9a254846449c6dd87c42e37c90,
856c0a4a182f4612af29feeddf5e351b,
8de1327a28004b3a910fd935c47672fc,
102fdeb19f984d62ae30e5bdd023739d,
830efb977ffd4050975f63ffff6d2fae,
877f84ebdc16458ba3756b41246fa73e,
c8d6d7c1aa214bd7bc2e5f16da070ab3,
3bf945aa726e48b0b6262da32dd2db72,7000000.0000
25b60eb980174c05ae6086b11d642978,
726e1d38d887470bb4312eb0d2aa6cde,
dee2e009f9ea4ef081d28c4ed3b79d49,
834a7cb448584e05911dad8512a215d6,
1a94c85ab41b416f8d36f2c3a7ed75ee,64100000.0000
630c95823ef947688333dc5f0e930d32,6000000.0000
1b8f7b0ba6c4411d949cab0fb06e29f9,
b7da8036214d4216b4cdf7a43e70adb8,70800000.0000
2deb214bb864410db842371c6b674bed,834808000.0000
85e7f9adfdf142e4a8d1e5a205c645e8,
fc7fc5b0909540f78cace5703e0b681e,
e8c395c255de4efa8d6a1adeb6339869,
f0346c3f92d74f239dbc8a21e24c1bfc,
9c04b0dc65614a0990cce02bc5bbf551,754915000.0000
91a075490a0d4acd902672dff5dad342,788589000.0000
36a6f74663c249808c7fa35d4173c632,
0306fcca82714a6d9db6efe3b180528c,
c35b2737e6f24cd2b971c2c3ea82c036,
0f97adc8a4f34e65a41a3d56f0cc4721,
602b3c88cb344585a74bdebe3b5ceb27,
2bbf0b550bdf43c9827d54823b9623d0,
39774774f39b4f6cad0a2679c25666b5,
2fdb18cd4cdc4d84a207ad11deeb5705,134800000.0000
49b2391f45844d04b275dec23eb0e228,
5e72fe4d2d454f8e839a5849d0704fb4,
f9adce1cc6544d1e83cd171f9e541e73,
e455b6d408f440e98345c6d65bda4d25,
d47079c0db494a65a288946435571347,
5b53dbd4d46f41dab7532bac496c0c6f,136500000.0000
014504ab8c504bc2a305f3ecf88e58f3,
70244417131841308bb3b3ecc073295a,
1ece3a3678a14698bf7e01c07651e14c,
ab6f977c332e4293bc69cc1934715559,
6fad7259acf1444a87bcf3b05a9c3b46,10218000000.0000
cc9eb4cca26840f5906189844ad95758,102800000.0000
7287558af0ca4766b438fc2a623a2bf6,
ebe47d8311d743acad429cc71e78ada0,
85a325f8947a4084991471e751223af4,
d0edd7afe363474ba4b1e475e8f34901,
30ee64b207cd414c9443dd236e660bfa,
1597bc3b225341a889b11d3b459f5dcc,
5d59645c46664095ab4ab7def9031416,202677000.0000
6a2ceba97e994bce8b3bcd196ae7386f,
1dee5e7d1f944fd3b287af14908574a6,
c6bfef6dbbb6436bbe580e414c397f71,
b214229488754278894d1ba6e974890f,
a03deea675fd4d3898a56b6c777a6e11,
564cff277d9c4d1a947a3d191f26f43b,
ec2449c0afe047f79296be7a3b0feb3a,
ee1ffa8ee73a4b4b891e5c20d17cab0c,
cd119e4d6d33471b9c669274ca2deb15,
ea600cfa3af0471dba5a42fa5a332720,
e504441e67c74f7c935baba70e51cacf,204022000.0000
38e78d0ca2224f88a64ae75c35c920f0,206141000.0000
3883ef661e8b462396f793e8fdf38cd5,
cfa47f39e03d4094a312b9fa9dc949cd,
cb7b7af1886f4ea4933232322ea6271c,267000000.0000
04eb5aee438f41af827613d62f458739,
d1e2f1a5cbaf4f2facca700dc668c3e2,
2db4c594eb744ca28b3185929f036809,
2ae5e5abc086474fa4c7a27671809a1f,
752dcbf534994756b60afac2c2dcad66,
e732a2a0a09f45359c3427463d53aaf2,
0dc83afdba7440d5ac1b51509bfc9983,2904000000.0000
16006efb59d746adb5a1691f9c4d3a11,
9c5c3ac9859a46769eeddc1b4d427b62,
922fa7c9c1ca45929a997c560e8f86d8,
566391bd219246c084574afe04b8c828,
c4965d5e5c17448785b78b4a20a0b0b0,
5d767e193cad4e7eaa60c6de9403ac09,
30636f7fb73543839d810ecdfb4de88e,
18db6e4537124e03868be7bed49340ee,
65e3609817d94e0a8a4b9f8f10b03095,
654f39d5cfa349a1a6da7aa9286ad474,
6bf59499a46e475a98a114e0c591e5f9,
8679125f89464440a8319e67da142361,
f67df9f42b44455ba3b820695a7449ea,
cbbbafda79104248ace1a7063811f343,
ddaa7dc9cfc04570a1f7265fa414687f,
23993cbd12db4e44a17ec675b9047817,
9fee64b9b80742ab837787873f4396f4,
19493b8325064e4bb5623ba4864e1963,
cc9062c57b1c4ba8b7e7e330b6619a44,105900000.0000
49f9587b2b714379b9609145de3946e7,1161000000.0000
c88780f59d4e4b4cb0962696b399e8ac,984000000.0000
34c3bef070ad4ed2a6e424df4b299fd1,
2c7c1bd6f46f4915ae7083a9fe35771e,
5163d1101f934fe8983060e7dec122c7,
bad585158c034a309505a9fcbb38f769,
8be663c205f049fb81eafd9d8296fa31,
795d7908173b420692be193a14ea8e6c,
fca11cf29c4a4c0d80716e6959b6ce5a,
ba7f783c943e4d09a7b19fc93af2fba0,
e537a2b613a24e3baf09b15fd8343173,
4e7df78015a443be839895c6da9de677,
1e03c343b5bd452fac5d4ebfc5295400,24000000.0000
be714f771a7b4da3935e3bec625c59c7,
95a70f2d509241529726010f5e31d7eb,
ba3188fa08384fd795d0411943f52346,
23689ba65f34426cb537997265f44495,
4bb93043253f4f9c9688f99fe821c18b,2000000.0000
2271956164f14789b0e0354cc11e1dee,
15dbac316f064f2a9cd54dbe251ac891,
b85f99138e44471589c031621b8a0439,
f930620abbab4bf8bfc13d0791c9dd14,
b0929878b60c44dfba06441a6102fb96,
1d47eb341cd548d99b1a4dad37696ec8,
1123ccb2a3324b4fb7b0aba3ef4c991e,17500000.0000
e725ff7ba9594d52865019726bbcbf81,
67de9bf0c6ba43d89fb5ee5da0344d6d,
fbf666b77180419d84e73d281fa75150,
d7583d49f7b347f780cda1411f3c8670,
02bf23cd72174830b0d8e1196cd17e60,
61a3c750379946daa9aa1781bf3de2cf,
7d50db39248f4616bc4308daaf80a3b9,
4a8c17eef3a549cfab6120c0d5b9b0fd,
675a01c749f44089af2119a774e7bb30,18200000.0000
f2ca3c8caaf44f4e98a3469e2ecb36f5,2000000.0000
573ea6f541db44deb94d8199fd1e1ded,70800000.0000
7ad7308f3049465a92de0046b99aba6b,46500000.0000
8a3fe5e317b443198d9b325008317077,
09d8c7578b974b56862d1165007b635d,
032cb6ca59734eedb4f7aa08569f1928,
22a990551eb140a6ade02cd0ed39bb8c,
65db287d6e28458ab7a743212483e82f,
21f264376aab4e36b7b0d4dc2e37482c,
021d5d65b01e43268af3545ab985c7b2,
d02d74b610454f40be798fc731546347,
f9f2330d33df43feb2eeeab1a5d10bc3,
cdebaf11f7e9420b88698ad174ed0644,
d21de49c4dd847edadac43640f3e02c0,
39333e98c673415f9557e5843a14971e,
d2b120595b614e40b886c65346dea0d0,
7872f49090ea4562a4c13cfab008743d,
5caf206f9fb54d4bb757e867ab4ba817,
4e5ecb292a7745e89d4190b49d6d40b4,
84bdffb09cb94fa3946998b85f2dacdb,
152af5930ef54d1baad6ef4af5083db8,
6d2db0773e234aa08d8c30666f37926c,
705a3fe36fc54c9cb22486b33ceea678,
c3a179d9d362442b8dcc39a1372b0a3a,
b0e3f4172b424ff1b89f7053c01b6808,3267000000.0000
409bf06e09664104a94bd729d9a91e2c,112400000.0000
eafecb866af047f19b53772afcf475b5,
3353942d0a8140e597dd50a9c1be58e4,
e540b0ecdedf451485234af1006ac1b8,
ed12c62408934405a8946f2b5e0151d4,
4d7aba508308485997986d3100f7605d,
e0e4cdd6a196408cbfdefd02ba59596e,
e089f08725a34257a0f177eff38c29b6,
326123d1dbe945d9b5666ffceb7451f0,
a2e51326d9644eb58d390b283f5f9830,
7ac9fc187d354210b39311c03cfefdb6,
7cb09aad54864a74822b49265df7013c,
872c07baefaf4c5cabbf5622fb0612d6,
36fb7d065bd54097b94460b95c55fb4f,
9d924b7a157e486297438f3c1d979ca1,
489d199e51db472fb9b2228fe14e9470,
00e5111eac5f48caa846502d0b7c4655,
766594a1d6024aa2a7d345b6b881c648,
eb76bb4b8569469ead05a8fd4b9786d0,
b76e8902cd1e4a92bc12d04dc92025d6,
a5020e67972842b0b53dc3535aec93b8,
24ba6abe537d42c1b20f2285cc85e795,
5137c1d2d1c54dc58e167da849036bba,
9c30fd410c02445189d32b2956ce2897,
ec705ff5f62c4a71bf4abc802e89ea20,
aca4a4e3e9dc48c3ab0ce7dabd192918,
60e57364ef314fae9bb0e4dd58a8cb93,
db7fae39150549a2940856a823752056,
0e1616e3f441481aa96c59e1617cb905,
95c35eede2de44b29f1f781ecc5657ad,
918479f65ebe4d3db3467ad6979ca513,
a8b93a80d65d4ae285a0669a615993d8,
db72f3e3e1724dba89a5cdb8ca03b90f,
6a51a31f5d74407eb64adfcf7c9621ef,
8179f869a4404a11a3c9e7965ea607a7,
0900924be79d485a9bee693a63548410,
31ac851d4ae24b80a75050b5ae9c0f27,
7d32d484cf1248e6a337e29bff35c2e4,
9c2046ad9540408caee10225d347d17f,
69b9f235e4a74395bff96fb181341472,
3571a412c7b64eabb7e731bcc6d699d3,
794b3c04f0b34e29a977805cfed59c99,
fc1f334ce8cd4fa28428ba406d967434,
fceff13805d64dec8be960b2fbe3eb66,
a82662a6585643ac86bdc9dc2894e1d4,16885470000.0000
01f34254d1284e178c0ab4b7126f51ea,
d91ae63dcde74ee49a86537b74dc0945,
fb5b5e6257f64b508497ef65128aeab0,
852f6ed1202741bd8d946b4eb480d069,
2bad84b25370440588352f1a577253e5,
3047ced26548489a8c8efbbd15ad842a,
fbf4fa291e694c41b9684a27c16c9d91,
2fe8c5838980458abaffec094e54f637,324000000.0000
d00589ceae954660ab2aa575bc5fbf83,239000000.0000
6e1be7ab636c49b1960d285e0d2a17a4,
440d4c4f7ae640cb986715191a8979bd,
d54e8ef9db3442b889e1cf25408f7a6a,2300000.0000
38716f7a4f6145b4becb63c70631d2c2,2200000.0000
1cb2fc082810421ca8c5d248fb95e6f2,
6d82a3081b44413c851b53bbad8cf6dc,
e4cd3d34d97348fe9b6edfcd8e8040a2,
38e5a4aec1ad473582286f9c357bf229,
c693955c5cf746ceb8e0da911567d417,
1809fb6f16bb4dfcb9fe7e4d413e207d,
8768e2f3ddc843b9a4ac2dbb9d140c25,
7fdef02f531a4be9a4c7b32d1d31da19,
029faa8836654dc1a4c5c929a880bb0e,
3d915a3b3c484328a878b4907b95dcd4,
5fb3618743bb40c4933dfba3d78450a6,
8aa3562c15c04baab8e461ba2696afcd,
089f11cd708e4d4f962ed2a1e40d32e0,
b888990b9b3e4ba0ae05720a0221eb03,2100000.0000
1ed147ca41b641c590aa45aef087a2b6,
40d8fe0f9dd74483a336e3211ae70340,
4a71b4ec37114217b86ed68d956f64d0,
598ece551bba46c2ad2e3823ebbfeb43,
09cd13db043e4166ae070cdafa2e33e4,
68b56161f4214b7180ce428a112a1883,
571265309ad345cb8072941a15eda448,
1bd9425e7f40450989ed0f0c31ca99e4,
e31e99bda46e454e9a117b28483cedde,
1c365dd9963942338f8afddad57bd45b,
76bcda5834264743a0efc86dd25314c2,
fbd2039158bc4dd4b9c63d4a048083a6,3108045000.0000
869f7110a0b2489d9c39898324813f06,3407056000.0000
9f3993025ea84d9b86a54935e2f7e6fe,
923e9188bbc147a5bf37fdd856617020,
50eade954fa148cb81348bba49a557d1,
d5a8d5fc451944ad9226de3f0fab0fce,
1ed2ad4ac2f44484b83b53345b3ef6bd,
a158dcdfeb68494da5d8e34acb922de2,
6ea9591e362c4e5dbb656a70d2155254,
1acb032887a340cd829e343ac6aeadd2,
24d6b0ccb2ca4826a667e30a62930443,
bf16c1008000492994591daf2c54d943,
7c935bceed5544938c030db7c117e3ac,
755a7018db414ed3bc44cd64f22c4635,
a8a455f457694afe92be81b009f40149,
fe79e89ea34e41f1b0cfe1094afdb09b,
1ed5f86e059e4db9969b4e5bca2ec363,
bda667f0ff5e431ab42fa8ae28b07f75,
ef6f929ebaa746a5a35f06b1fe1a4ec9,
64343430b9634a97ae5756d0caffb867,
599a567f363643bc9038c2fb77257fa5,
c7b8fbfbb8b04b608fff688158c2eb28,
9a6b445395454c25b793ff93d422c01f,
60b1278692924ea6b4efc9176e120c8c,
8b83ad74e51747a59be2608090a7a472,
f70a90fa148142b3b939510aed055d83,
7d8e00e810584bd5a14f88c9b3c3f468,
92e908805c524940b19579be8dd3ead8,
91af506b254b44eda5ef8a2f723b4e2c,
d2ebbb3d0a7442da883913d0ea88ad69,
2852224bb44843f9b99d5f23f1aab0d9,
be764944e13045d4aae710e64210ae55,
fb5e1cb2787444e08f2b00a688153ea2,
9e9fdae003c64d669361fcc3dd56df7e,
d974fa7c8f07476fa44102823da91903,
4d9e36ee369e4fe4b54c26817d887c36,
584c8a95d9ec4fbc92e581c078215411,
bcf8ad07b2574841a34a5f5115267b1a,
700adcad851d473c9d63633c111cc5ba,
a5ff8b444e694b51aedb5b5df661b113,8352000000.0000
54d7b27eabbb4d40aba5e8e209fc0b64,390000000.0000
483da9d536dc423cbd1c5b1b26812ea0,486423000.0000
3ed73ca9ab944ebd96171902e4dd5341,
05b88a4ae7fd443297b78250ee3f4ea7,282200000.0000
f3d65c22871245a09c77b2d1d528cca2,
629dee47102f49cbafee0bdd83bf07bc,
aa9209b742d64a4d9769b300ee8fec0e,
4145592d05c9457db8afa956b2738b5f,
6fefbe89d8e24e0aaad824fa828806cd,
65d41662245b42129b3d832cb2834cc4,
5223497ec4de4a5bb4b2f39e632f3058,
665c66c29bc44d26acd6a897b3da00e6,2000000.0000
cb0d26bdf4c5421fb73ddf6efd0ffc40,4375091000.0000
df5808114ee9406d935719704037bfeb,
875e7663f52e4d5db4259e987cdb7640,26000000.0000
e73eef927a034bc98d346f0b9b51547c,
3ec83d4f3f7c41a9b1cf00121162091b,
1737235ab71f4433b866e9b81a7a4fed,
0abeb53c751c44e388aceed07f6af8ef,
8fc403256f23477f82c6a73930928c10,7998000000.0000
5733d65fc59549c689552aa637833403,305100000.0000
26b89706bb1c47418d991f4effaabd45,322400000.0000
1c7fdd622c254d7d90b5aaaaddfb1335,
42b6106fa1174259a584e3b84d68ec54,
2e0f30e696724adc85c4a1a35d39730e,
acff2d2742f8430788e9d034c9bf5e4b,
9dcadb33f10046c1ac1490a1f9e5aecd,
159263ffba7e4221966340967bdab706,
af09bc8415b441319c1ec76d43689928,326900000.0000
3b82b7ae5db24c68bd930134c256da98,2180007000.0000
d8749873b5ef44b0b0ad00750da735fe,
a4537c3ff0764540a37f8548cd0b3840,2165322000.0000
74f8b31fc067445f82e5b07d446dceeb,2305062000.0000
862ec6808afd43a69a1126b0a7ac6847,
50601d131320497985ef53915fcdbe89,2133322000.0000
62ae8eedded14fe78bfb46086ed2fb91,
0481c9ba58104c908257d35e587dd480,
db4ecf9e17ab41bb8e80135699becc75,
7326ffc65d5547fca63bd4f52a1fcaa1,
7085115dca564c03a48027c1cb70ee74,212300000.0000
f965bd4d40344a25b4cd6eb578293c1f,
b89cdb3c1e96476b8ade30108d12b589,98024000.0000
6a861eb922524676b4a311e64e5fac9c,
e90d5e998c094d379b4fc7344cae64cc,
c7ef0aeb942542688bc0698b56eade32,
9e7d87132dd342ff9c4a82f782fbb261,
a76e8d23d3ff40ee91a39c4d48950488,
314102eb8b9b43fcbc1c7875307f0fa5,
bc847d023b794a179635ce297d3d2573,
bed31228b2f44c2eb0daaf84f84fa40c,2320402000.0000
ff0c3304301f4924b4f0e267046b3c87,
858bfb4531ef4092a7a719efb35b63cd,
141a6d0b33074d8a82d43e28d04e1a4c,
6d31deffa0184eeb9d481975524117c5,
7648d4e6846544878757041e4fe06379,
c1a892f1f5e04fdbb62bf43af3d862fa,
bf43a57329bd4741aad6779fae47fb82,
aaa93a19bd26411497b9964d904ab504,
7777670473f94a4f86a1f6c035e40639,2258978000.0000
1264040ba0ed437fb74aed0c8fb86b28,
6e13a1054546433aa8ac436e3ff92c88,
3beb140ab9604435a2c6cb015b9d58ff,
db7e1ff4d3bc41b5aa82ed41722bbce3,
d5f4a4aae0df4cabb68b75f870c71156,
d4678d4533f04eafaae2c48afe955d2d,
55ce013b2c874eb5ab162cf7341e37ba,2274477000.0000
4b8471c0c60c4d1ab382100d1b574d4d,
72ef5b87797d4c7bbd00ee97a8d47d37,
9b49857b802b455c9afef420b736b968,
a3917ecb890e40c381c9dded649a9bbd,
853cf188152448f9af1d66e24cf892e9,
53112316147149f2aeea9c06fed399db,
fe56bce98d504a5cbaca9a3f58e511b7,182782000.0000
c874007b05ac422785eaf9e843b813e6,
3e269da58ce449f1a8d6ff04f77e5144,
0730db1773df469fbd87f5a950739da1,
141f7bb801064ce0b6133a44b03acaf5,
7dc717fff8bc43578be0699575207190,
cf8056c32b844bbdb7f2e00d0279a1a9,
697b0be8bc20428d8678de3b7ffa9d9e,118386000.0000
8e00d8388e9f44409bc6cda3a5f2096b,
46ce98c590824d0dbb28dda4b4cc1ad1,
870cd92625c249b9ae9cf5d60df5bd3b,
6925dd41763d4f1283c8b8b30ce9d4b5,
9612c8c5a7534077a7643b033fdaafb6,
9d8f6380cd354de9b6934853c75a70e1,
52401b1e474f4025b5b3cf89c969b988,
7d2d2955ba56466f80af7145549c7f73,
da1b58f4764648269739b8c1d34e5d08,
f0f17fc6d948449f90c8e78717eea554,
76d4e639554a47aca85a677b7e94d6d4,
0cd026284c8a4e368e4c2669d8302552,
a2b61e7e554a46a0bc7c25d295d2a487,167260000.0000
ee586628986549669ed1af16f456f64b,
ced54d1c11954c8fb9cf54773a7058eb,
ff13ef3e61f74164822f26f854b6000b,315000000.0000
56b690c157294e56994ef995c44fb8fd,
3d39085515644fc2b6823d82c2ecdf2b,
2b71dcc07d1e4c31ae3d27e373fff378,
c187411c0e4d46ef9e3c04517013c494,
b092f1d3993943a5aff975d638b4b2a3,
c5ceb9958cb641158b76bc59fbfcbc9e,
6732c293829a45b08b130cdff25d1ec6,
c1706b1de9c04db893729a1800c6f083,
c17a881cccd44dcbbaca8335b14e4071,
c5b7b7f96fa74e6eaa0da4e30e3d2c07,
eb2d34e663af45388a763c1a19c6646e,
667228df45674017ab7ccc4a60ea866f,
da27f2c2d25d4feb834c651b2b97edd8,
f757cd6a8ff64c05bfd6b42975bcdd2d,
41652454047c4d50bf5a98203cab7ce9,
94216bacca864984b3ba61ca8344ea9b,
c5bb001ac6ae4bedb76178f2697aa274,8222000000.0000
7f3d1d2c7fcc4ddcac187ff13f697461,
1305dad52c2b4ffe8a55acfba9439ba7,
e34eccf2b89f475995ceda9a96293e03,
9be117a0486b4b5aaa82a78ae829d854,361000000.0000
7e97014eb0414203a151ee2f507f8dbe,
96a4fa80fac34acfbfd2b4762d0b4e6a,
fd5159ecaa334b60a482c2aede81c5ec,
77cf6baac1d04a169087dd4e9afb9619,
2890318b72de47918db8dd9b54faeb37,
68c9c395e4d644a4822a3be5b47c7508,
830a3db0e2f34d11bc361fc0b1cb9cbc,
fbb2c916b695491e9c5e289045a03425,
2cfb64ae85074ce6acfe175a61e5a8a3,
f040b0260dae49b292c292d957b43eb4,
cd1284a351c14461948abb0e780e1d84,
0419003fae6c45ffa572cfd56375276b,
db527ddac6f340a8a73862d75179b489,
eccffefb36514de09a121f8b2c634195,
31858f41a5814c68a29c78bb4a54c97c,
f66c6b77c51c4d199947dd02bc1747a6,
b796a29960114c4ba3a8b7d5f0bafd2f,
5bb7684b1ec94254b83a835e7d615a34,
631f2093ba3e469c83c66ce189adfa21,
dd4b0046845543b6a9f6bb148aa2f3d2,183344000.0000
15315f0761a7443cb40b389511ab14cb,
c77a1c05344f4eb480fe747309a98c13,
e9e1d8ebd71646c4a682362b2e5d865d,
3f7cb407b76f450b859e9f7460fe662c,
d1d1cde154e14c148da805ebd244d6a9,178744000.0000
76e21e5b16af4bffb6678bf7756676b9,
764c9126d4d0470392a620e862d5253d,171232000.0000
e252177e8fe54a47ae84007e7e4c0a33,
47a9f796c4a04286bef8f335d331896d,175574000.0000
f54e210e6ad54344a007db2a8fba90e2,124982000.0000
7644c35ba6ef40b4a73fc270b0c955cc,393000000.0000
e7d9086986814b57bb068246b02051b5,
06ffe6e6ce9147108b57742ee1432e76,
f6302e877b4248c39f71c427dde04144,39000000.0000
733ff0ea3f6048a199071aba78a89002,
50f90765224b4ff58d7f52f6144f126f,
464db2f64a094120a325726bd2241ed6,
36a63120d701406f8db91cadad775543,
054b9f0e928b45338434832e06905b25,
2d2ab3c81d1a4692818fd9b464f51662,
1ca72520e67642348f9d8a49657e7ec0,
2d121b93519f4a0690da825b715c127d,
fa682bffbbd34205ab193364e8e566b3,
0337f697852a4e3e917ade2ac1a40aa9,
650ef436b6bf4488a1a04ca33f5dc268,
74e08ad011c6494b946857f7be17ae34,
f63fde87621c4956bf243a0f307b7854,
f713c14b2b9b4f02914a5034c4394ca6,171232000.0000
55dc7a90cdde4befbebee12ebe9f8f03,183344000.0000
866dc5cc907f4a2e9efccde4371b4d91,
dfdfd654379d4e2aa3fca0aedebdf366,
4d1aca65564a490682888583897f9021,
4864bb6d49ba412caea15a76a3c6e76e,
42927c00f8fd4ab6b39146651376bc81,
c06c8d62457c4dce820ccb03fe90e045,
96be61b2df95402b908dd0bb14354516,
14de9c582b1d45ada36f74a0bb64a5cd,
50b75c13c3cc4159bdc08bfd34703ea1,
eb681839eaec46f98a8804a1dad5e000,
379fe558c67447ec88a62f07c2b438c1,
af31f65d77514c898a4a5443da0cd44f,
5dcb2bb780d246d99eb2255dcd614aa0,
f87a639e7d8d4b2fa9403a1d281b2698,
97c92c19fe514327be5619ac45899023,
a50e8947ead842728cc6bb0653c044a9,
a1fdc24387874b1d81b93fcd5a5badf4,
5e74836440a84de3b212ca00c2f46243,375000000.0000
7d5d5250a0e44dffb470594a988bb2c4,
bb6d32c5923840e680b4de1a3d861e3e,
1f5af32588b940db8bdc6e5abc1c5b74,
2eb47711c56448fd8ec18fb67951ddc8,
26ec50dc73044949adf2e72196beaea9,
7226a7a91db24561aab22e9f3131a543,
e5766aebfcf34adda8bb96ac6780e9fe,
fcce20f5c5934a5a8f52a3385acc2c29,
dc8437eaa96e47328290eb9afc83ece1,
e481f3a442324018940ac34f45968cf4,2028000000.0000
a4f326959ed54e6f9afd8525f7c0dabd,350000000.0000
2fb6ad261ec941d8be219faabde5c488,
5f4d6cd5c51241b99551cf076e62b0b8,
1f30161fe6694f80929154c11a989b7c,
42574a8263a245e5845922df02bfcb5a,
cbe4e843aa5c401c8687e98d15fad450,
1012c2b554914d84895c622e74626be3,
8f38e126ab9f4a42b5b52152cc2391d6,
b39591ebde6449a8adebce9546ef95cc,
9a27ca50b5254f66b12e5f8d83e25f2b,
a39fa7cf4c7540eca3900ca8248ad067,
6c563ea6c2ad49a88407475f235660d1,
656d0c1baca54a58b8e2280388786402,
de84ae25af8a40d08ef9686dae9c9da0,80680000.0000
a89224e681dd4f3ebf11f5db51a6e50c,80680000.0000
16c3acc747274ade976df6e976d9f7b8,
449be400f2144039a60b000c9ed73fbf,
a09dbead0f50465ca237021e9a4546c8,
8ec62aa919384637b9a0880881a03feb,
9ea3bc25989040d59d587ead41fe1dbc,
90890d20e0ba46b087e48f3e74fe9ecc,
7d6b944db5f54f8eb1ce82d822c35ac8,80278000.0000
7e782d77b8d040bca5f35873d41192d6,
0783612de7674951ba965caa60eef2a2,
08061decadd945729a8d384d35ef4b7f,79991000.0000
929f2f33bcc5428aaa2d61b38cb0dc4a,78706000.0000
37ac01fe41844513b5e7fd92f558fdc6,
191a79b75a424bf69f31de0f5dcdaf7c,
a598abb8f0204143b32e741aaf7f5a7a,
96fef226d5e54be4ad9b5b6b38f7a74b,
4f846bfeaa824c90b35a7ba39649b25a,
b8c9b77781e544fb80725bdeb9e12a3e,
2a9fe3e2c2fd4fd3a72d900377f1be2c,
b6402acbe1a840d3b14519e38ca6d98e,
480b321b929d424aa62b98cf4f61b3c2,
72829c99e5c6498f99cdd84dd54d318d,
fa86a72f45564ea8af6aa3cf24c4d2db,
529a8bb9797f40dba35788a1ea5c7c62,
dc441376bc6a483a8a6769048ccc815a,
7564540be5ab4dcc94df1f0b50df28e2,
7ff1ca83ccfa4dd0b80ccac99b14ecf2,
fd3474797885483bb60fdd865830f51b,
97f40468e12b4f94be022bf0655ef75e,
5880decf59024d84b6367ff4088b3435,
3d31b268b93b4f24b87d991f6dda63fb,
774083e169064bd295c6c2d1086e9e0d,
105f8316384d48dc866c66f6ab0a975a,
5530244a8ec748899b4eac61cff466f2,
51dd8e4b1acb49b2af08ee9f2fb91ab8,
b528db7f3857435892276c72cca682a1,
ef30d3039f5a46dd83fe2d36ae030cdd,106639000.0000
276af01dc3e1403992f4fdb7526882dc,
52a80d30cca24164918959e33813ff81,
bd4fbc64c24a40db82190ddd3210b235,
60b49e931ce3441991f8116e045bd6a0,
d7097c3faeba447bad003dcf9960554a,
6a04f2ab0838403691170a8ae586ab32,
1d9910f94e5e461aa1a91be81fc694ec,1483000000.0000
37b51ab873664ffe9bd988e96b6b0860,
245e3c28a3c340bebfbbc9602c55658a,
b417b6b4d72a423388dc38f918bba667,
2d678616dd944de5a730051ecfdd219d,
539283840ad64df08daa2f50671361fa,
24ced8870552488790597a28f41c3d4b,
938343e9c5a54571bb15c9808888aeb7,5574000000.0000
0055d965c80f4582af4a2417888a5c0b,
64243daa885b4182a0d1d8ef03dfda7a,
00b29162dabc4c1995261efd01103994,
b7f9be4b401242d6a6d17a149cd6d712,
993d04dbb9dd4f848a764b1b96c5ff33,
92069445112d4cfba3a13ece7652d9de,
015dc437aec24dc5bbbb17122909a15a,
4c2334fb53f34626bf1f870fb273a87e,
3a4f7693909b49e2aad141d538a1427a,
943b19191f8048758e41130acbdf9fd0,
5abb9bf06ec4452f8378cc79facd6996,
98474cc223014fb3aa90b8a670adeb5f,
8f539b47e3df47b2b0c64f44e30864ff,4777000000.0000
4453437e21d743f4b26b8232b1dea860,
ce8ae1a6df0843ed9aaec0b0d66f6b60,
56581904a6394cf7aa87155e7ee7561d,
fecedfd778f642cba9ad41433d1eba5c,
15e8e70beabe47f781d0c67b6b854d01,500000.0000
ca9d332820f5426bbe71000210b3580e,
189bc3a9ca9e4e34bc0f59b21ffe12ef,
34639c83842f465da3261b4cc607c3c5,
1c7d4ffbbb574b12a507c2e998beddaa,173400000.0000
b12c1ebe88294ea9831b55b5141cfcd1,173000000.0000
74495fe12eda4e139a991e5c4250db9e,
b6e8fdf054f147ecaf4b20f3a24e6671,
ccd0a2de02a2495dac08248e6d475dd5,
50e9038d5f55469cae4d738dedaaea64,
aeee7d46e5f445ad81e50bb78c6327ee,
21bdf2bbcb7540a58f703b89ab8a59cd,
13632d9713fc4240abb57401ccbc15a0,
a146f1a13c9f4fea9f3689fa25815f84,345752000.0000
280c36c15fbb482e935f36988604bfb9,
5011915ea81b4cb39c3160a5fe46bbfc,
7ccfd61bd92943d5bb2d270d0b55de86,
c0b32e2bb04047669e64db7c09f870f8,172600000.0000
6cf1bbaa186b4a6aa286077e1c12e3ef,
8d5ae1e8bc6b468ca8831c69b85ddc6f,
8a2bda647e53434aaa116cbdac73217a,
e717525db4024d01b721cfd9a054ba4a,
2edfa8ea3abf46848ca049205e80fa29,
6984baf862f142b585db3f622cfe1147,
dd06e8ea72c142d1a8a21e339f8dd7b0,500000.0000
b54615a581a34814a9c2f200be1ee005,34479000.0000
291d1181f73445949061a7baaf769dc9,37927000.0000
6231f95c431646f199cbddcc2dd5bd6e,
c2ba5820cc004e56a246a05a403ba828,
fbd8f834e300402cb8c059a3842719ba,
4a36637ea0e9431c9626f3da0b6fc535,
fb3f126cb04c49e6a7ab3fe913709627,
cd5ed80181a14144b83c90c1c4f00326,
255ccc592b1e4f3c8d9d0b2e732e2bcd,
f8be4504d3f4439598a37970ed62ccc7,
d23d94281c0c4d24a1e52da689bec852,
758b5c1de7ac4b429cddc1508e039ec6,
6082ef9d74864cc5b73e1adbbe10394d,
54bd8dfd2d3d4596a27db0aaa319dc5b,
2ded33be978d45429453dc6a9fe2ac90,
bc3ecef290c64b6c94d87e66794a80e1,
2ce22af9ae7f4c8ea5ca140446ca241b,
cfa2383599bb4ca7926fc6a89d734b41,
5ecdf4d911454f09936098561e1c5540,
d379f7b0d64f4e43a459afc05d21560d,
28fc900ca2b64feeaa6cb7be8fa08e03,
c9f83b69bb734ad29183b48f43ea716b,
7cab740bd07742b898c413de735f9f49,
8bc5bae5e2d54608af6397813d46bcc9,
ac33d62b175e4f91a17740731bef3b6b,
1b421a99238d4b25ba032c3538014543,
93f1020d0c814158a6c2f8538e3bda37,
58df5129c2954c8293b62cdb242d9e85,
ed953861a6ae4cef970afb03f9ce1581,
0fad4351c6f74f3fb5d3d815f884e024,
36fd03af25c64dc49b7a81fafdb262d8,
f272a459491e43a991e564be8138bad3,
a1b2ab1356604c5aa9559139bed71936,
5128274426114d0d8d4b2e0b7bab265b,
8f31c06ad3334f22a16e7f8d6eed0623,
b93ba1e9e11441929fc63b334e5ae7ae,
573cc0baf745495e8f6f732b2e9f9e75,
11a5286c44e04606bb896d03abf64955,
5b8ef35cc37c46ef90d8b54f087262f1,
509608b363d149b5a7178351a1941f47,
fe22036a897849d5b7d6f0febb4acf50,
cb003d854b7f462eb1a026a6000b9774,
e41144801a2e4fe7bb2c1c106f3e9d4b,
c21d0af5fa1a44b2917a00b241b5aa4f,
fbb93e2951e54720b40f03f4d02e8d61,
4b15e2054b1144679b33b8e190e6d639,
a0cc0ffc2b0445f3907a6bd83d8e9893,
27f4da73681f411097848fb1b250999a,
ec34424af35043a8a7d0bb72bd3677a5,
9b89c366e1c8471e97b68f6c084ee12c,
152455881efe460c89dd5f6625e79415,
9aba9aff18d549109a38ac9cfa02961e,
b792d7b9aa774883b29023323d106ca6,
5cea52bc258042ba9b9a8a7dacc72e1e,
52a084d66c564d6b9e1de25991ba1cf6,
240200c323d949f0ae20f237e100ce93,
0208e699f198491a9ac998aabd8686b2,
9912047d160b4e24b103e1ea5d103658,
72fc20bbd9494e55a82f64278a417935,
2c38e4f941bb42efb987fac012d59520,
95166ac5805e42bcab237828ef2fc548,
a80735a862ef4b45a1c30f648178c7f8,
82947c5900684ed1a321ccbdb4403538,
d33582e6958e4d05a51a9d1750c606de,
f65bf2fdb53e4e19902bd7932096068c,
483b63e262c2451b8382806a460f122c,
429e3533ef324a079d8bc201db4565a4,
1b95c43f620c464aa9f5f9e3a36c685d,
9d21336579fb4d809ce27deab9d63bda,
6510d7609f7945c08d6afc2f1670445b,
f11c70c2846043d3a550b0511d814303,
b052d0d0d11943ecabe492348b101b04,
1d9e79613adc43fca616ba98a0900cd2,
4d72b7f05b6048c1926991e7ed4f678d,
4a51ea70582f42468a7fb3747c794405,
ae0e1d81d3a647d2ba9192af53916f27,
253e034aa1f54c92bdfa1a5292c821d9,
924a90167dfe42b787727d853aeedb99,
cc1737b51f69416abb012d09a3faccf3,
bc718a457f7b4fc2ae1e72bb7c99f048,
a14b606e3e0a4ec3ac64e57a4ff4f9ef,
a499d37b284142e2a9823f9a261ecc2a,
0838b8006e6b4f28a492ce9c802aee94,
81ec27a8659a4130a2731e20d961a436,
350fdbc0d4984050b209b8488d4beb0b,
3b72a88a1af447dcba96a8ba1651930f,
107185ef7c6742fa8caaa3556379ac21,
875b57ed01ad42e38df605e3eb4ea016,
e201c9e08a2446c1b3e344b30d25839e,
4ff75adf62874561895958f36c31d5e4,
9211f599d9c74603b977ec15e3832243,
038a77237da24508965e8e6b65a2e752,
1a3cf275c74f4784a2ce7152c5176eec,
cbde1db6bf4d43a09a0e96747c7d11a7,85998000.0000
dffad5ea184945b7885caf5564ef1238,
2bfee3d744f94855a3efed103a10f535,174000000.0000
2ddf90b3a3ab4b698614c9ec372d6395,
3ae0be08289a4cbe97424b9fe2df75c7,
9892ff6d068d4b3baee5da4dfae77207,
f4a6b0cb4dd34e438c7df5207736dbf2,
020024f4980a49b49c102d236294e3ea,
17ee0d3ca59c4cc6af3bbcb6850da456,
091a12b91bb245e6be0ca045507b1bd4,
ea9c24067f0242459eef854118a5fb69,
3c67cb0a9c5e45d99f93e7ad0199a149,
6b72a4cdc59a41eb88a916265b484833,
6785d162ea5446a28228703d52885299,
5ac6e1bc94f4478bac1580674ed28055,0.0000
88d73d9813c84609961451e905e65e55,
69801799c83741d597e89dc1613a494f,
c95289b3806f4674a65c3ad0e9ff46e5,
509ce5c3d4f64bac95fa718d9f6dcba5,13122000.0000
5aec8810fbc74a50a0fb6642a54fe288,13304000.0000
5d0aebe95ca3452ea4efc1a449fa470d,
dc988a26dc8344239829f057ae65fa7e,
bf475095701c403099d48c06d634a36c,124808000.0000
64dabcddd1684780957861d7f732e449,
f75e274c6577441cba233c80db959424,
2f63ec340c0c425e90dc8a4d7dbc5b64,
30a19c6cb4d74bca908a7ca9a02baf9f,28903000.0000
c396936908aa45cc94b74cd78860d72f,
881b16caf19b4fb78a87ca3b708b17a7,10664000.0000
7088a2dee7b64f54810e8bc31b4425bb,
2190c74b3a9947e29f5dc5ff879e1a9c,
9097ac40a3204a2da367715d8c37965f,
885f8212b1414f239d0e68615c648368,
13d5b807b05d4402880a001d40a89bde,
397c625327de4890aa187c8218f297c4,36000000.0000
b563799be1304953971610dadeb7a6a0,50000000.0000
136ecd4fe6544ee39440cbb8420ec5e5,
d4c9d48efcbb4c95bb6c63cbf318beed,
d953bd5700b44a14946ffe5bb68ce669,
a9e0eece826b44828b038a7fb025b87e,
75bbf4e6dfe04aa4ad3054ff409487a9,
8d3d7f0cd506455b951fc1fd522f1409,
43a6faacd7164e6dab7eec93b859a359,
e87ac27b88ad44f984c5c95eb1f5b2c9,
099e9dbb79564bbd940dd9836a928224,
8d9aaed283d64fb2842b6162b5924820,
3f477c84043d441f8c139c730c7304a4,
95903f766f134b56bc80fa7c9baae8a7,
fc30d4ec913a496ca23cdf3b86aa8932,
35593b39e86941fc9e48e7e13625da09,
0221219e6e194a91ba36494de8e37a06,
615c051d622041039b8bf15776760691,226445000.0000
df47ecc3fbb945a1bad97e385880d229,
2c2e1601eaaa45d6ba37db0172368e8f,
d631bd244a3a4c589f6fc3efe25cc01d,
4b7cbbac63e14cfd8c2694cc9028d41b,
0b03dc1762eb40e1bcaeda6f92f045b1,
41a15f07f669481c9869ddbaf1cb4e74,13836000.0000
629ed5ac15b74defb2d45481f5b5912c,227000000.0000
9cfeec29762e4ec9a6ae0105c290075b,
97a5b97b3cda4297b38c5d150c11aa33,
507c2b4e9c7e40c2ac74d8104d9d1ace,
ded67c04f4ca49b1bb0cbc0435fc7039,
882042da63264327af4a08aa60430377,
c642ccec04a64291a28a5cde4093a3fc,
5675e59958fc4d9abf7b29a84f9328ff,
4a90bc86013c4c9297df0ff27adab6d7,
3e9686c3e3e940bb9174def16ca994f6,
1ac32c3c32044d52a6691b8d5f67020a,
6943df2e36bd4874af23c01d5fcbce82,
6247e3da20654408a8664663b78c809a,
61617b1a60ff4244ae4454e0a6529fff,
26f8a14d86dc470390a2c12539ee75fb,
537ce3125d99451d97422f17cbf3e99e,
f8a642a8d1a140ab8a6e9f758a09f7dd,
24e7e22a91f84230b4943189e2ef179f,
59d841169d564779a442e7816c9f8964,
2cf087fd67134306b96a77247e069c40,
1703647cf59d42f4a43c704178cde72a,
db65b55e40f44126b528f113109ad468,
b6aa7b58dad94f11bdc7d045608e8ba2,0.0000
ec5bd1cd4f66416f8652c189021267d2,
4b96e1569e184fcc9027db5f8618228a,
68b6d095373e44ada844eb7568d7d0fe,14000000.0000
1ef9b8daae1049b9931a523e9bedb1a2,
796e4a9f80da4c2b9b42dbea34935c9a,
48b6d969917641ee9f1a833279d20025,
7bce49021d024434bb2ca3bc24cd0b16,
175fcb1683e24e3383b844de7edd94ce,
2a817d7abb4d41e881c4654e7b33b362,
b234c05d00c14900b0a0b07b13bb7715,
60d547ca588d4e6d9ac10096f80b0b60,
be103ea8f1dd486d895ffa390e2ee5db,
2bfcc221e68d45b0918357116629c6bc,237835000.0000
00be4930ebb24d0e95231f2a6dfd89a4,
fc6799a315414348838974d837814fe9,
a230abf561ab4dd899d67bca96e24d82,
b48395c1cc324fa4b9ab2386ca190476,
f10cf16332704a39890f212349a0ebe6,
7eda73ff7d7740089c28c7eb0cbfb85b,
e3ad5f28843c44dfb3df64a4ac573cc6,
cc2ddd80899846379f2c64e4fba94f1a,14988000.0000
f32bb820bdf44db9ba6828e7806f8294,
6326e90391af4be78c56fb51a6b8e8eb,
7814d6e1df914a2eabf2aac6a38ec648,
ffe651946eed406ba9a01a2ad0517e99,
bd5a338675cb48f08a536e20e499c3bf,
aa28f320d01f43338eb729d710d5bff8,
e78104623150424a920abab4653754d3,
234aefc8dee04079958d0048fb0287f6,
ed44c5dbb61e455ba0c53d27fcc707f2,235352000.0000
3c3d02cf2ee8419b91418e53ece24e42,223296000.0000
31243ec57d54406c87dc15423df1df5a,14865000.0000
bad67c0ab48b40188e95b4795349706f,
12e3a1b0301040bea696fd150c495838,
79671cc1857849d4acd89cd32cb0e56d,235150000.0000
1c7a64ff2b92497493118af2d3db0197,234507000.0000
3f510a1269804ccb88ba4f9b22a10b9c,
dba3089e27b64fe68b958e18825a33f1,
f0d473e645314d1daa7a70496252b1e5,
da32f852613947e5a6b352e71a53d84c,
e8967017c3fd4ad1bddd229ea87ceafa,
c4cfade572c8437c9eb10cb1ede39ff2,235921000.0000
ad0cd899011940f6bc7ba116af7bcf8d,100059000.0000
09b89e443d314e7ebe4758b4c506f99b,
1ac19f3e929348559e4cd80fd1b86f61,
d32b21558eee46d5a88500e80c04cee0,
56e742342aa24827a2382ce83bf1d16a,
aa8b77ed69dc4a1dac74e3b8cc13ff27,
5ec8fad4fe9847e3b736a6a5ca2ec5ed,
d179d87fe53e46ecbc15118785643d1e,
e93af296494a40b49427f1c4166cd7de,2990416000.0000
31f4423684dd48569c41686863f57c68,3199743000.0000
7f9e732a72644e8596064243e5b39aa5,3228055000.0000
94cecfc76abb4e65889cb5287f881e39,3315394000.0000
85318e3badb7496387c43012308f8e90,119419000.0000
5248babb342b44b0b7a768287d71f363,
58198ee9ee4d4f069ab2f4853c533f30,
921cc3175dd1429497725a124a299066,
64eb1c484efe4a078273ac63403b18bf,704000000.0000
6804121b8edf4a099d6010ed4380a425,
a3716bad3c2b4690a3f58b8c0feb3212,121254000.0000
44768a1231fc495e83d46f3656ec29ac,
7f283daeba664d2493981c1b2e602d77,220866000.0000
9477250f6dba4360abe94947e23ce422,
8ab8bd2c5b4546db96a35cd667fd4bef,5023336000.0000
0099351370f9435fa18b375eddcba1c3,120498000.0000
ebed865f788c4751982db516005ab2a7,
bfe7028a1c89469f9c857b25d196e05f,
ed052c95fc52476f85411c09da4807d3,
357e4cb1fcd648a2b9d5d631ffb012ea,123386000.0000
8c5f2fa61e4f4be0919209a7cdd0a4c9,214592000.0000
6e6875194c674c5ba66cec09c31692fe,
806f274c5a484cf7a20994d27fedc85d,
81dc694a3dea474f9ad883d0a2aed719,
d577bf8c5d7f45a5b521d7f11e741b44,
51255556661545b089a41c3e9d930000,217010000.0000
14802649ff4045b7a645dbc5df8bac8a,
721dd120cb1542a899ad532076e8197e,
65208cfcd3a849999f02221a7839dfc1,
dd0ec923a06542c0a9c0d793202f0a89,
34e92727f4fa4e07b3cec4fd862133d7,
ef8e5f20352141eabfdf6cebcfc51492,
db333561ddb940e0a17af04878410f3b,
63f179de02764b3bb7463fd7dcc63464,
a773c190a22446e19e59d39b54f8ceaa,124808000.0000
51bc37499415468893da911914252b99,
3323fd47fb7f46009d07295e84f6b67f,
0849d2bef77544bab8354a34864d4a64,95284000.0000
3757b16c96ff4877a6f1479018e9a071,
f7ea014f8c304b14820c8a88fd85717b,
3a6e20f9f7a8483c98eec2ad57870a8c,
9b42a501ff254033a4f599a15361adb5,
7d2b05eca9c446359b3abc8d0d9f5e60,
f27ed080f3244faa9ab2d07b25da882d,
293c3a5cc6dd457aa75cc89c9191f3f4,
b89865c5149a4e16889d52a7ee260a7b,
701a63ec4bff4874923861f71b6fc87b,
97407fb755174254b7e27a1a41a9a0e0,
cdae8b4c54834bfba50f4d08bc0b092a,
b1cd510ec21a4bf6b2f5a205add96bd4,
afc6e165046d4163bcb7268074feed86,
5c4729669d3146a197874057b8eaace6,
294a10ac0d4a47ba8ad0a81005100973,2217000000.0000
7deeb3bc94ca47b388db317bfd7e23df,
2a1fe899db534765a9820515b7c0fd51,
61ac48ab41df48839622d306861282d0,
385165db7cc84a30ac5858b7d1291cc4,
dbad3fe51a854be7b814f4db0864ad79,
c472220984ab4c619f42b1918191fd9c,73039000.0000
a150ced635e94553ba03784ccccfdf00,
9de4ac6a66a54b71be87d73739a0a702,
09581d084467446fbc290e96f2fc24a5,3604521000.0000
882ee35448fa41c0a6f9f23c19f4e92c,
c5e9b972c1e84b3a850a3b662ce85e1d,184485000.0000
33e8b59e783c4d56a7a33474536365ee,
7db7300fb21749048440640ef3fda74f,
224ad8eeacc84b908a6286305c0084db,
ae4e0f96ac094a8190e60af5b121779e,181658000.0000
27d070dc9d104bdaaa1dfe851bf31081,1596000000.0000
f5fb4e70e8af4413aa5c540f8c0e3cd7,
2e80652f3dd84fa4b4fd51da43d12365,
5b1d70601e944821aab4367ac876aa2d,
e8c53388b64a4ac8ba27494b34658666,
ae57182d42cd49b7bb0d3e20b0da6a23,
d20a8c6499f74513a93cad0f76f34c0c,
ea5b3b5e1d9545f8872523a11a9baee6,
00d5c7d6f83e49b8bcd8b41498452acb,
e1a0c988f65b40f8b65b1b1337f1cd33,1433000000.0000
96801674189546f7bea042e425406e21,
a0c2157f961f4c0d94b02dea863bbfbd,1550000000.0000
1484ec50b7274e30aaf8dcbe9b29394f,1590000000.0000
cc06de0e850c4554a37e9a0038f4fa2a,2351000000.0000
2873c4c2af514e98a72ee79abfb924fe,2457000000.0000
cfe93193568a4c7ca268adb3832b5b21,
971797f5229b40549d6125c81d774d51,
244194e10b43463cb7272cdd930bfb2c,
e215727c6b32442b918d3ac77dcf9ba6,
ae7c7e9f0a564c4d8ec02df9bc3397ba,
b2e27fc83d7c4743b0192b5f179db37a,
13021693c7584f2eac6810ad180a507b,
057d227ab3d94a64b7252bc0519f5f08,
b31473331b9c445e88c5b8e3c164e578,
2acdae68cc5c4fd3affd2c1797c62d4f,
095a1e189a0e419096ee6dedf8b22175,
042971cc754d4001a730bcd00c41c664,
a62242ae3eac4045bf20ffec257902d1,
b0da787ffc6842a892670afb74180d53,
c3f83f4e15554cd0ac198524835a4649,
206202a081124d559bf5b4046e1b4ad8,
92eb33e012234d94b7bd52b583349987,
2b0afa3730e244838dada3e7139afeb0,
a8c528f9ee6149b387f9c98b0c179e37,
bcd4bc6740eb4f878eebd97b46f0a8e1,
f71c9734751440c7bf0f68441aaaeb45,
34ba78679a7943bdaa6590d29aa339ea,
c57bee4c45ee465dafd56fe306668d32,
f9184116dbf747e6911dd2205bd39431,
dcd1447f9161472cb675a61d9cc028de,182667000.0000
72e8637dde794ad281d2aaf304771ba5,3258966000.0000
912ac263e53c4083b13fee1332b39345,2524000000.0000
c7153437ca254f3bb3f229b7f4df1b96,
1699ee13744642a69c523cc395beaa05,
58ea95759efd4a12bbcdd6e17e33362b,
a4a9df16c97649c9b42222533bd22a55,1542000000.0000
134578ffb4a14e27b22a12692fee0607,2324000000.0000
906db76a60b4435c8d2a9f7f0ab947f7,
20e5877898ed483d8e86f6272ed38b7f,39256000.0000
21a445cf6ff640d1af1ba6e1c179c6f8,
9eb6c0586b6e443cbedb54776a98b11f,
405a383cf38f45fba3ac7716d855ac04,
0f7b930865444edfba60cfda4548ffe8,
103a3c02cc5d4bcf90fce36b95be6d5d,
dde547909ae149d1b432e78ef3834f1f,
d07a4cfa24ef4aacba2a3da4e3e0dfb8,
6c529f14499e4a3c84cfdcbccbf11e54,
fe070951de6f4b7fada590d068fab935,
a6ecb444a21a4a27a97cab1779c54484,
0fba386fe1914d23924ff41ea1a5611b,
eebb199bd6994c4d94c84a4284335be0,
b8d4ed01efb44e8590a783f08159f1a7,
e6de2da3bedc4a3ab641d155dc12b700,
bc15b9f573d64650b3394174af57976f,
4a69c23793f8492d835c0b96c298aeab,
9b2aa2fd04a1439aa9b7903b687bf0b0,
a450eea637b74b60a8914d70cf53b7c5,
3e0e6669861041289d7af535aa4c8d4d,
6053263b081842afa4b9cd7105c718ac,
f67f35317dcd47eaa6de8f3fa9c72958,
87c8579a458f4ceeb2f47353d24b3386,
23ff2026936c414eaaad8ff57bf1c69e,
2b8690d261ed4429bb6b8e1713b6a183,
d6e6dc1a5e244538b208a9989566aa48,
2fc93f5080bd4844a4a0249cba8f6ecb,
ec110277b0ca44c8802070c820ee69cc,311000000.0000
bc649f9c07dc4da9ae794f46ca2d15f0,
774b13481a034c328f7cd92a583b8568,
db5065023f8e47ba8906026a09904bfd,1264000000.0000
47b357e852ef4aa1af6f5e862308fbf0,
8e01f4bd573e4e87ab51e75abf6b112e,
91a7f3f46a1e43a69cedc30ab1d3cf55,
899c886e407747dab8a5667476c2b73a,
5c6b4728b1cb475ab1ee57a9b8dcb4d9,
c3db93ffc54a44e8ae270b724b2e34cd,1864000000.0000
73efba0f511141bcb7550020225246d5,
1b0e730b9a2c4e7187012b1db6efd457,
bc36e5212682461b89c5d3a6ad42cb23,
8f5732688eef4e8d948914426cab4232,
66f668f31aa145f6914d54ee5e5f693d,
2090d5799cba44a9807a414fbd68f7bf,
c24f85ae43cc43e7ad4606d31eded808,2170000000.0000
45e2975bef2c41928e31a06b3e0dbac0,13000000.0000
dbc45d540c39458d8eac5bda926b9624,
143c9e930c0b48e7b4b782a3e061fc6b,
7db75391558043aa9f65d81ad947de87,
8b94d34a7d804641bf5391285628cb59,
1530657706b940fea1d86e2223457e79,2194000000.0000
fd05d307d26640989a090e6cf0fd6938,
b9efa43db50046c9961ef4cdac928db6,
fab6ad2bec2d4bf092907eece3ce9644,
8760f837b3384615bb45548472a6b283,
daa38372fed54c96b886e9945905d857,
20c4b2c44c0c4bafa796c6d6102aea0c,
596f0afa728740a09d358e28ef8ca21a,
e04f8f60b7744acebb2aefa13e3c5514,
a4c5289ac4084768acae31dd5097b722,
71d40c7b6dfb4ea5b87bb49b589cd95a,178738000.0000
9c4f09a130f44380a30734906985c8d6,
1eb91baa3be546d6bf0b8a8458118a84,
8bedcff8458d4d569b50c0edea1569eb,
62317174dd9040859664396714c47179,13000000.0000
dcd6eed56a464c46bf6422ef17d04539,
14931a58d09449b6ab321f29e5161ec9,
37839b9a9ba647368de2a8707c270f16,
dc2a1a41257e4825a7e12c33dda6925f,
b08e600784e94b37b6b7b6492ddc1198,
455b24f227f4476e817696dcd097dce5,
9c9d6fa6a2ee4d93bfad87bbd26770a1,174764000.0000
6ce045d08f994d30bb20afacd6326027,2135000000.0000
8b880ab242fe4bc89a6b8b2bb9f95c11,
654bdcbba80f4dda82e85b52a32f3f00,414000000.0000
b286844dc30a4e67a51ac8c72950697d,
e5c907be7f9c491095b6a54433b6a7a7,
52213111ac3b4deb8ab41a733b530d8f,
298bd99de51e4a7eab7c3c5033b9c513,
456a361852e44e379a013fba2a98d404,
0dd01b43e03246e8af3c2c4fbea86ab6,221000000.0000
689687103c31495291fa9c385a7d41fb,
d318ec0f0a4c46df8b32c442c173add7,
72b0247f9c874aa19d1c005269a3c008,
200737ef20de4b40acf87204305d8465,
8894d5549893469299ae8d3d2dd84522,31000000.0000
1653d2eb8c5941f8a1259f07a39562da,
1032268ff02647459ad9badb6a301a63,
c00988ee8f4e451c8f640e40618e4bc0,4846000000.0000
4162eee8c2854acfbd0db02b245a778e,
3b5f181a3d8a45db9132f0edd5ae1f17,
2e66c9a0aed344bfa2feea8bb49111a9,
94537ca0042d4fdba726d22cb5d36ae9,
2e0ce1b855034c39b2f23fa8c11e298c,
dcda7c54cf614ad1b84ca91fb3b8c982,
34c64fa5dada44b2b410709b91028889,
0c873ba070f84e8bb16daf2233f3cf4a,
8684d872761142c2a6c0d3ccbf772daa,
9bad7b610e9a4803a6b53371254ed540,
cf73c8d5351a4bd3954b1bb6ff9c9a59,
de8554fb47d14701b24ac4154e27519b,
555c66097af2458f866a777f9efe59f6,
e81dc087d63548a291c2d148598feb4f,
a3f00f5fdc644a589a0eb0d30510ffc4,
e5185f9cc3d843eba1b2182b57cfe1cd,
f0486f4fbc3a4fc2a528345eb4b7ffc6,
d7d56569aa4a4462b8738c56f97c455c,
82f375e0cd6c40c2ab0b64c7e87d7f37,5142000000.0000
947246cb1224478e937890982c6445aa,
203ed0a6c6134bcbb9cfc9a3ddc870c4,
84ae5f5555c24aa3aa71e36390940b8b,
167112989f0a4ee794f40f5f57de4f65,
2b8b2467e1834af0a71b00ea9ab2f488,
fa953c3f5f574dc2bc1e8c9e382e836d,
9f16e35454e0490aae1152b0c08f9c76,4846000000.0000
a6327ac0a7db476db2ac5022492e5f8f,
f75208ab21884f20b6f3c56363e54170,
676ceebee27d4487b696d109207617f5,
8f42bf9d3fca40149a517bab0ac9a7db,
9408de9edf8f45e9a3e21cce31df25f7,
f73f2b60bd8a4245a6bec7a76e912c90,
537a98789aa54f56a1cbb5ffee407aac,
b2e0fc52a15e489780023b3f7bec63ac,
e1c44d9e81724ddf961e8dd24a226720,55993000.0000
dbf191ce2867416eb1c1011ffc8bea4c,48366000.0000
2d33da0076934f9e83df797f5c4bf528,69584000.0000
aec54bfb2c4b4930aecc2a7d45e81a9c,
87e13079e19b49e8a5d02373feff62ef,
e58ef7b4d7224174b1788b00036d061d,
28f5c09818034a9cbdcfd1073a2383d7,5013000000.0000
615cbab65336458ca23bead5d75d3a50,
bd080e828d324461ae15315d4968b766,41454000.0000
bb577da20c3e488faa433d91e7aaa5df,7617000.0000
7f42466aabf14c02a18d3ef9ab823d08,
06790c9b493743ce8e55b5cc5a5243f0,
98334f4a3da1446683af34f3c84dba80,3781000000.0000
78137528dd26408989bfb0a97d129184,1869000000.0000
79db6fa82200444d8893e58fd843b3e9,
b2a3dd4701b548b78e27debdbea8fb8b,7192000.0000
2e368a6ebc6b4c82bf1f2f72611b4dbe,6914000.0000
2fb44b80b0b74a6e8bcf7fd6fc2c8666,257000000.0000
9360902b25174d9b921fb802279a1e41,
318588f7ca774139bcdbb11da8a1f945,
8aaea148a8184c59b52430f1dc682dc7,
ea989aed376740818b7ca95827ba06c6,
6e9f3cdc7f19449fa05c925b5c1cc238,
6c599e057a1149a0bdf7242b6f7177a8,
ad4ae1b3c9154949907f100af5c8df99,
51cc55b6c45b4ebf93b6673a43cb3149,
f9bc582617ab4e5699ff20776464f4b6,70508000.0000
1bf41b4e2c1f44399c75718207683f0c,
aae3236cb39d4b48838862bac199f453,
54689f1f41c34efba5d8b6bb519ad2c3,
4fc4942948f24622a5172dc3520feb3c,
e95822221992442492c4f32585e0d30b,
7e322290a0824c18bec2c21f0f8f6435,
4f3f18716afd4c4684561b11f1d54165,
54df2c9b08394b9c96b47c6d81fb49b0,
458f1e04743844509dbec5e9c4ef3c00,
0620e8065c724717aeda71bb7fc5cb88,
312a8550f8f141908c836304e983bcda,
a1f051aa8115429daaa7d5fda3bb002f,
611c37ca5bca44a7836010371b748252,250000000.0000
b0cb830268294e62b8283eca2a92c047,
45e30c16dee5499db8f46da412f2b5cb,
b2a89ba4412d48fe9c0b039ba409e349,1857000000.0000
a4f09221832b464a96dcb77c4ac28f67,234800000.0000
0f60bb8360494ca198601b19a50fd567,
febcaf93adcf4da2a8af27a775fd9c5a,
ef7437e13b5b46238fce0ecd7e27a071,
137359fda4d3465f82428415d3959e91,294700000.0000
530b2c2edb1446e68622a9b5652e32d2,
882006ce7a2b4ca49fdbcf280c7f51b0,
bdb8d97324c9468b80f167d8e2b893dc,
e20ddabc6163412a9f61cc29515ebc43,
728d1c4061004c06a1b132ee38a495d9,
27813157ebef47a797065fe24c9c2a97,
5e14818bbd904a478da0225ba42b9260,
b36b7c2acdb945b09a2868102aad10c5,
c1bb590812e745969831cb7b84d61c79,
062292e25be14802b86bb6378548f64d,1545000000.0000
4207b70130da40eca76361205547639f,
63950058be15455e9c076e03e0a25dea,
d2d588e5b2894be1a2b133554495104d,226000000.0000
63b0318778fd408785c30b3d3163a576,
504a8134d2c749b3b1678149aca20c48,61000000.0000
953b0509c26d44d38468001f8c9f110f,
ba4629d61229442e94c9d7865f76735f,
335f43612444422b8a78cfa182fe9468,
1910ff316a1848c0a17997817fb7eed8,
615f881027324e32b35131e24bd9a50c,1491000000.0000
335a50690e0e44ad8d11c72f8602c700,
62263c298bf9412586af77dd587f83fd,
6041870baef445d091107c81785139b7,
faa50b86323848d8a2011dc67bd8b20c,3188000000.0000
4f9b3e3b8ee94a0f80addf87ec86b396,
dfa1d8886171416d918ea4103b040b6e,
3c789e8555464c01adeaabd42a6ee285,76191000.0000
42dcb94f98074c298a4dd4f3dea876ff,
f7859a5c7efa4782b2136c4f894eabf8,1299000000.0000
e9562603d3854dc589ce203ebeb15b16,2446000000.0000
5178f03c3cdc4dc3a6ae7c463769a764,82000000.0000
97d44dafc14946f0ba9290c1a078ab14,
4b195b8fd0014464953a9fb043b6deff,
418d72185a5e42f690552b2f2b9429f2,
b8684fd1ef2f4bc9b7cbf88c88553244,
576acc2816024a16b6ef25a5cb0cae75,
49517559150f41158bb7449c578131fb,
81138b5da6c047a897ddedc50453998d,
504097a7f4524b0a85570e2acf91e60e,
6a821733aa5d4c7180f36dcb8441491d,4647000000.0000
d149dd22341a4e3d94b77c3371ccf25c,
426cfa1d37d241e7b58aa8bdae84b244,5015000000.0000
35fe4a599ed74a7e9b5db0167d9b6daa,
9ba7b3dab45e4cb6b1c2a191ab9b39e6,362000000.0000
39e4313c48924cd78a48849e7bf1050d,
9fa5acbbc7d34916a689e2b8eb199348,366000000.0000
3f33f8025cad4f169769a875977cc531,
1b4d72f7354e46a3b6a4447514cf89c9,
1570287632664d7d80a499fe79e131aa,
78fc8aaedb97443b900ee2ec86fe8940,
b39e6217d1854944ac3bbd9776a67fac,
37eb1c9a015f4487832623f3daa6077b,
3c3168d0343e47a7a6d2f4a5604cc303,
94aa72a49e62429280bf4f6d3d2905ad,
7a8d840b6e6348319985581ce9b21369,
8aefdaf5742b48e382c5e81b15a68a87,
29b6d7c9d6c940928073cec6f3788fbd,
898fbdc8a2e745ed9d8838a0f6b5ea6f,
ec2598308ec34382af88ef3eafd15ed1,
528a685efb3c422c9ed35bf916709081,
3473ab678e604adc8d595d7e25fab26f,
44d7491429e64cc0a7de159d79a2ebd1,
2e52f1fb148c44b39b850e21e52c6397,
c2f7d9fc5957495e98185658c36c23a9,
bbab6a1c14a5408ba51c0be201ed88e9,
f83e52f599e8489ab5f40b24a185e3c6,
9866bc8f5fdd40828390b2c98378ee84,
8752035541f146aabaeddd9ac2ee3e4c,
a5d28bd5051544e5b3eb0797d13f0cd9,
f43be81b2052409c961f16afe2883884,
c320ea605c0d494db4c7b3a8b610bae8,
abb9b6960efa42a4a37fef42498ce59a,
46d9aaa168a7459b8a8a41c4afb2a3fa,
8c83bb34245445a8a4bb9ace1b68dfe7,
1367b1cb4bfd4949afe83b6e477790bc,
e9645d1fc9fa41f2a5d71025ede08eae,
9c29002cba9c480ea300c7866ed825ac,
70f776cd635b469087e16da421aa095a,
5748c5a32eda4099938af3f5b2a1a6f0,
bfa5564da82e49dab577a1d9fe2a4b1d,
20b662d3873d4efeba354b889980c434,
0b333904bd894105aa43dd1b1ebe986c,
bb02b271e1854103a2728b545d6332eb,995000000.0000
c3557d6381b24817bc279756e3e87dd0,
b4e96dcab3da411d8e343e1929e69a1c,
0c8ef7c91faa4cafa3b29270b441fe23,
1256b9261f92400f946c90e161efad31,
fde7e66e63004a37aeac6c20c2e4dfd6,
c3a0e9ab6bb04a1b81e210b9c3d84a31,1378989000.0000
9c89994292bb4216a49cb35c3eb7c96b,
daed20ed7aee448c94dfa993b7244bd9,804000000.0000
ecc61c7caf704fc58442e176ca6f88e0,
54ddb5448eee49b6a2210e1173226273,
fca23dd1fe624c139e0547ce4172adf1,
e585b366f1e84df5978ee497bf070a56,
a05b8c5196224cffaf18825572bd5e69,
b8c600df02344d6a842d6a6381b0d266,3171000000.0000
4d3add6d5da64152a2addca8ed54d2ea,3256000000.0000
86bf90e47c854745a7854181ec644311,
5a965253c541432a97d6d33d6ed76057,
b3cbfa84bb094961b09893aff12c1835,
3cd21cdd8bb14e7989d603dbc34b71f1,
51ff19b2ed3145308c0ece6a10280d10,
c1b23210113b44e2be3909efed90a906,
a6ad6ccc4b7a40a1ae6569d8eddcf58a,1109000000.0000
1e6d29485b7f4bcdb07e902c6ef5539f,
600e84a86e3a4c6980eb536c7381e1f6,
7c7fec938d1444f195c4a54d4e3e4746,279000000.0000
595d60ef04cb4cf48b7588e233bc699f,291000000.0000
4955ebce79bb40f3bfecd6937a5d8724,
555e0c5a84664208a44492c5500c3e12,5070000000.0000
cc391f9d97e349c0bdf69ed3d6e25a20,
6ac45634d54f4d1ebaf9005679d73bb9,
0ce4972cba00486bb432ee906b4e946d,
8d74e438fc8e4c67883eb2cf0b1bcce8,
04130a9900b84dbc83779b219b3b6717,
2d26387d84b54bf799e0c70e58146ba7,
0edba34c635343a180fd74e08a0bc7ab,
5450b679e4fd448085ebed39e5d220a9,
18cd0ce366724735bad2bfb04ef1e179,
fd699e3709974833bb1222e25403f7fc,
d03ec0886eaf4ec4917f0df3826bc434,
a3a0c442e4c6443b9a1957ce6ba96503,
a3d9312f0f5b42b18edbadbd64bd8cb8,
c15c097d778e4ae2aeadc76d392c424c,
943c6203c1b5471eace00a6668222a61,
14513d7996aa4379bdd0c8a30a650e9e,
7a83cdaded2a49099adc97c2961cf5f0,210000000.0000
a734546089a64d1e8307f04fa1a94045,
c7f726622aaf43c693d6b10e42f50e56,
84af8fca0dbd4db2a139665b37cdf033,
39254bb9b63e4fb08f4c94ea2e406e26,
6a71a4b2f11c4285895325e37c24062c,
93fe310a9f58476e842c87f85e8b0272,
1773e84a29ba4485ab7303c619e706f1,
a885d3cc7a43487e9cfe865bef264d1a,
c4c603ad329b4f6d86b6819e8d8e934b,
1f7696843f9c4615aa5dd6bb01ae8198,
f018361bbec9460998280893c009aa1b,
f5322ec7e2fc4097b20ee3d3789b8618,
6d4f08ba2aea4cdd86eac120c045a850,
970fc0d1ce374a0c9353526f807148d5,
aba99d76182b4dfb8db8653b2778db2c,
e51877e9a56e4ee2aa246882b83ccf9e,
60299cd8ea2b470b880ba8742ed47939,
88b4f04893954218a1d6b58bea5740a7,
5de3f4f9db2c4ce6b8c45968c38acfbf,
85d2ec5959eb404da1c3f65d91c15779,
17d62a03e4d94dad946339fa7e05b212,187000000.0000
b14d1d93be844a1681088f4a42c878dd,305000000.0000
5387d844a7e84a8c964eef29f50cdbbc,
656c0d9a59854632addcc87202eea085,
fa8e53ad86294a26a89a466321799423,
5ced716a4fd442dd952d4d6b95e58143,
68ed114008e04ab9ba149786ef2329d5,
7aa9e180ef9743fd86b43ae2678797c6,
d66098d9b1ea41a890943b539f6f45d1,
ddee198a10f24f12ab3f20790ec6cf54,100000000.0000
288ba5c540804e619ae0a8f165aeb63b,
55633800f1cc4349be9f42ca81b25e4b,
5b4b58dcb27e4ccabaa8ffe293ff17ec,
c4e64de7900144698a7758928cb631e3,
41d907b1ec6e4adf8537c0f6826ffaa8,
5b393eb70a8342afa943e4c728b9359a,
e3d42df327b0423584ffc5f8d31fc6b2,
9040390f5d4d48e993a44b962c315ee1,
a5a09149071941ca987d208d0b03c29f,
71d67366caf64a038a8451503aa8823d,
d8b7255d97db45339877bed87ee87745,
b03ad40d734a489098d4d6b0619797fc,
2e873267dbc84eec9e7e06ee30e195c3,
644b1a28f69d4016b09a369a23927017,
41f534e61a64409695e7e8194519f111,
d431020d687847b9b39e9e57d00eed51,
df9d33d499c843568b81852cc74a7baa,
75563f7d806b4e67a38f870be540a921,
4586da7c0fb14434aebfff219094e893,
b465641b3f54486fb07cec229854be47,
14f914250d224f6d8ec65e88f4cdf7be,209000000.0000
2acfa20754bd4b3482b8f140077074ca,
087651d05527484ab91753484c8bfe77,
9a8d95853fe24094aeb18f87658af477,
5afa0fc17156427db825026688576075,
12db2bf5fb054296ba6645d89f69a3dc,
b02bdd7a895c4e26b2779f5007a32d63,
82b8c943a1334b878e57269424fe543b,
00f0ab0077594493981eaa802fa2f972,
5bbf7dbb3c044b5e911edbc61e918593,
4b163c0e4da94bd5bc26859e99361538,
b61e583a796a4ea8821bf0b7e749ee3f,
ed80f015f9a5484fa2f8e9749a528e0d,
150bba682c7f488d89773cc8b375dd0a,
cb59ef1a46c54749b9f8684d2b1ae1ba,
577a9458efda423cabfa02715469809b,
cf89124e3df149809757f6450a820bf1,
5a462223279045ceb4d90b22b96d82e0,
09777b7dcd3b42abbc056586b5e35af4,
42aca46de6c44a4eae8d358d29da7676,995000000.0000
4a05bbadfb194bb3b6b9cfe70de1e05f,
c11069fa5e4f412dae37463733c84e46,
df1b77bf5f7d48ecb7f58cabf4eb66c5,
dfcfd87895b041568a6893167f69d805,
21f219f3d30f454bb32704896563c4de,
a38a841c8916465791d1541230e7ea14,
0aa8de01e2eb48c389b82b0c5dc964c8,
f50e33f071f449658786639c54729021,
6576ea878b664625a4500f20e843f2c1,
f18311519b3e4bd39d49dfe6dbeada9b,
140a8ac1347740ef9a01f94b8df6f2cf,
ef8e8292dcdd4abc9b6aade2edecdbca,
fc680eedcb72429fb053f74497bbbbd7,
afc5ac4a889341f484b89c4bea8547b7,
659162de239e4bb6b965124a8626791a,
58afc8b8595e43fb81c1c9a4a4836e62,
30b167fcb07b4fc4a3339e172e546977,
2fa648caacc548d38dfe85f39c9d2d10,
4fb2551904884e719642f155ef6fde23,
b32a3051ed624e7cb5f86a2b51f7e4a6,
ad816ffd0cf3493fa27484eef50e3eb0,
f08c5153b2904408bb466fe7d16312cf,
d5a69655c5674aa1b839ee1d0e4deade,
9c3367c9479948d9b9a14299605954bb,
66faf9d634a643878123d02033a74208,
0e1d570db4c741f4b1b87b09650f964b,
8909d6dbe63f4550b22e508e34318068,
f9daf660afbe4dacbb9cff7120846094,
05032297811847068b702754117d6732,219000000.0000
95d676dc737648eaafe8eb3320f4f5a5,
80b29dbad44d48c9b5271cb956c17dc3,
b9db3740a98d48ac8b42271754f33df1,853228000.0000
6d494caebd8241eaae0950bcf2109697,
f1b9e56bc6df4e16b6c316125a0b7beb,
a2d0fd087ba74beba737be9cfffc0150,
cee92ec66049477594245656659161d6,
07707a0488a74b1087fb5f8cafd844da,
3071477378784c4499bc66c1844baf6b,
a1993d06eeaf4dc3ba2fce060971414e,
7a3f26e8c638449f9c433ced909adf1e,
f6a1e5e4d782455e81d145f1dcccf9d0,
1d7a4987539d4be7aa8e8300bef570f7,
6302cbcf71e54ab4aa6f4674d7d774e3,
d3d884c7ec6f42c58c03c0ec79aa07c5,
7d2be5961c2a453cb24d748336c09fba,
3eaae79cb8d548f98d8f7be2d972280b,
fe379ef488c84523a808259db5b5e567,
71a2ee71441f44c2b7b2ab98b37a87dc,
5a3fcb51d3bf4fae94778ef492700a58,
1277e007ed994e628e9973df0a865774,
9b99e78786274d328784393ad4a122e8,
63f87d235165479f8d08cb5f0a3141d4,
4391245e5d814188acab73a878e67de1,
181bac256e5b4d129718627be7e352c0,
4aabd44275694decb0a1cd4e68183b59,
65a10ac7a7db489cb82428f175e6e447,
64ed817d7f664095babfb0c6fb5e2e88,
79ba08df2c2b4c02a3a172eabd0fe89b,
5a7e95b5a2a44349a1222db27a55c01f,
9c87c0c728454c9a95d231c4b5c571da,
f3fc319a4b1b48b29d9c9aa1364886ba,
9d802f2b72f5418f81051b4f6e755dc1,
2b39905dc9464101be05ba9bcae7ad17,
5ceed8ed517b43bb87d3269c1a57dcb9,
2b04790bed4545c9b767fceac74ecf29,
956f9d5de83541ca8de4f8d8c2bfdee3,
882efbce400348639a8aa1f5833595bb,
e6f8e097819f4c5082a336f9affeab2c,
1d7b5ee1565245d196c17bd4040683fe,
42f2d12e106d470fa7182f10124147bf,
07df5e3439bf425bbc159f076c5785fd,
2420471384764002a1752239e1d92aec,
e414635f3cce463ba340f388b3ba516d,
acdfe101657144b28136e8fb8f1fa040,
65d6e9e760a9432db72577c43600ec00,
2e07297ca3074d31845784943b4f63d9,
26a1e181ce0b4893a4eca886e61b55d0,
f50b97d99093418d896f721d57c3eb5f,
660ce980e4574c9f91f12793186d59f7,
8d2f5656a40147d0b06f58dedf9ae62e,
cefcaa3940f74e31a4a8d25cd88a212e,
2bf87db949fb4f579ac6109c83e945cc,
e3bafed2dd394c19b61a60110760e477,
3a3daf7769f7470ba4eb728534c5bc32,
aea94004ec814a7b8082df3bbb19785f,
19dfb3e9aded4bf9b2e0cba2237a771d,
7bc3fff26ab44a8394c973ed5b162fbd,
b795f5c8f3c941f492c992439eb10fa4,
ccc6e0ee4de7426c859863e4b96c582f,
087c1a9c395341f4939c20bed9c0eb22,
b0ae701ce9e4416595fba9a5407d1b28,
39e223a0a3a34c13988d9b664636a1b1,
59b3254f814c47bb83b9a0fcbe182c0a,908853000.0000
bc4099fe89074d1188622a09b58dd649,
a7f3c5e6474c4c06b31ff8b90187fc51,
30f987974b8244b887cc4e9ea2433aaf,
6cec5954870943f7954abc1c9fe65b67,
89a4aba44b8842829991759dc1709599,
4c3a8e54cddf417f9c84bf13a1875682,
719e948e692c47aa87255cdb0241b6b3,954265000.0000
9ac9ab414531495ab34ce6568fe3d14e,
5cef8e0283cd4989844d5fc530fdcbeb,347000000.0000
776572302345496e962e2a1525a20bee,
34396292368b46358bd43a69a21db7a5,
50e616bdd51e4aada272fcc28ccc0227,
adda91a84d7f4905bf0d77ea2d234fac,
9d8e383ad8064afcbf653dc6415a4ddc,
4ac3aaeb417044faa344decfcd18187a,
672b22f4ce0c4ddb94bb2bf5d454e265,
e662341ce29c451995be119ebec90efb,
1f2578df133d40f1a780259b446c5338,
4fb6f8d831a546f5ac4bd84d007ae133,
74f0905abb4748ca8f5f2738aed8bf46,
01bd83678c8f4766963037f1d430d6a7,
a72a3df9802f4c5ababbc0eef9adb29a,
0d9e6f634bc344058e0df886bc43fb0e,
be15a77c394c4c9585ae30188cbed804,
688b8a46a20143b3b83b77cd26e7bae9,
f513032d3b6b4de6adebcd288b0809b5,729000000.0000
248c3df5247e402ca311eb74260a4c50,723000000.0000
769f5f8a0d33462089d6d3e7f0a7927f,
791d98ab5cef4efd97f1b8f16d268ee6,
66cff4e36bc84fd6a6b1ac03e2cb0fe8,
d14f6f033cfb4b41947bc94912865c04,
17297697041c49ffa364620cfe99c164,
1365f646def247d18f82772f20d2ed5d,
afada1a5d5ba4dd4a4c345862f4da2b1,
4f84845ff8644d8081854aa49a2f80f2,2055000000.0000
c607405bea024d359874cb618ea379db,230500000.0000
32710b9f02df45c7a82e5ddc16f74032,
86009d7e2062434fa1f1fb36a08ca734,
48f2a5b5ada3429ba921e75b378f1b35,
dbf7dbd22f614a478f8d23c0af81fede,
b4b9ac5d7e3c460d86b5f17f1116d119,
a6797ba4ceb2488f80e356537e8aee66,
9a0a2318a1f64e209ea22bb2a78ab390,
7bb273d9a2f44eeea1e859051c11a823,
a82442f5e8d0484eac4c8a706ff1c64a,
edc96249150f49b6bfe8a6a7435f49ec,
1fdc75c3cd0a401e914e613f76643785,
78cf88c08b644220b472a90b318ace02,
e2df32e496df43b580e65366ba0b2a46,
9e59191feaa44d0d836fd8ccf1a4dfc6,
a01ba40a96794a458ab11518cd5a4179,
9d2ad79bafda42dd99e105e99a470ad3,
83942a2313034cffb223ebc5ff886310,
93b6f5baa5f749e989a3992ac50b97c3,209000000.0000
c5a30058a4fd4382a38d8390ac32ab75,
5b7c5377958a445087b41516a2cef012,
d1b3b48c78054f1a9c17122d5f42b30d,
d204f43170984ba0bb2d20cd4bd1be81,
ca4eb06047774c5caccb07019696ac2e,
d8f63f80389f49c8ad3fd864ad8121af,
7bd1ecfc2eaf47f3b591ad1041c592ad,
b7c6e20b76a74b08a5bb859039a560c2,
05d074501c30465cba6a183ee656a823,
fa527fd9571b4d7ab3a2c82016163c75,
b28257fd757949c78d7679adec737a69,
6d8c9a4e753a4e2e824fe191278abd41,206600000.0000
ec3c55d5b2a642d4a481a4616d313777,
4e8b321ce8484ba39d05b245bbeadc78,
daf43be04c1e46d9948f6618456a4af5,
3d41d831309f45069912f96baf9fa45c,
fa1942b346864e669c7f3a566b7bc594,
c4a7baebaf0a43c38807383822a8b81b,
f3382811ba624870ab852aa3d2dc7cf2,836490000.0000
4211d0db1f4641bda585a1db143ca82f,
304b8494a442402ca121d32d018b5b41,
e42c4e780437460fb410073e470468fd,
3583cd152da344e7a6239fe6f49d2239,
8112e0137dd24016a5ab39a01f43388d,
fbdd2ab3c5034d49b13d61789b23fa93,202900000.0000
b0353653fb0e4c84991a150e2520d19c,
ee660690cfa349aa8f33744a474b512f,
87bae43582f146a2a2c367728819ce12,2222000000.0000
4ed23ae3417443eaaeacb1b8e42f8dcd,
de9c6749050642b6803b988e8305be7a,
d30fdb879d704974a074735a965c6d7f,1195000000.0000
f9b58fc143734cf6bbf2fbb13006ae07,395000000.0000
cf92f3b2947c4bff89e0d1a4e4bdaa0c,
d9fb492061e64a3189cfb8a8e27ac2ce,
9135ad0e01b543d3a3f03aa88d6a7cd8,
04da2759633f43b2910a2a8bf8309743,348000000.0000
7d93625a48874908867d3234a0a35b26,
c7782f1d20de410ab607bab140afc66c,332000000.0000
514eef947a9f44a384a92110b17ed510,
154c1210a39d4190927d8b2378af76cd,
ea3987970343448ea241119c695b8d71,
5ab1f082289b4ac8b4fd941e0d723859,212300000.0000
c643383dfd5f4ae9bef0e9d0c58e1166,
43ba313b85c643ce8423b9f5969ebcd8,
34b349b6f931477c89f0b99f5a5de74f,
d78db5dab4964d699a9e7d76c8985757,3764222000.0000
7ae8090f7636445d9c040c22bec6eb05,
1fc35ecdda2f458082203da3befeded4,
5a1361dcf96944f58ca3a5b11b679bc6,
5fec282971914f16a5903e7112f7566c,
7a0ff468cd654905917385d3519ad537,
3cf51db23d79404eb4b05e2eadc22c81,
9451a49d7d5c46979459cc1b0ad704fc,
6e16a79b01bb49f38130f2ca981db7ce,
432f7b700a4e4249b5b9687ad3e319a1,
7f7ea87ff0e64964892a217128dee71f,
d764587e78d34fb88504a67bec0ecd87,
3e384f6482b9495db35b329bf46662cd,
ceeef0ae1a91497cbd2809ecd259b4d0,
9217f378fa9645f9844591128c277c0a,
a8e8d95b3fee4a15bb02649b970fefe6,
fe725df6cf524ace8afcad3e2e5192d9,
1b2fb07f49c84178990fd27fcb4d381b,
32ab90635e844047add41b5956631e95,
6b5ed8f88d38419299d5df24460a5f7d,
fa14229ca28944b2a1d7beb647802fc7,
3ec37a9129964715b443346035c09179,
f7cdafc2d0d24fdc84e96d96047f9a71,
d5ebaa3389054d559f36e4506e79ed7a,
57acc5db6655454fa92be5b29f02cffc,
a3ab3b802a6241218c1bbc1b3829ba78,
fc3339c92e1347049d3580710a59bb0e,
becaace7834a4a188849578df3d6d8e1,3992799000.0000
0734e947e5254b019b5171cacf2c3177,
387326763d95458db547a707c6192697,
8d4ec0c657074d6391754bcb35b5c511,
783f5b6c126f494b97b2f1f676a4c93c,
484de8e5679e4cb090972066230eb0ee,
9fb6ed685b6c4af8bc5a87d611369b15,
88db80f7d01b4cc495b87175291bbc6c,
d478bc4430ee48b0ac7ba104e7a8c263,
b2622a2f598e4a838f1a34c7cdf1cb41,
3601802cf42b4fe2b14bdff738a7e05e,
0d080e778790401d96434ed0f49735b7,
44553b9363584aa2a6406428d15b4d0b,
fe7b33e8708b48ebb9513276580f4c21,
c1b1119959db468d82636055627fde44,
4991eb82b3734f90b3698c0cb4d00f26,
a0c864716e1d4d3887bca456b5856c85,
43a10827eae64b30a12be77c3ed05d2f,
fa29ae5b8ac341519e0403b22d229c4a,3007000000.0000
485bf9c4b67b4004a3409865c2e6d7c9,
488d82e7869a488eac99b5cdf3f3b3be,
7263caec0afd4643a0d2be212ef89e87,
942b6561270b447c9a01fb124b5187ef,
69ffc355c3794a2883264e960b316a0a,1093000000.0000
0d8e5d80c3df435c98c90fd7ae5314e9,980000000.0000
cbb74b98ae3340dea57cf816f73277d5,
b5f6ced90fa742078d098f6234f672bc,
a31adf1bc0274758b2e8af8285d81e54,972000000.0000
a0ea3012e5a8423e9043d0328e3b936e,
26d5a9f078464165a8c693f39b52962d,
04e6c28c6b75434c92d5fa9c296b4a60,
534f13a492004d7ba11db5d7c32c416f,
94cb3411d77d42e98b3c2100a12dc18d,
eb53d159bb894bcdaf1f1eb3fa4d6cc9,
313b812788094177ae2da836e2f54144,
efbea02f9a094d94b80f50ea903b929e,
e66a7603ce8a4dc7b45d2aaced02b3b5,
c606d9340dc446d494e5c49e86dc258c,
8e78f3c5fb194b348f50a0533153916b,
7dccf94cb78a4c37b71c2cbfdcc8f20f,
5016fe3002684dcc818ead49f88d6d38,
f0cf48b5bc204d9386cfe003343d8983,
03a73baa41f04c3e94f6b8e1202a37c6,
6fb9c64aa7e64b39b1187ceeb90c38d0,
bd858d96b1024ab09e41f304fdfdc61d,
52e94b6dbe6e414f800df1e08450447c,
c2800d51b51f4676b5eabc47ed868b07,
bf445ab315bd46a2827cdd89fd86082d,
f871196ee0104a25bfb4e41a34e52dca,
ca483babbe4e442bb5672e18b5db8c41,
65e11e939819469ca4cb38eb795251c1,
1b1a77dbe6514fe796699c1a5bdec73f,
a9c3eb4f25f9463caf2ed4034d146106,
8de2e4a2f0a040509c7bb04f647972ff,
4ff77fe3f7044ef79240bd6b7703bae9,
0ad74a02c8e641afb06356b4b9199071,
f78923b44b8a4518a29a1980cb1a5aa3,
19a9c73226594805948f458da10603fe,
8ac170a785b64d9ca707002236a8b11f,
49c42d7bb6db42de951348b9192a0628,
507bff33160d418da8f3e7c1858e1bea,
6131240c359740d089ea682ff54b8315,
b223f86aa939495a858af674f3553f4c,
70d75141bbef4478b7cf82d13421530d,
a3303d1ce090408f86fe8384f02e23e1,
8bc42622c3dd43c29c0ba670a37c7ea7,
6dadabc87bfb405a83c43b89e377028f,
952b334b3721458f85f92ae5db658a98,
34a18496a429458694637ec48ca8ec39,
ea1923af7db442eea5cfb35156ef16a1,
f2e13d883f2c46dd97505468ad5592e2,
7c25dc86a4a542f9a6d6254bc3cf923f,
8967f2057fc14fd898401d2710589fe4,
ff64a66a77164557a3d86654f2646c46,
0b434e0651bb4cf58137b29180a912c6,
d2663486f30c498489318957ad7dafa2,
0fada311bc51463689f04f0e28f32bda,
e7d1cfc313a244dd88f04fa4ee364329,
77e3e89bdc63405fb5f6deaa30258a46,
f7b9b11349f44094a21a629753821238,
c85b2595af744c5fab4a06b749755d10,
cf2040f97f8a4a1ea63da1254e1c19aa,
fb8351eea8d94127b2729a1f3ec301f1,
e1767d416ac64f5787ea2ab66c93161c,
549f0fe905294ccaa505cd808677452c,
9c5940a94fd64996af5a1b5ae3871371,
8f10d548d4944d21a413a55cf840ce1d,
b19b7deebcdb49bda2f82d9cfee63125,
4f3a5ddb94894a689f400a9ec0a57f0f,
92ec62f7ee4f491a8cb45930cbec065c,
5b3a10d65568451489ff553999f9a3ea,
5366b4f8fb7e4b31b32a492f3d379268,
794a561670ed43cdb24e21423a99e199,
866f5cdc7ae348d3b4a40ab02cf2a59d,
9ff7f0a6d500465fa4dcf45a4c35b32c,
e9b91eafd8c14ff8bea1580a8244a1b3,
d365909946be457bbc21debb0a2c86dd,
49515ed104bf495b9c4e932e4fb7b8ca,
1e30fa7d73094db388e09077d8c64969,
bb3a39778bf1487292f7f53937931ca7,
0f5d689298c94fc6b208d01afe708d64,
609e10c5f79c4601a81a2239f28e6e28,
dbed4d24b590478fa628a3e29bf0a0ad,
ad55db33e7f14f9c95c1e6b15a4a328e,
fac353620cd14568998faeed605ee862,
1217a2eeb55143a7b2b5642923b6530b,
764ec8abc0c24b749071fdbdbd3a4658,
8352fc7ddbac41e29b0da8e056ac7dfa,
917279855a1b42ba92d4ad82fea6d96a,
4267a35e45754c5ea24b95b4a72d3586,
514a7af3d3ac40fc9b3b7860bffa9cad,
492b9e42e38f4d05bb571596078b6e54,
4c2d68c2dcad4445af00cc95f8b111b5,
3d446e1a11fe41b083c5ef7dc815e066,
879333ca179c48c299f7028a3a91b8e7,
b6ac31e1d7494bfaa926738fb0d0ca02,
d680c68a1ac64ee185bcf9c4de020f53,
26a0cd9e73874ff393a62046a10aa2fb,
52c5815d2a4f4581866b3a9aeb5e8c1e,
8f48c15480a3467eabe340c8981d7bd1,
10cd451815774ceb953a2fe50a60de13,
15ba27883a554e3ab460b4b3102413cc,
a12c80719ea541a281124c6a4bd8d34b,
7f2098a1b28448a8998efad55c0cc75f,
ef781a6ffbd54609a6e5b77801ca2352,
6a3089b9197b4ce7ac2fe23b2815af6f,
0caa5723b89048a5aa986119d50366fe,
e8678c8541c34edcafcfa4c26ed7e6b0,
74703ae367534ab6a65770f9bd4c457c,
95759e225c1542d5b1704433af73bb74,
dcc407701dac4e9ba9d0c2290f6308b2,
7605d2a8491c4e61995043c6a446acfd,
348e7c2b1a7b4f408c9b5cf7e55333fd,
a179f847145648e8a4100b472a06cf2f,
ea587b37376f4efeb60db5406f01db56,
98f1153412c34f1d8642ebfa72d382ac,
bb13a5fc4813456e809786d5b33ee67a,
d499f980a7f9464da7ff54b60971f319,
30c553d63bef496b81132d5bddc4a486,
a4e1f90ee0f34ed1b0c146661f8b90f4,1641000000.0000
9ad34b91a9eb49788eeed1c9adf94f2f,
159d8ba6b0cd458db5f1caa8d1109906,
aa6f25a679f149edb3782755bf4178f8,
f78379967b4b459091f39bcbe33471c5,
833d56ccaf7c493e9bad5d9777adcabd,
89017f0d74134c8589e51b3997561012,
6353867ea77b426fb46ca4f8aabc4f85,
e3999c57d88b44eaa8a9a61f534d6ce2,
6bf8a5c2104a4949904aefb174594a86,
ed109c2f6bf64f71b0d163b7034820c4,
8db4b298e18a458c87ddfcb69004f0f6,
908c03d0a6f84c9cbd91105c2e38be97,
b24a32da20294c039b44b39fe5d41259,
acb5a7e266974748a80ba2eec081a01e,
6ad2418201374dfcb96ded6fe6865dcf,
fb11992152b24ad1a1beb38129832e31,
f6d4df8126b249c38faf79b350193493,
3115dfe4db1a4701b06707c32729fac0,
6de518bb3fc74a83b0675f6956c73b97,
ddb790157822444c8d1451d56cbc25f6,
353595b39efb441bb6d40be27d9b16ef,
42b38249883649be9aac49f53b15fa3e,
3e02488940e6470c941708801ad902a2,1153000000.0000
f527a42aa6504fcd8134a13217d7146a,
9232f7d0b1b14e8aa21f9c86992a1747,
6426bc0e5131412aacf4358784e63f8c,
c603152e66fa4dde84798722e74c607c,2118000000.0000
396b1fb8be8e4cd2b94ad56589bd2bbb,5216000000.0000
ac0fdd2732844da6bca850adb3a602f8,
d3fa4ad838c84149992e548b73de692d,
208011d3bfcb46fdb76fb24d198b5e86,
41e477e0fa06492a86e4169c3213e209,
bb6299514752407bb43dd4befafed7a4,
97b666e19f914c9bbd9b0917641ddef2,
421cbbd903c24af18d27e10137cd8c6b,
ba3e0c8fc0f14451b8ce67547492dd69,
e28e8108ff1541ce913b6b768f45f33e,3860000.0000
dc0978409f214a63a8dff4a579ac35a3,5517000000.0000
ec3902fd9fbd442cb89b79d98963fa52,
8b2396114a7048f8ad9a14d52b6ef26d,
0f4579885f8448fcb5e49cd3605c933a,
7e94dda53339423a8387f42e9d43fe88,
4af9a3372e0b434a9539ecb9829990f7,
0883501102114676afdaf676ee6113b9,
2468ffe91f044e17b5eb23bab7469dd2,
cc7198e261d2484c969aae52ff53e3f3,
44fa432889d64e3a95a6d38618522c5d,
e44ad40e185e4c2192ac1a995e57574a,
ffbac78d36e04ae4a3f5012be828840c,
5c127dd73db3490c922284bd517151d6,
af5f08656fa84734b14f58a0374c8bf5,
56563de607fe431fbfd053d333fd2209,
d267d9df8b7340309d9983b310855f93,
4d146cf0ecb0432b8f1da7fba051e783,
0d2574c726dc457bae2328497b4270f0,
17d8f628d7df443390164c3bd868b5f6,
6700cc2a70784e13831be8c78953c3e3,
90ae872f3a9a46f289dc3239c1526c8f,
f1db5112c299481597492b5da718bbee,
07e8a4573a814b52a40747441af9ece0,
ad574e93d8154ecaa422b8e0220dcb53,
f92196b6e6314a9da18af72d6c567e2b,
d9225f0828fb4c7aba853b5cb23ab38a,
2e91ac57296147059dbf5413a2873ed5,
4726452dc9264f538ff3776d784f6d0d,
1e1f8c6b260744ba98e089c96eeb0ebc,
1d74815e71884ec1b44cd17e9b3cdcf6,
4b6771a042dd4261a943f2fae9cfbddb,
6ab5b34f41c2410cbddbbd107fb3b5e5,
cf3baffa47a241c0bd1e6e7c94de594c,
231927d1350646eb8d96bd276a87a622,
127af540314c4691863ce0a7177d8d13,
30cab2dcb6ce40c0abcd1e0db1ee1445,
d9dd6e13875543099d8ec27fc1a276d2,
808c06f41a644b5f9ffd64277fbf75e7,162443000.0000
421e4ee769d8448ab0adaf463ab50955,
18ea75843b0d4fcca7e4cc90ac9917f3,
1e5b1cd5bd31409fa4fb8d167e4862b9,
78fd6017790e4ca1b254ea211a8b711a,
99970635e4d4446d88dee01fcd12f728,
21daad521c48476b9511e7fd0a10a695,
7eb6ed3e10af4bb987be3d412f485975,9564000.0000
7be4c13dd03542689da39d76fc0c98cb,
27fde5becfe34f1bb188cf2fb09f400b,
24442408d6484bfc959ddda117047431,99248000.0000
a0e67a9032ee45b9921df5979fac481f,96930000.0000
109ac47ce868405088fe599fdca5a95d,
9f90156a23584893a07c89f19e78e45b,
19dbfece2bfe430fbce443a992441783,
fab26e30c5144a3b966d70f5c4582738,
dc822d523f03481490fdd7df4ecb2903,
0efc814ee44e43298945e320cbe2f670,
021b39c0f77e479b8d05636e2da51cfa,
6c952779dac245e5a5f4569f5a70c210,
5c6792699a024b66b488936c3486f4c5,
c178f9a19316420499b22530067db2d8,
d89e07b97f4a4e079dfb01ea51d57427,
f701c4250de44ad2aa8c0998c3fc1c43,
e1d409cfa1914e7faeb3e800881be9a7,
b97bd9f4b2bb4425b1b5ff2f49cf2c31,
be7497fedc8f49caac136bbc29d86192,
dabaa3b1c7bd438591750fd833b2a4ad,
a633414a5f044fe9bc7cd8c80b6930bb,
bc64b95d554c41c4bd603f8cb4847d9c,
72441216fd6b4558aaa7ebe2c3e64a36,
84820caf76ce44a6b99bd435807b5e59,8318000.0000
706c5d20f329459592cff518eef46af0,
5e3056b5c8df42c3a5f3d2b342989885,
23732e58cd834450ae06ca9424076a62,
03116453d86740bca086d53e18b906f5,
935e89cf91364a70b1a3d24bb670e3f8,
517c55c0754744b48ada33cc399b5c82,
7c9a34b674b54923ac69bf1b68003b0e,
e8891e8b72a74a239d5c3d7c86b8139b,
f653fcde6f4c49c4bed603f2c1bfcfb1,
8a9d6e6f28694508b2e68bbcfe30fd44,
ec5d55ea37e94d0c8d3ac4323a9688ea,
7827c53dd8a44ea297c7949af0c52f8d,
af6d10ae41aa4dd4818135baa265fb51,
a0560f6d2b3541c0be835befdc6b987b,
de2dbe90cf834f69a87cbd1e4b5b7284,
90812ebc11874f649b875154ee444357,
461e792b1ec14352b6c3e821141c9419,178744000.0000
4f05df3d92d9453f8a27a462ba165a51,
e0fdad35b3644e01ab416d42190e2737,7000000.0000
51525030bd1540be92710b49dda8c6d8,170665000.0000
c27f7b0c5f2542d2aa96503bbd28b166,
ad563a55065440a384d62f4b72bc3cbf,
200fc30a5ac54a0eac9879fe8977ad5e,
446a5f4eca9f4e7dabc6e80b3439ced5,
b916f31ba58f4cc3a9fcd8b03ab0d472,
437e8ef7a8e64625ba1d5414eedfa320,
cfd9a0172e2540c79ff23e949d5fd8b6,
38b0a9664cd6417c9c972bd4daab4e1c,351604000.0000
e8162216d31842c592e15662d0a87c71,
18ae46f0f8ac4ffcaed8b6a283be9ee1,
83d104f0a8f3483ebebe0d9ec519267d,
e374e8e9994a415e84c1063cb90b7641,
21d62ea9c8894ca4b721a241bbda19e3,
62b30026cefb40f185a2f8152717d8c4,
e52cdc551fad40abb4755d370af9b190,
bafd47b89f284f1fa478773a988018ce,
6ab984db82514e83b5ed57cd8a422765,
943080334a3c4efdae0116d88cb64052,
2d2e654ca58b45c4ae14730173708e8c,
1d38acff9b024167ba58ee40fbe4d766,
6c6fdf649d2541d9a5201969a7e9dcf5,
db3b78bfd9d74364af22c29bf3be1e30,
4c518af46ba949d5b18e290ef87368ba,
d97840bb673d47d68e9a6f2a94d6d790,
41c862c14ab84432b9697dfb8537999a,
40294a7123d04cacb06cda66887ab17c,
7e2f1cf0b639459086c34a8b22e35ef1,
d6dad83ed2cd466f853025cd17673a03,
f47d1afb4383450d9a229fa7e244f3b3,
edf24aea8fae4dc1afeb0c04eaf6b93c,
f4b5f7c86ed146f79cacb02779a2bfcf,
ad677401bfe84acf8f2a9e61ef69bbd3,
3f600ddcaed341c5a5c002bd30b3d22a,
b1b5edf801204caf98d5e380f5f979af,
607b9941956444f098d50342dc324905,
8c4ec959f54e433f854a7f2026845706,
210b30ae63954769a8813725b3e5dc0d,
acb60b4246514cc49dadb63de695535c,
3245a9325f2e4869924941e102d1a401,
6194e3f5ed554322815c248ef63f88f1,
0a496a71604a4308a4ff3ce515c63072,
d2ee298786c64b6893816a24af8ec506,
a26c93da06b74f5bab7abc180aa15f23,
68bef5eafdfb4058b5c47bc34da3719b,
e1c29bc6fa6546cc8e1f4a188a35c2d0,
9cd8898d34be48a5afe4ac4f06849ba0,
2444d058c4454f7ba56a0a8759b4af28,
cc361931689843a1be3185df543e8dad,
16dc88f15517434298a50ba6a27cec8d,
5605ab5e4c124da9989f6b5f43e5d6bb,
aff3ea157274422688a3f70772ea8184,
ef307c966fde4ad0a33b13f5c8a80b6b,
c94572c07a524ccfa5873df427771790,
42e0e4a2149a4bae8286d99d4af50d7f,363270000.0000
62cc3d9dcb304cc19d81157982bd8854,
16ab14ce77b54b269065d5f1bcacd7d0,
353c72e336f143899a30bab875c105d8,
900f295e2cb542779ac7939c9315af37,
b508778504be4081b14bc0f9bc451e80,334048000.0000
d0d701ea572f4ec7926d4bc53d8d8192,
634a62d23f934cbcba8443d7965225a2,
ec10b1ddf8f24d88b9840e6c2ce81418,
16f36d85fc3b4ecd95a6e366af9ee19c,334848000.0000
a30fc01ce7284533bf61ac44e6c776ce,
61d50994746147998c6df90c1e4eb1b4,
c32a026789794b93b575379915345c66,
d2c9f3cc3bc644818019608bfbb2047a,
ccc6e6d4b84848e4ab651d8af0f7eec7,
59453c568f9a4a6ab0df0cd69f68bfdf,
4cce057216a94d1a898a93c355baa9b7,
ff9b3f8e92c04e3dbd7c3c297d0a5ded,
d6ce5d3ead4b424b8a5947d02f8dce66,
08d200e1a8704ce49be0cb2fed61d34e,
42f894f6450a4951bf94dba2b3007b70,
f6aad3cbbeb743dbb4425df82a2b1964,
6b481a9168e646f49303117f0c6490bc,
f97c3c24aa4a42b8a6fcc9dc401ea137,
c1538da4559b4bad9978e2e5da09716b,
330fcfbafd9e47749b4988945f7e260a,
e097825974b64abf973ce398ad1c18f1,
d13d72924ba24626ba9f81615df17dc1,
5852206f9260439fa54df017efdefdbb,
a5a48d5daaeb4567a48de330aa285c9a,
40c001d9c2944d55ba94c3ce00e1eea4,
a7f3bc3ab9db4175a40b48e11dea7ee2,
d2d4756ed3454dfdbc377788c9a7eaab,
b91df7d1181f40989aab1b2345fa2d8e,
6a0e57463b074708b36c414226f8843a,
630a8305204b4d24b72c04c80a95db03,
ff7cf3cfa07e4abeb8f1eee93826aa97,
8aaced7281834cc7b61b25e934bc6a88,
14ab6d97fc3a4004b9de19b056d535ac,
50c53b2b88974e5b8e7b75d120d25dcb,
18851afaaa42459fa0d4a067eec022dd,
e471786d97e54c89be06260a13748bf5,
e6218fb918a1447781e846b6df81cc81,
a9fa804479f7470da9532b05a1ecbab4,
5da58fc4f0e74854bbe27dfa6e8861a4,
0e3d0fe4cd97407c9cf1e2e5839a89c9,
d749142b82d1437d97ad774558eb88cb,
8196e0311f3442bca3d86454195f5d37,
aa1d0c9b5f3c40dd96aea6759445b1cf,
6480d551f21e4a81b630dbec4ff98104,
b4fd51e5f5fc43d19aeed21bd175a1e8,
112a62e07afa40d397da506d890733ec,
b797fea548c748e1aac71327ac40262b,
62ba96d7a6a542c6af69527ced26a2d9,
c0e8866b8084484f89f0a288044c5e85,
7fd6660139f24fbeb25cd55ea9bebe1a,
a4272f5f9ff74e40a7974291dd25015d,
2dfb7b95e2e14ac8b79fc4d5badd96cc,
aec6a357635b41cca4ce67d10a3be360,
e78ad0f8514a4ff595019c56a50bc199,3707963000.0000
555069d2530a4c55afca45f8dfc88548,
7427e6618ab041979b2c75adcee1cf02,3570843000.0000
ddcaee81491c4c70b3b5fefb9bb2dd2a,
48b7ec33f151408b9dffb67b95e1543c,3484103000.0000
c1fb6e85a32c4c0195f7a0c0f651e064,
31da9ce93fe94abbbdfe92005e9c320c,2921554000.0000
1080a995d51c4839b699566925fb84d6,
96ec540e474b46b1ac06544d2ea4040f,3012942000.0000
1c417af6108a4ba3a41f1b40af7dc0ce,1747000000.0000
973d65e27b8c411d9bf7eb31fcd5ba95,1774000000.0000
c80228a720174c3bb070a88f4713b64a,
2fa793ce39514be49414beade7df2822,
fc445f10992c427fbad12462fb55eb50,
28a3eb56064d4629b91d4cded099b1c2,
8b94c2beb10842c4b59dacf59c8ff483,
b1756f5535814f9e9a1dfcc8e2527f2b,
5a567963414d4653ae58c200e689ef2d,
e4d5df1f18774ad89c4b2c5d967b1d80,
616f17373b4545f4ba78497158322a1d,
2bb6d2c7a8e84be8b67c3595c70b775d,
f258bce8fee244019b411e32f71d37b9,
bad5768cdd294a1ab2cdd09da0f44b03,
47a59768403c470a90d177fbd9f2c131,58329000.0000
d8873e6cc7094d4bba11c536c73500b2,99560000.0000
3f898dc8388f4f4296e939c91d5f4d2f,
bce135af209b40dab8360486491c9e9e,273829000.0000
d7e81f98612a4d2db58b5da79e4cd71a,241949000.0000
ff08f77a36184bd08c6dfdee744b652b,246671000.0000
b090579afac74791aad7c52713ab8c1f,120469000.0000
4f9b85c076e34889809e6eca4534d778,
110f1909f2234997b8fb0271e52754af,68709000.0000
0594d420423547a597fa4e17f612585c,106207000.0000
9c074791dcac423c990dcee4af316b7f,
32d32bb2c98e411797b7c7940fda039f,
6c2d23d33ceb4f45a307298f43f3df5b,
2b773944765d4ff2a0c09a8e78fa1af8,
cfaf0c3a1ab84e5caf7698af390664c8,
967c665c1a3243dabd730f72b55a240e,
807cfbd59a5b4b81a37bf68223fdd19a,
61aeaf0d9a9e4d24ae5df75c98c827fe,
fff92a3514614daa8d86ac404450d8a0,
4892cf81eb2f4dc9b6a275de9e08508f,
d9b43c4139ba40afa08012b98e0e4301,
912ad352a4174ea29c4be49e84f10cdc,
0cbd6a2e42554fd49396e1677cc04f92,
e3b41d2d38ca4a77999d8ef0f77c7026,
bbbd0443d59641d38ef5db1ddb19bdec,
fe3ebbc7a78140b58457c5f5ac365127,
852bc61085ae491cba37a8c984f76831,
f1543d278c15436c8ad80c01e89f5777,
310264c3062e42ce9d0b5b5ef7e78a26,
496d2db10a3c4824bf60b84a759252d1,
861959262c824d36aee6c55232261767,
546fa39d7d194f2ab5997e938de6b157,
1b9f5597a92a423dae62f45793319f29,
14b4fb153c9744099566c365b44582d6,
9a828c8845a74c999c3940edf6f819d7,
6ee44de177cf4cf490e387041d8a1cec,
8ec1f40dab1b4eeabea3fa07d11c3e32,
3b2c5e62d48842629af01ec4435b96ab,
b26e7c4bb68345d5803b0d311dd489d7,
0deb79b38dce4f97a9734c063c371fff,
3bdeb81dd47c4af2b0ce73d60f68d40e,
53a684838846425790b73c96c462664e,
c501c6dfc91743f3b857b3c1cd4ca216,
4e2e75cb6d5b4e499f65cbafe8364e43,
b49650f2b7f8476a85f8015eafff6ab6,
94b7388294bf4d13a09499735ea9408a,
9385dcaa62014bcb8a054eb874637d28,
04a3f86e5a4440de991336e211b48580,
fc2609870bff49c98d56a0eafcb9e92e,
0c521b4481d2427e9d276fa24cc3f3d0,
46079b4945414addafe3a6b8899b0113,
7723a7fc1c83462aa43bfb70414a2475,
bd89f6ec440b40d2956f5bacd47d1e70,
b0444fdb8b834f8285ebf42ab3317fd5,
29a3c4a0ebfc46e093e7d1e8bbe35118,
c0242e3554c94b7a91b81113b2496e73,
f05c360670bf4934b92639003738916c,
2cc8fde956284a7c9bf3819e22878862,
c1334fb1046c4b159fb114ba211f96a6,
afe0d9a883f6453286ee717f4a504f42,
496a01a481c64a0aa95c946874011f4e,
9e3436783e97413a9e7a373122e033de,68709000.0000
9b99acd59af74c5693f26864dbd2c08b,
59bdb9f50bdc47c69cfe65884d743f47,
5a076796a2c14104b27b4213055f7edc,
93ea29face0c4c559b663267bb2dcafb,
cdccb583fd6e4f5caa16b15a9469251d,
36e2c0783eae4ba4a83371e90f6f5aff,
8869d8c0598948ef89f157d4906c4f76,
1e18d69ed5824a27936d0d10401c6aa9,
33defab0cd9b497a86170b6af6bcf4ee,
f7e05a9b104843f68dd6cd32da2ed17e,
d6147e0c0f784b21a431630fe343c207,
42d93b69f74c4023864343a403c17b94,
087dca9a463348baa2945848e426d3dc,
e0f1fa18f16c4b1ab1f58881210b5103,
ed01e9a391d345eabac418fd905be2ef,
82c4a256dc5f45c0a9da93cb05ef3428,
233dbb3f27564eafabe8ac6978e6e41b,
337e3cc487c649d1acc6239f382ee9bb,
fbdb22324a124641b99a6b7c7a0dc94e,
e0009d3c68b140f489a573c41210bd10,
40a700aa22b64a54b8ff61ebb4ef51e1,
66d90b0e36f94fdcaa16660ac85bf8f2,
b62ce48ff21e401f951c9b603f06885d,
33fdbfbf8c3249b1aed6f04bb55e9d56,
97b47229ccdf44499a4095c7f07742f0,
ba3a3a4b8d1147cf8b43e9f184fb4e77,
206e766c361641c28ae867b387a4becb,
63a2b94a4d134330ba13e02a48de7837,
d3da0ce5e51849569c88cdf4cab7593a,589400000.0000
0384c8f7ac5f4678a440ab4146100aba,
6de52b6a923a48a89a2a231bbc424d19,
96e8ac8af6174840a1f573e869bf06ae,
188a7e7c3eac415dbf87775a59d0330e,
053959552af04dcc89c91dfffdbddf86,
c54f57896edd4a268840914cd533c852,
a4ea22ba936f4bbc8a8dc37c443b41c6,
61f694366fcd4abdbef9d4d52376c820,824300000.0000
33f63420303349ef900fd85a36818ab7,
c2847a3be4844648a04b2d7f1f27d52f,
635c331cb389456fb7bd5c00b4a07e29,
20cba2d311904aa8885ead956c3050c5,
a0bf2e545ce747b38c9e612f4c7448d5,
4260e669f6b442c99667ea518a60494e,
59867a48decf4f229afe762c7e243dbe,
531db602c6414e91b8be2ec5fae2badc,
244e4c4153dc4eb6957173eb9e1f1a8c,
91db3150e21649cfa4cf29d6a3a97e67,
ccc1b1a4f7b440ada8dbbcb4aa2c3473,
c7f500a070c24713a43f2d06495602f6,
af8131cb05c24a67a27a321edb785942,
a6f3f398f6494ea8b062f812303a7380,
6727acdd85d74f60841c5d0b50638775,
ec47720edf45447abce0841546a2c604,
84bd20708d0f4ace8b4345e2aca5b5e8,
cee7bdf27fe7435b807e6104f499bb39,
fe6701fb796447bf94dea68027c82d64,
55064bdda7ec4e48be8d06a7acd04f33,
499e48ad45c842ff964fa9e4485da1bc,
db88fd702e2d4905bf0516017829f3e4,1689000000.0000
80b7f0cfd1754482891af647df91943f,
8be37b823c5c48e7b87a0c93000dc2e8,1558000000.0000
1c41a9ac8ac94194ada5ecd12dbb7ba7,55000000.0000
1234dcb12926472087f7ab7d96618ed7,54000000.0000
3915a1746ed14fa4a40881c0f876213b,
403acb160fa5401e9a80a29d4afc39e1,
a6ccbe45eae54c34b6f34d0e9d0ac6ab,
0d0882289c5e47cfb3c12e5ef5298c96,
532679b4898d439a9f19a232ae4bf346,183077000.0000
1d0c87f23095484b859cf447122a94a6,53000000.0000
08ec54351a5c46ce808d5b40aea313fb,
d14522f952d745acacf31dad135e6a1c,
4ef34469ab834b4490cbeff0e30f0ee3,
3838716b15954a3e9fca2bb1e3e387b4,2118200000.0000
83b174d5e1c24f4e8c704abdb12d6ee5,
51dcd0f041d84f338b1401f490866d42,
60ad54097a0a4e198cedb387f80f21e8,
3b971bce04704de6b319c4d90bc25ff7,
d01c4d05e30742c1b156d901f7c7bb52,
263b40c774b04d34b08da9e297569573,
db43eb828ace46b7993bc5dccc9964df,
24a462433bd543af84f1b63b4c2a8bf9,
2c6cfdb26b70426ebc2b780b68fbe389,
2bab97e5b838459682e94bad8b8b697c,
5405b718096f403ab298af04b9efcda4,
f9449a81de7042688138ca86a0af805a,
802505edf33a4398b2f0fdca430e9d45,
d6e29eca0e3a405fb484a4a66f2af483,
c76fd277f53444eebffa47ed9b31ee2a,
421b3bc3102644359677fcd8c311a038,
a9e051e5f81c43658109b20b991a80df,
387ff43ebac64d5983f244464c9e5410,
c7a1e03ca970423c94cee940111e01bc,
09e53181e4ef44fa9e6d1ad74a771315,
ba35a90394024f1782964d5bb8f36dd1,
f9f0c131cb764f2a803033d1700d80f0,
3c2b0de08c4541ea97ddfd5ea8bfcb75,
3c2dd160cbd1495c9f53f4a660877274,1808900000.0000
f6a9cad3672b40abaefd4efccbebe171,9700000.0000
9548810478ee415683ec3dad54fabb1b,1939300000.0000
8dd12a438da745f2bd3592898df4603f,
6ea3a22eb0e44c39ad16154ba97e5279,
dfc56f47335b4753a883a49ade26d78c,
1fc215c806574efdb458fe64a7cfda77,
a3d564c25404441bb676010ca8d96f83,
49dc934b10864555bf2053ddb1a74cef,
12fe72595ce9497ca48cf3c54d84505b,
c8f4923950284df69a620f4bda2d00f9,
45f5a8967e4f42bbbd25848c5a5da7fb,
a45fcd2b597c4caaad17d70e7c22cb9b,
d1f90da3edb24ae7ad9d412768ab4a5e,
6ceb5886557a480b9848cb2d97d11759,
f3b72d3dbdab41baaa7e4fc5bfb39e1b,
996d0c6565d446d193c216d88d40f067,843411000.0000
cabd39cdfc53427ebd578cc10c78791e,
fc7fb2b9bc3f40e2865f8531080efad3,
86fcdbae814f4269b3f6d96ae072bda5,851854000.0000
90318e71d85049dcad5c2ebb121b828a,
63ea2d7ef3a14c92a76377b027834355,
013fd78840264f9e88b05010f96e87fc,
4c6dc246fd1749e19dd697479d4ce2cc,
69dc2d8f42284742827fd9c9bbbbd047,
0abbdba1c6854d998d6e6b8b3448b2ea,
d0b4b81a13c142f8af025ee385a9db30,
a7f29c9173bd4f1c9bf9e2de56673422,
f61d52f77e7f4cbe86c2dad437db9851,
9905c932abdc49f69ab94410ce57e881,
47002b5b12f44ff49e64df4025f2dbd4,
fd24f020225d478cba67feb619d5e5a2,
a06ae2b940c848d1b990c4bfe56878e6,
83475ea11b62498db1826c1b83355c23,
8dbf181c8739427ca82dc7c7242b7f14,
79d4354b0f98413d9a98332d6497d43f,
ee4d703288a449afb8874ce908ff4109,
3a4d924b7471492b9f5be0b5de59f0b2,
13f3d4409d2d42f18dac46dd9913033c,
2da023bab4124900b0bf3c011a1ef155,
395e17b2ec49441faa7c4c1db574a27f,
805e7873bbfd41c2ae341db4cfb935f7,56347000.0000
01f8548d1562435d80af64a5969f5cb6,
9e2357e9a7344af187bfaa52f1469c87,
9386eae24b0b4024b607deecc1a41740,
b8bb86828bd04afabe9069aecded3776,
543cf7e7b75847bc99d093d918daa2df,
d439a3f96f984de7ad950b5fdfeb971b,
b5c2f70a5af64d66bee87c19d8dcf20f,308000000.0000
9f6940bc0c9240f9a6c5d51db92f8989,
148b2ae9317543e9abb37a5391443ffa,
7cfc4d3dd3e84b3a8b8bddc52d7b22da,
7a241d65b2ff4e24a8532d4fe48a069f,
ab9af7a7fea9460e99f047ffd2cf4d3d,
314e477c949347e0a5dcaa354e4a2615,
51ed95c8814f44209edeec91469a1bf8,
c835c4b14f774ea5a6d92d17ae969731,330000000.0000
389d065d195a403ea6146a53a5d63e4e,
453171a0b8984d77be518bf1b06c85e5,
b2da71422ae6411d86b436fbc98e9579,
4a0ca8b7c71a4bde89e515d9d239bc95,
36e5952110f34f89b14c6280ffa6b885,
b875b1b3327e41aabc99dd9bd106349e,
7b85a59fd8ab4f7baf24bfc3aa9187d7,
608b6bceb7b645db9c4ec73e778b1653,
70d449c0b07949c4903ae689660b7c62,
c434325dc3c24f23979e9245381b8a63,58329000.0000
1570ccdcb5ac4354bc2d238ea2ebb792,
7270ad97734646a387670eeeb4dec04d,
146837f55b734f42b2f945e7c59e573c,
5dabe2cc96b1485fb0c231f8cdb3530a,
337af467905c42b99115b4fec74a28a4,
8876458b803b4d32ab539e038966ca6a,
abbbb084e43441df92fbb15a6a82a1f4,
db0481911d474d3f92dabdd66b0d0f29,
d1742538c9b841cb8b14c29e34ecee65,
07fe6307d601475694b5cae8e13ed7d9,
4fb02399d2ec4280b6d5107aa7c8abd4,
c52fb8dca1da4467bcfb8efe3af082b4,58555000.0000
6c8bd2c0e85b4908a0458413449d3449,
65d55c1ec3eb4488865054580849d4b1,
b787d8dd832346029435a0e39580116a,
7e50ca568d4549e382022949bbafddd1,785175000.0000
552e413196864bd3a55e8cee7901a664,
408cd4995ad942589e2b9d97e2fced85,
dca157b9dc42427a98e16d199da74638,
a9669d68f3394cb0bd83438be6a2b225,
a9c0b0bfae474a74af5d4e084989587e,
9256e44e0c8a48f99b03bc6f0ce27683,
c0ebe9695c02436fbc5a6431c4fcdac2,791560000.0000
48cddf35c6124a449ffacd0cfadcc75e,
291e1f1d7fd94344ae707e4b8035b0de,
c0cb63224afc4a08a5394370e96f0a2f,
de49422789fa486683bb1db2bfbbe322,
addc44c97d2c498cae2a8c200d087f9c,
e17c1c0fdbc34baa9027e56251371b52,
5d0d8fe0b1fa41dc84da0170f3a326ba,
efab71f00d77418b81fee5024aace3ad,
93e90abfbcb1400a9b8446aa600a74c6,
8f7100d51faf4bb9b33bcea97c8f57d6,
e7468c8b4bf9483892efe27b28841077,
c81c148c878b4fce9ba093684cfc7305,
8414815ae9054376a85c1c44b7de11fa,
0bd4cb3631124b8f915af3579ca00574,
1a0ca3c09f084618b46c9bce08c1fb75,
7b166137dc0b4d01a324d5852e860a5b,
2b763f188597410391714cc8d377f074,
abf48a6624784dff9d8a13b119ceb994,
14febe0b62254aa39c4d7989a759ce00,
e16ea2f2a589447da8767e3984fbdd12,
3bf41fcd2680438081fcdb838df97e87,
c25d386cdc074c12ba2a31587007b29c,809075000.0000
d55c247f6ac0452a9a350a53d9617d30,
6cb49c4559ad456ebbdfa5bb8c18dab8,
bb8289be3ae44eda9499e6d89cd88c28,
79cd42f2738a44b1bd68be88dc60f4fc,
5def51bb364f49149d52a243d5e8f39c,
3b91d643b90246e0a2481d7b870984af,
e0bc1241f21043fb83d1419d1cfd9fee,
c63b1264530c42ecbb4af896d8ee8f3a,
80f75aadb1e94995a1a7220fd364c6d2,
0e1b44e63cca48eba3560dc96292804f,
bd27d483f46b407996d084c02d6ee214,863876000.0000
d0472be905294dee92c2a2f9e889184c,
d7092ecb4eb74244bc953afcb2392ad7,
7e2832cd263e4f138d18a40495e99467,
ec99f5de58b749d89edb266c7ab8d18f,
4699df259f21489eb24a21ccbb300942,
b9f0df6a74e347cb9ccbb6620a68ac59,
cb1f1eeaf10d4b9395432595ca1ab05d,
aafc40e7250a4ae8809eb8c0698b35ef,
f6109f1535cd4fea8442e0df780018ef,
13d9c27feb114c7287025e59c957f8ef,
1c05a1b74b614df39754be6ccf9564f6,
7a5a8319f6cb402ea99ad62a2dd92bff,
fe697ec17a0a457888c9dc2733d7f1b8,
4f0fe46a5af34972beb153f0e201db6b,
181a7876cc614ced901573cce1b12e66,
9183ffde3d704de0b660379e19f74394,
f37e0256aaa1483ca67d93a73aaa418f,
7bc0d73f498242d18e53503d9131fbd0,
d565aef35d564cfd8553b77191b8a0ef,
65b85680beca4673afe132055b7749f5,23100000.0000
3ddf19c17b874bcaa01c7bbd29035a8e,
d915d1393f5347f7bf61d53e79386c02,
9f8f268f8f43442393cb527d7da1c042,
697bb73838a14b86a9833f098bb08fbe,
9b70f888a96049939677cc6b563dcbab,
1cf6760376e544038db8e847b9755ea0,
3cbb637330964d95aa481b5720419a02,
b414a94978ed405ebef0d7f4efd4b102,
2684633183154236839629a4bc01cba4,
183fa4957eca48a78f4ab873fdc3f7cd,
137998fb94db43979564c5871d0af675,
4bfc34e598a4482d95a5be2f7238b700,
7cc90726a97f46df8da023535d1d8899,
76a56938b6c94b70b667cd24bb479341,
b59a40333b2447fd89d6f401655291a0,
069ce444585a4487a30d15508994a9f4,
b174775bc2264ae19238dbeb89b271cf,
cc301b80d47449d981a608a75d51f956,
d98688f11d1e47ebbfc51b648bceb1c5,
f57feaf8f9c54b478cf131194a2822d4,
aa89481107ad437c9ae437b31ab442c9,26600000.0000
8ef7936fd89d45eeb1540104b9a66cd8,
7e20dd8760944abe9d45fc17f5e9a888,
0e64b97484bf4820aad57d135f16649f,
3332d988ba4a49d8bff60606a850d756,195000000.0000
8b3baf8304134f36b0872e628284b499,
cd186c25fefb4a9e93b785439b3718ae,
50b38a5099f744189743621bb006a9b7,
e6ae91856eb04025a2e99de5358fa14f,
0b3cd8c71b3a470ab3370f5790baa7e2,
fe6aca87fcc746fc8fae1d0808ae28aa,
5b326b02a54d47d88c8806bc53447d72,
47ccf904d96040d4a63701fac90c3426,
321ec2e94af440559f4c36dd02e0f218,
30f69f50b1114e95b694f709751a592c,
0d97cf66b9d341639d2729fef520203f,
07f531f029214812a9ff8033ffbc28d1,
829e795d9dc6476cbdb981803d58dd04,
6cb280a82b7f4467bcbcc6ae6fb1aeec,
6247e95a01314bd5854533896e3755eb,
661bcfdfb9a24b1cadd0f7b4c765b8e4,
6d8d77fe77d246dbb77e098d9e5f3a0b,
0fd0f46a0f014eedb598cbca1c06c6e6,
95bd592d996b410caa058963caa04058,
138f74ecb0594cb994976296dd52e4a9,
fa9e9e68360543c3a541b0bfacccc778,
a00897641b77407c85374893c4421b7f,
a40a028e40894fba9a296b01fbaa4bb0,
7c4ce0ec00d34cc1a51bbbc3697c2f42,
1c8b700002bb465c9dbb523e3592316c,
8c38365054744ff2b46a91fceb108573,
ba498867f1fd4516a4a0b875e57cf8be,
84cd5f539d4641a595c3013ec6da75c6,
a21e966dcf5b430f94d8e79c7d18c2ac,
7c58c3b46ef245d296a9bdd3bace8af2,
ec3a426806324468b2c25675a04b9779,
9bd4df22996f436c99570d9c9cbe52cb,
10c512540a2c44cabf7f60c8458dd3d9,
72a268ca987d460e8d718a44c9f09f37,
0ba189cecef643a49cdb2f58bfb316aa,
50d9f6a3bdfe429f83442d368718ea8b,
b3d364e71de24140a77c50b575231b02,
0fecc5f1b6e345c688ea5d6103fbdffb,
bf6dfd0cdf364a93ba45c7adf4958974,
412a8fc0643c48268d575893fd450ecd,
e87a0aa3699b492aa1a693d367de50c7,
ebca998c2c6d4f569f6b178ad04b85c0,
1b2e0659ce1748dabce2862c9ca33099,
be4015b0833e4b91be4d0a7a98128c32,
2f2670be76e44d9cbeea6f1da3e87ce4,
cdd08b6e42dd4004a1fc59b4f5dc744b,
f0bbd19378f44a649af82ae3ee46ef17,
fe9cda712c1e48b884e650d9b9cc19fb,
b368f14eb78d48419c3d190f73564815,
59be3368f8c34700916826b489db9e6f,
e03670e85a77424b91f4b975a64c576f,
69d9250b61ea46259d618e1df90bf9bc,
8fb7d66475f04430907102b1701c67cf,
9a813c3c29d24eb6b8c4a88495640839,
adf2fd672d634287be1438824100170c,
aef2a7b308f14ed5aebc56a1a98d5f40,
2fa9581d74824f45bcad70bcb6447168,
d6c83a06e18e477f9789e76a1530f817,
82f2fe8657fe482a8f34c381529d54a7,
45e3e504ce844bc9b96e79c54fd26d5a,
62b2b5132402424194cd572f3dac5e71,
1b49a15f8e0442b4b28747a64d486c9c,
70b8e6578a724dd0aa3eb6e91a74d4cd,
0c23306e0a6c41f5ac5df80849940efc,886000.0000
b18c13ae5c874d39ac7c9e763fc1118d,7240000000.0000
4a92bc2df6834cf8beff6598bb7636cc,2193000.0000
4d864411c8a6435780079b862610687f,3092000.0000
c4e61de7ffe140aca88437d3fccadfad,
5099f56af17549479eaff33228b83c16,
34cdc83911294fdba531e643aa239dc0,
6cd96b48bc4548edbbe8bd29dc1d1e4e,2330797000.0000
9ca6cdde66b94e73b028bdcffdc1b33f,
900888416cd4470b966846632126d8c4,
a80c6e226f7d411185db2322d60dac16,
7efda5aa04e648f1aaa14cae4ae9b6a2,
4dac7a94f54d4329a9f033b1fe53097a,
2091c680b4044c94944c1cec37df396b,
248c5f558ae34e15801df5ca750f202e,
c669ed34bfc54b098e18b316805268ef,
cb50ce8e3fe249c39520ea3f25d5ef27,
4a1cc658f9d1429aaccb4c49ce7542e3,
f0513ccf4b254255b1cd6444a655e608,14000000.0000
f38d08bd7aec4fe498536eb1b7fdff5c,
b9a7d90bcf9a4f9e8b11ad698f94eac9,
95561c4b6ebc48f496ed11ebb5552101,
1a4c94aeb79d47a28317f85284087f63,
310fb6c0f83a4ea7a281f34118c402c4,
958ff7b2020b44d99db14d3c3e98b6f3,3746000.0000
3a948002d4234c018cec9d9bb85c70b5,
4f6ffcdcdb2e41aea3dac30d45447ef6,
1cc29b3b81e341c5ab69ad65db70f10c,
deab81c433754ab9a823bd834efaab21,
2078eb617d2645e68b2a302ec5ad95d0,
d238278dc467438a8550212fdbb65dfc,
a97c1338100f494e868f394b939ade0b,
453cad3a6c9b49918b7271ddb44701e8,
3896ba67f0844596a43aa0b4e5c6878c,2330797000.0000
c368790c6bb64a9fb8d4cb864093aa09,
85cefb3ae6ac41df89d517491ea03f7a,
fb941f70549a4023add42d6454710549,
0eb83fca39034e49938e4bf6957d413a,
18671f15f6774965aab4da5b4c83e4fe,
0cf4fc05f0b5484e9b0c1d4d0a81c854,
16aed6181baf424fbb97a413918aafb3,
94dcc532859b4f1ea749b248898ab3b8,
7ed794f45c664ab9a9da322da9469e48,
739edffee755434690a11a0e57bbe8a4,
7343cf6c81754aa0b32045817ad30cee,
cf163e3304de4b72a0fad2ec2e1f8840,
2e5e28e4203347adb928b38affbb82b9,
1382ce0de3204da1b7007e93e6c705b2,
1fa3dbf7f01547bcbf1540db945fa2aa,
821036a4cddf4c04b7f634d2be20b5f7,
ff2badce93754f829ba95699fffe3039,770848000.0000
897d552c2a9c488091e5f4c3f3cf4e88,
1226e8c43541406a8ffe6d449e352782,
1507e1c7c8ec4b50af7dab06ff11451c,
90c90b6c73404be89db5aba2e25b640d,
a2dfc9c417a44a77a100fafc5782d14a,
590b8cf9505e469a8c3011f60dd5cc5c,
5887e91ee40c40019abb590336c6ed4c,
4d800e2426a0490f9b96704abc93f2d0,
42049f09bf36408e888d6bd54734d09c,
467b81246107443696e4e124217dc9c4,
3fc4eabd8e2e4441ac7ff6a4f42684d3,
bb31493e512041b698792ea5123ea9c5,
49a1c94a3e4a4f4a9b92888cc74e5f1f,
aed7e78114854f7a9dc42c3cfe832061,
e1e9352e891f4f9e8770e32aa652d9a2,
5e5dfc149bbb44b4b0fc50cc995ab081,
ddd10d23fecb46c79c33dedc72dda0cd,
78883a70e31c4e0e8f458b8cc4841963,
f07b6b9a6cd94dc7bdee4c697e219fd1,
214481f071df4d29adbf0e7c19a8e76f,
487c14f2c46248f1af4ba2204b231c48,
c7fd67f934464b0f8ab610a19e7e0eb1,
680bca408d884976823f79f97828af58,
f8203c9c2a3d45a9aebf1dcde1947da2,
17b7d3e8b2bf457a818fd70cb3632978,
38ebae4363a440dd89f3452f9c7a0d38,
729cfad93ae648f280681e2db4f231ee,
7f68afb2b40a41ca8a1aeee5f0b85d89,
c663e55c1f1b4b248e1cb13d07a934b4,299000000.0000
e46824bcb6a649f487b1731480637830,
69980c9ad01f4be6a6bf95558c632030,
cb2e4f5b34434046b09003a4da4c5f3c,441000000.0000
f062ad08df48432ea8ebfba5f2fb1d78,
2c19d573771e4292a14adbbf94f4d67f,
9c67961d563046fabdf3773f8627efc0,
7a111134480d4083a6267d6a5e50395f,
d81611d65ca74b40a569df299aa7438d,
1231f795a5034dc8ba40df8e9b7ead60,
578aa62c50ae4f42961ecc8b11176763,
2cd6ca067e1f4bc7a22dfd25b1b55508,
9a43c87ef6c0444fbb3c8adeab0dd771,
490c28a2cca54598a4676d25ce586b64,
f224a217a80b4858b052e39e92cefa3f,
0acba230dd504829be6d3e4b353cc875,
66ec96bf22f845458701591ceb5f01d9,
e642c3e1eb9e46cc86bd5bd29e4c7603,5853000.0000
c319a74a80ef4a3c842280e9d9898159,7878000.0000
73184d14517d4d2ab0656b9d4592a294,
1b4aee36d6e54299a54688e701301af8,
542fca000d1840d0b7c1bf42320a34ae,
8ecd18a7384547e6950d174811367377,
88464680d8214e47b2eb278e6dc38e10,11256000.0000
a457dc1accb94307bed29f387d5492cb,
21a997e780424c3c94c1b1e52246e122,
36c00b1ee2b24c0ab519c58a889866df,
a559dfcd791049e5b714735f806eae6c,
0e90723eead54c50a459d29e7ad860ef,
4a288b1247524f6fb564fce51bb45606,
63f93ebc69fb4e1986c29bdd1d4888e8,
82832d5580784d04b843a453005c50e8,
c4b6c9eb25b44b3798bb75e370af4357,
e73643ffe49f48b78d628cc69b51dd76,125938000.0000
907f54ff71534f19b50a0fe811a75130,
3fc486d5d93244348fa04b1e8755114f,
cd52b6328e174d698796609db105045d,
2e946d114bbb4796aec2aeffe5a5dcff,
84521207a4b74b0098ca7e55e53ae9e2,
f35b44069ab74b328537cd6903dac073,
4b7e54a4383543b5a2de25ff0c169e18,
68a4ca73891f464883c2ed9b021d4be4,79351000.0000
5e294f5d2e2645fc8cf2f1a2a6705803,
a005f25093964805a7445708fd843802,
a3c97cfb16dd4762a8ba2013923c8e82,
b5d92e8556074c69b4ec4706b71ceed1,
1aae7dd8a55c42f2b50fb175fba7e0e8,
56afac135495441895abbc49b416523d,
2c35574d56e749efb5c69b979a1242c0,
8e9be1c51bd64978bf83ba5abd64910e,
3b165ed366ec4fbebcb4c912689bad83,
8d33ca52f028485197cd49aaee9f3aa8,
7d815f8cf2394d14b1e51c571dd10070,
3da014f94d0944f393a2831bfac241da,
199e350138794e3f977b10de88a72811,
0609cf68c2c14b5f8d21f904293fec30,
d0e5adbdeaf4499ca592195567472536,
b3587a0525a546cb9ce43917b1f1921c,
d32a9e6bdd544c56bbbd12837a845af4,
4890a2fe5618423fa0ad628b1dfb81a9,
26de8e8bcbe044b880814d6161fed766,
fd10ddcd7fc24ffd9ca06b4fcc9a801b,
ddc0f0a3dad24bf8a58de6a979b2e3c7,
fbedaa4069394002953824d371f75f9d,
27679aa87ff44677b892bd1a2195d9cb,
5d4b81d773af46a0a095fc863a1cd318,
88893bfa02c64f1eab9a92ed279aaa68,
eac14ce378814e2ba6521f77efeb2ac4,
0cf25c386ae3472684f40c8c5a9c737a,
a2a3209e039c46789edb0dda986e45d1,
2a7757cf57d44e26b4317e6f9fa70991,2000000.0000
67a080decb774699af2c4af3c9b46a60,
19060cda19e948e68197ff7c29c8f199,
67b5e6daefab4f10b7e2bca4a0414f54,
c0668dfa7ed74f0aa305797745c51c3a,
e49f6d72320a47938e8aa3c2e3910555,
375f30a05eb7476aba1daaca03818433,
ecc6cb08b0364c0c8e95d4625b5aec2b,
c8357e18789f4739adff9cf34f29dbf8,
53c6d4d255cc42218415baa8ecb1272b,
1f3c3451c1474fb4a7ae91e1e59f7e62,
e13bc849ce774fddb76fa37c0075462c,
679a17107bb940e398dc11efd5ba43fd,
184bced7fefe4df0a7692638508dea23,
4bd96ea3e77a43a082b52e621bc4bfd6,
027245150ad94ecf87aa5c39434137d4,
c7c7cc4a04a84490bae6fdbbab64aaae,
406ed89cbf8241c48a0240540c7dff19,
79ffb0d9fdc04f758297e8fefc67b7ef,
1cec068c6f68437396053705d47b6468,
d5e567b4d05a40c1b2407f01e2e6a2b7,
1c883d322adf4639a031f513d1f63607,
2474b3ee3fc54e159eab128b00d7664e,
617a4123fe41485387b8dcf8720d1578,
8d7daed60d3b46b897d464f4053d87e6,
d92e72f76bea42738369beef3ac74f95,
6dc9bbb597d7448c8fceffe52fd4faa3,
20a95096b7ea4dde9e3d29207d7508c7,
95934e3d09a34b098a68728bda0edd47,
3595ba42c685460cac9e3bd3ad84986f,
b9b9ae9723ad43c9a285e8f2eb6c3ed3,
f6318fc0348647daaff4b61e962a04fa,
2cd40fed1c8d4cb08953c2cf486b638b,
7a86c3db15b04f428703a685a7e45d12,
72f76448eab447f58675789a571330bf,
fde18216b16643e7860e4da86f05aa13,
ac405a4535814d4f82feaf559f3ea3d2,
4b3c2afe63334c8eb020f24d7017b314,
b8501c167f1f430081b7eab23ef7b2ee,
09d7d468ec49420eabeee7b9a98ef48a,
bcf24eacf5f64087aadad75e78e09395,
ed83ab373a284603aef226b28193b090,
e7ca77a14de84929a052f56e5c7173f0,
ee13dcd37a164097ac0fe89666f2ff88,
e120d60f3c0d44a2a229f05256bca4ac,
f541c9bb00274e759b8ed763245580f0,
4d7179b9135b4d3da556ab6ff88873c3,
864722cb16ba4cc0846aca49048b5837,
d16d1259722d4bbbae1117f25ecd099c,
8ace09dd919f44d98a1b5187c3053df3,
6e32ea0c797144f2b00d82b3f6b08b24,
f2997b8b89bc4cc1a1b7bc99b5654f00,
4f1e5cbe609b4b068dafa083c5da1d3b,
9d15d0ae1ab64d32bdafa978bb5830b3,205000000.0000
54a4a22405a141478ee080884eeaa7e9,
d862c3fe8160495cb841d13a52b07c1c,
9f4d0a4b87d243b4a8ea87ba54759395,
b09d6d6c55144370996875051b1daabc,
045110b2b8cf48aeb91a09f85294de69,
6e77ec14c89749d39496e43857d81a00,99000000.0000
f23b3a7a6d7b41d396fea42767bc523b,
9bd59dcb6ead43dcb16200d5acd565e2,6071000000.0000
882d95600cca4866a1e8af4b588a6aa7,
0e772ccdfc2c49c8a1bc8e7a62bce1f2,
831ccb6766414cadbef8dc154cae4be8,2252000000.0000
432958b690564619af21a4204c59368a,
6b3c7b4222864eaf97a15f261dafff29,
bac875489c944ef18be8feb317158933,
165c73a1c7694df5bbab7ea079d9891b,
7862eb52834f42b29e66d40ac900b1f2,
f67f1f8d58754e13909246bf8a20eed4,
200a1b65057f42bfa8c2f499ee33099e,
9f31e277c598456a9d685bd2c4591f56,
c3fcdc5c078c4d13ba999456d4ccfd68,
485ae6bdf6ea4e36919df5da343655fa,56334000.0000
be138195ca42434087b46aa719f555b5,81906000.0000
024efe06ddb34437b7887a3041da67ef,
0a8c1243b5f14fb6a35c81f9bac411e5,
abbe09c2d5e34457b8aa9f8468a92de2,
1a62cbeae6f24ed1829e3dff005fa1b0,
5ca779c728c541548957c45f8a814790,153808000.0000
4884cca9a5494f71a2cd39d14a7e8be1,38000000.0000
04882abf911c431392ee51b9bfb0ed8b,
0ec94b64e5cf4b2e8cd0df51fff73e89,19664000.0000
656bade1badd420dbfafd0fd9e76bb1c,37100000.0000
d74db276c44449a9a6a5af9ed23a4f2d,
79d988a729d5488a808d9956c994e9a2,
bdec80816ab8484ca8092943e71f6799,
7d2a61edf0c1423f8e77cf73c62a3ee2,
87714b0d8450491186f9dbb8116f8879,
1168cf87a74d4b6d895a22020b19a531,
676f5c91dd4f40cb85b3a574e2e296c1,
644db4e6ac364279af091c357a6481b7,
07c3f322d6bb438ba34c6be3915ecf76,
a860b411c6ba48a9bc322bf8abc1718a,
f817a36373564ec8a4acf06f7498c3a1,
1c5729d9999e4feea5e65fcaf3766689,66904000.0000
770cde0c3ac249c3b209fe37b8bfa405,
3912e118369c4d96bb9d5a72fdeb96dd,
b8f7cfd2a4bf4c2f96a070c0c43b01e4,251000000.0000
a8a16d5772dc4e6092aa529d930bffd5,60230000.0000
7cf19732f2564a92bb9f8b9ea0f17465,1690000000.0000
6326f7217fe643c2a802a118fa5d3cfc,474393000.0000
df8ea1a2937649ddbc896e61581f11c2,474060000.0000
cb2f961ac68a4792954e350e79fa0392,484691000.0000
83ee381925a44d0bb4123f1387eb5502,
3effe34b07424ca3a8ec940a9bde8216,
d3071b00a5274e05a3ca094d5c01166a,458564000.0000
fae5b466536941a3b307793f72701aa3,
04a7623e0f2c49fc9da52652e831a19f,
ebc0226d39034c6b8687d60658c52c98,
f64d2825154a46ffa9908c8feddfd77b,
31d70ef69f494441971687c83f857c3a,
6e3fce3d96424be3b3989295f405d9ce,340429000.0000
5e8d8b5979fd4a8a9e10a64bb8a9c13c,
9f9145c005bd4e3e80a6e5eccfe8288b,
4b8da1af8da849ac9fa815606083598f,
6462c3cf3d5d40f8ba44fc58614255fa,
9dfe5d0494844b33afe010fff9517024,
8696c55c0c1a47ec8b17fcab96de0b41,
2d1f3139f6b2471bb38362eee46429e6,
4bc5125174e04978aee7d68946e06c25,
4b2ed16efba7485f9b411b0eb45cd63a,
aa0ee6e86d4648a8975e8713ef46decc,
52f7182a33214d6f80d2ab88434d0fbf,6620000000.0000
4968fe3ce636452d9c3e6f4200b237c5,
b26b39af16c649d0b5c869d94a111659,
05549d99134a406e9ff8831d7b38f912,
dd0e352a4e9b429cae17543d89484b06,
be0629e6e3324f16a3cd959ba9f67873,
c8953530d7454bceb8d1005e77ec2165,
2b89a72e2d4a47a38a3132c882937687,
93d8c285a01944c581ee4674c93aa5b5,
a10a17b846424b7c9311339547829931,
065f39041c224ebca46e1f14e1af2c64,
5c40be279ab242b69ee575e009a7bb97,
61fb23d4509a495f9293ef23f4f9c042,
a77018b74da44583acf8c9cacf202943,6716000000.0000
afcc59ca72c94487ad129ec98c100ec9,6660000000.0000
a84eae2cc3c646b4950cb8b0a9ba78ce,
f5fa7916c63d43f58bcd493a5c07ee32,
c0e47b11a53c4d65a2ad0406575e40af,
1171f528aa1c46679683e2aeaa9fb7e7,
2b18c4dcee364714aed8eadc85dbe928,6311000000.0000
e568d4cb81bf44b4a9850740f2834797,
a926aecc4010407180c32b75e106a103,
8517fd5b35c04f5c8cc5fa84eb4becb2,
cc51dab9e24e4860bcd68e2a80919cd2,
f2109eb970a54d01b3fa913c27ce1370,
2d7ed8a30dce46a1b0636dec63b9f48c,
b8b59924d23a4b99ac7e521c63d86770,
7443c0327e914037b253ed0c5fc1d25a,
66a72b41742d4c32a886bf07894a4694,
bfd9e99a5c2f41bb9d6eec7e2bd99c39,
b7dade5d0ac4472c8e90206df1e05c13,
43a066314c45493b87c902805a97ae72,
7af3a9facbce4400b83608aaa447e25b,
cd5f95fa0e514572973d7357688df326,
c07b839235824c09bc998bf5daa3aa0c,
fdb16de871d7462c8128c674dbb1fa8b,
e87cbefddce447e98c92fe7c855e81d1,
6bdc653a58f546e8bdd94a1dadfeddf4,
b09f425c909e42c2a25ef9715d72e13b,
66a894664a40415cba82f755d7d2cf8b,
d5daf07296f843f1ba257b288a008be2,
5288656d08ea4a208807cb4fc7d78631,
5df34599057d4f98a64028739012a657,
481105fa56bf4cf1a1b7147a99975af2,
353f53e4b45e4934b59862bf8df08ecc,
78fdb1eaaf714d40b29a90d1baceec64,
cfbad29d3bbc4ba383a80ea6946d782f,
ba874aeaa5694965a333de524f58adca,
213b95ef5f644c25a599cdf0be9cd24a,
3f2348cd1dfe41e08ba05b332a50e6f8,
4dff74e5767447898ed6c671b91823ff,
60628cd7097348f6b645e29f214f6d52,
79e2eac6504c47048637bf950d19f37b,
bfb1269a49ea46f7961d40757f505002,
f3e60531b776453ebfc619001900edd0,
298c23a753ba41b1b4671c3896ce5925,
e8cb3a380f344aa0a14388d459075554,770848000.0000
24fdb7ee72f94cdebb32b7f0ec8c751f,19664000.0000
6ceaa00ddf444bfd8a3ff87d80cb6147,2243697000.0000
36d6cbde5f9843d886283c8b2f0f3693,
571101f00c9a4c76af975daafca422e0,
f56f307079a64e9f8ff64998249a0f69,
43517274fafa4fcf9d9503786e80e7e7,
e365ef465411465b9b5517c2c2274d15,
52c5bee3efb548d191749c950405b4f1,
46f409f65dfc48bc95802ccfec5da4fc,
bb614b14ad8c4ccbb46e3aab7c104f79,
8d423c2fc7144228bfb21105755d1c9f,
55119b2a89c6486b80fb29a7a3666811,
e4ae86aaa31a4b0dbd107334fcf0c72d,
31837094e76e4017aff3b70de680dd6d,
562bfd3a4f6642a1a222682bf773f05e,
cfc2454096c2409f9bc8e60f5d14ec99,0.0000
63fd3d4cfad844dab007e8aa5c2d3446,
ff7747e470b04921892abd1380b9e49a,
b13f48f436984333b6ab4ac0ace2a7e5,
dbdfc02e9ac1459aa1bc91e61966442d,
f863518938194cb3bfee10fc0934d881,
b39608ad5a5442bfbe61537d1bd17f31,
3281a642a5b14ee0ac68542efc4c7103,
c3e352c9c9554e23aa955df70db13a8c,
2d927b29a4ca4b81a82b332c9acc77b5,
8308de01f08b49e8a8264072a1ebcd3e,
7a0d773919754f9bb2f2e88663a043da,
9809114a860943bf815eb6613cf92ada,819000000.0000
bf0cc676d2e64e49856b907d35ef52ba,
fdb34b2310a74dc8b2628b343d1ab08d,
c0315f4b40674fd499928a3c5e5d443b,
955b8b5589ac45999c6d5b92d6400c5a,
cf80c81b9a7c4dbda9f10eddc3b40cbd,
80acc2852e6d407f9ee57b22662c21dd,
52e45bdf20ac4cb3a735b22749d36333,
bd87512fa4d74e6a9e5fcec9d476a2f8,
e7d8631edfa842b1a7ce2495d65e00bd,
c86c46be645d446da3ab166a262e292e,
29c125bf02e0403aa0097525bd43ffee,
8f35d9b0aae149a193e90e70d9601679,
d58d260c8e274604a648664207985055,
641c889b908f49de8f1b6c722c9e93f3,
4eb92cf8ab094ee2992ca24b23831528,
723719b1a4f64a9fbe5ab0e238196bfa,
ad7c51f2282f452eb9a9af15c4636f82,
21bf1c293e3645b9a638b756b2b7c966,
67c6218d5aa04016a3540ea6e9c4a6ac,
ef78852eca0d4c2fb796e2fd57f0d3b2,
882cbd7e1ed24054b1eb1939891b1598,
8eff74bace6049c29b7dfbb8053428e5,
79e83d79efc94d429267e6d29ed15bf8,2245493000.0000
6beb09e9885e4ae2a5f586f1a25e46fd,
e1c4f1d0d25b4528a1eca57b1b8a386f,
cfaca72a1d3b4a4592fdaf7427244b48,
40c7866cb4c546dabe43bf2ac1c4e302,
8ad8210acffd4cd08c876c83cdfeb54c,
3fe0cf6bd95941888c07a001a0967050,
952dde81a5de4365939407868b359c2a,37100000.0000
61d2a08cc6f040e0b4621039dffe778c,
282190c32e66473a9aa896cd583f8fb2,
47b7a7539e2246bcb2f3e7784c52b84b,
504b11dfc42c480980037462bc6c231c,
ec42cd07cafd42e386bbb760d4ed13a7,
7d9c1c07a6794fc9851a782ed4442644,
45a1bfc141fe47ecb05e2ff0c3fe2678,30000000.0000
af9cb4eafc9f4575827090970f257d1e,
7ab552d603ed4b7db2686eac62e30fe8,
39e2010b680f41b9a8b654e263b34edf,
bcc92c6607074f02a8ca17e6d12f04e6,
8ca72948404c4108ad43f35d33166b91,
35d1437b351848dd907a221130aa730d,
ad3430a4e15344e5b22c89cf2d2f35eb,
dfb81d8668034da98e004840f6152b83,
952bf621be7e4c99902334a24131b081,
e6f2332a23e24029b5dae70ff7f30135,
610d0948183e4a1ea7702495d5a40a19,
bd28be6a23f640e1aaf50219506818a7,
f8cbc342a0ff43c19a99544cb72f0596,
c93166be465c4894b9db3b2487b5ac78,
a23edc77b86f4e41b50f378aea92bd4d,
64b9350379e44997a38a9658efa06960,
d5358491218643bb9e5977a2982bf72b,
5ffeeb7025884e1b8acc94250ef51999,
55f3a02271554577a50966c54e53166f,
545c6a592aa54e6e8a325fd036f6d69b,
5a2c918d56e848139e53bab4d95a5173,
f1ff822cab08490f85c4450fd316264c,
f0e799387ab54f26a32952f74393b034,
62fd17baaeb84f09be4a7951374197e7,
04f8c05c36444248a32c6c0321379177,
17c9c4b79fb647219d7361d76c191e6c,
b62ab8c1c8ce406bb922a181e874d67b,
4f435dafc88449c684395aea1864cfa2,
9aa7fe7bb4c34aa68462aa71776e7af8,
e164b9aa7435425293972724ce6c9f64,
e0a6b042b69740c49c84019da5e0d3e6,45000000.0000
1c45389019864bddb2dc84d889d42590,
d330c16143e042d4860c6f959a3c7a5f,
96bba06b2f54493eb6409a7dcb7c7d7e,0.0000
b1c9ed759ca9466ead1ed52cd29cb1c3,
0e0564aa3c4a4de8a9241a6fdfa53e06,
523b0d12ccb64dce81c63c5b89028d89,
c007c40c3986428b8c6d0a4eb50cea38,
b30f826ba94d40e7a1273f0aaf01f0f5,
88f39675a0ca40bea7d160fd7fd458af,
637f26cd0bed4ac693799cb7c7efff3f,37000000.0000
a556322e03be4d72a73360451248e8b8,
fdf4f3a069224c14aadbf220ed5f9783,
39a17dbb57ea46c9b1ac0dfd971a739f,
b2c2ba7951e14ac584205ef848211136,
c00d4105e778447e826d105ed7ae9d93,42000000.0000
b007da60cc8b41908a17d38aa5cc3de2,
520a771f25cf499f92810623e8e27ba7,
fb038fc3efb8483f81b8472a10db20a5,
d489adee484f4f80bd53e3388b7717d6,
94f07c62582940d5b6352332e343dfa1,
fec9a7c06d534e5f89501f1341aa7bf2,
1702b32dc4e5425fb1eeb655fcd3c3ea,
066079c0d15344d085d9b79473727fb9,
3e1727b190304089afb2156c54d3bc6a,
94aca16746474aec957d00147edd9899,
86e905a679854c1f8f69a7e9d9204039,
1dd5473cb06f4ce5b6b9eea2da24ffdd,
f056ab2428224d428fb98476cf939dd3,
d441ee29156d42e8b95a4c21d587c131,
9454422b866a47ff96242f58c9909452,
8294cf9ab748457e84c21bb4bb9f4071,
62184ef685624edf9adf5dc82e139f04,
22657b0beb77480fb9980bff12471b98,42758000.0000
eef04660deea4bdda829b0f4896add96,
bfa2a0747bbb4c74a702e03aaab577fb,
1332daad543d4295b0768d00567203f0,371000000.0000
5fed124378914ba684e3d7fcc8ff5c96,
2a201c7a26844bc0ae9ce90ba8fb0704,
a97236ec0db64b94b198c5ac994b9f47,
ce13ea422b8b4794a4804b554b90edc6,
7146dcbfea784a318ee2a69abb6740b4,
c3e3267235d14e6d86725ea2ed5a6a4c,
445ac35e0ebe411f9296a6e19303a137,
c2dc58897b60496bb71dee1c71d3be83,
82beeacaff234465b026ff4b1cb677a4,
526ccd1f0f39408ab1b6c98c52727ad9,
d48e4597321c4ab2a6d010ae72fd06e8,
c1b3a1a936274ac2bb74ebdb43ac9841,
6d068835b57941c5ad3007fb699737bf,
76e4d6c9a2084264a80cf82fbeaf1144,
b5badaef7a9b4fb0b4d3c01f72a10315,
f2fa0bb6330043ac89067d94fdc17a50,
e5f2232e91cd4321a3cd2032bfecb0f4,
c14974f05556485783e0c2698e8db6fc,
5f87a9374bd144668122e7234553e459,48000000.0000
33dec2f64f9648cdb7630781461c1629,
f8ffaee92fdb4e98849130b095559446,
10956d28607940d9befc0da4a8d2f134,
7bfb898d0f08452da1e13ada707ada9d,
087d5da9a614404fb0b1440abe3c6eb2,
f9dd29371dce46d880f2f7703f8724cc,
511bd758bde8428b80dc4651cc817670,
8c35caf8f6454d509db688379102e4be,
bca1f48c51f246c8bbde4048db5c1af2,
f3a61586482d4e43bf9249a4af880fa9,
aaa3ff7561f64c3595edb854d20d6077,
7ac7353c3d8d414eb61875944e659bb9,
b7ddac8bdeb7442681eecb9495f47da4,
3990880d471b4052a99b4d9b9d67d32c,
e9d98aace84644ddb32baa7bbbd5d01e,
bcccd16d116c4e6691adacae8c7fdcd8,
9bc027303bd64dc790fbd23f7f3c3367,
80e1804b70474e9184b58922daa14618,
d6a31be1dc1b4a4a9739bc628b6061b8,
c241fcfe567c4a94b2f48a03dfc96cc1,
85c9c35a9ffa400cb98605bed8b62922,
258c7916d1654516a7034920389973bf,
5cbfab1b22b641948a9c1ec66ac28940,960000000.0000
6200d02b3f6b4767a2f0810e83e7a73e,
c23ffee0d99546f9a2936892025f051f,
f47f86fdb5584f818f1fae92745704a2,
c58f89977f064f0ca39def782182954d,
deea45e2dc13418682e0561873e1bf92,
de2133a49d3a4851a50ad806b9e7ff71,
5aca6c0bd6214015b659d5c9be2eb3f3,
524c3a446caf4b6693b8b4d54451a484,
b2d9767486cb45a99e34fd41314d150e,
bb269f7a0e3f4534a9ad0b6c29283eae,
7bbe2a9974d04fa4b8d33525a34360ea,
d331555e3f4f4d109fa8f73b493c6370,
8f27c52dd65d44419f294a26ef61d2d7,
755b7389e8bb4c43a754a23c181d3bad,
6ab14351024b4795aba4668720eb749d,
baf078e5081a4592bd30a10cacf1ac0c,
07983cab625c477ba9fc69e29be1b1fb,
db07b07a3fe94b7b8693c9e4e6c1e280,
f5f0c58f2d744ac69d08ff039567dbc3,
aea8c3a15b5d4b39ad4208338ef67d08,
3047bb8c230b4b379c78e0938f9bc2f1,
3701322222e44aefb0555962820cf235,
8ab03d13b0fd4750a8d6c3012ec1980e,
750493a7363d4a26a19aa23688800f49,
46d4f8a384b4424794d855a27e3a91af,
ddd2f2c78c934670950c0167df72d997,
81aa1ba6b6e24ea080403ddc494c79d0,
69ac350f8c664f5a897e266f1443aecf,
90848b048c394d1bb80a248fc44f0693,
35e025623dc7477cb1dc1b0613a033eb,
add17e86423b4de9b5786b6274bb1866,
2090eeaf7d78437ba6d31df3a72d79d9,
012c8b0766dd45e39a78a174b17752ff,
ea2a0e06436540988695096a1d8818e4,
3b5c0b4e2c8d4c17bdba7f8c770bcc7c,
8f4940f9bb9f44958ab8fcfd39a4706a,
288bdf1ca9404c41bd4faf687aca684c,
e06693310a984d8aa8d8954a0988114e,
7f66bb29c2fe4ab6ac04056ceb4c13aa,
ee009cf925e74eb3a4053e8ed8273120,
bb51fd357ea6455e8dcdae591d0d918e,
7b4ddb31d6c147b4bd6deb26d2332c5f,
afdb4a9e0bde47428b5888f85f902a48,
a6fc72bc0d9d4e6489a3438ed501cde4,
daa903a51bfa41c69dfce8c1bdb92668,362000000.0000
ebc2a76ef4e642878faa0738e3b70ae9,
2118568a7878417f98ffb63f12d75ede,
5d4c48eefb1b4a118db957bbad819a9b,
0e2a43b09ea141beaeef2edc4be93c03,
96a182525c2b4652bc2102b068a238b5,
cdbb4021d934478dbd959eb4529f427d,
29ea242fcc794822b98ea370ae095591,
039ac8e5ce3d4127864021492e1df8aa,
4c4d684e8bba404fb91215c8130c3590,
509b02688b5540e6a3e30d7d2fd5a577,
a81c559d16e84052b3c7de40c8a8fc30,
3927e22883e94937858624535a5e4abf,
cda463ef944d452e80b84d0d5c9eae76,
bee222874cf0432c82506a0dca60a2da,
ad9de08948b344a0b6fbec83a014bbd9,
9e73d7be29ea424c8743f97ab49feeac,
5086898033e641fe84399b830d61f163,
81258db5598d4d84b4cbbcede084c6b3,
c19249165b6c4531ae8b28ee7928ad89,
906614bbda4141d08ca088bd14b07c43,
528b2c2d28884fd7b401bdc19a1aefe9,
1b00240d27c84f40852f065eb689cdd2,
d59c0cb659794117a3226cef258ec244,
a68e13946a5a4e61bc1e3ff21de5b1c7,
4c7dddac418345d4bde699928083529b,
c1b1ce6249d84ef28cd08d54201e76c7,
87a1592e9cb9477b9fcdbe2a3512af07,
b0809df40c8545adad1a199f32315e63,
0a6982325be040b489db4493f9d8da55,
5bf0fdd61170422085e9a048a290340a,
828a2df5a6974545af0966025b4a2ba4,
3aca94c8469d427bbfb201d2d976b25c,
a86465512c914cb785a71f21d402d1d4,
d3a66f29293c4f088ecef09954c5360f,
379bf42e15bf4cd39a74c7872a75531a,
74852dfb81174546827912e46d70445f,
ad7a86bbd2f0490099a4b8f7be88a2d3,
3f1da37b10ca4fb7bb382c394998f26d,
1e9455e3917a40b1aa165f3765ee35bd,
799333c6920d456b9b1f48586bcb820e,
e860148ebaad4feea7fec4a7c0002537,
e8bd809efb2349adaf94dc1e2a465870,
161d70dadbed4bb38e12e8d510f5ae1e,
b6f6caeffe9046969078ba054e180b29,
6796ff6b32a3439397d98d68960c1157,
9ebf9363a0d54bde81ed70687ccca081,
d1ee9e6629a34edd8a80b33b4ac3f4e4,
5e34f8d03ff74b4eaa443eca2e668d53,
ee62c93b469046fd9ce358abce0cd530,
587946ab6f9749ea82823543f49e841c,
f3ed0f39131f4ea1aea67c16e4572686,
296d7b2cb50e4be2b0687279841f57c7,
f5ea7dfb46824fb4b92e2a19fdaafe4f,
ec821d9e91c6482082b4aa5bbc7c901b,
986ccc9bf622427193364ca5d2bf488b,
2f1e1d9a81174118a65af7e8fcd954d5,
595bf60a7f384c5d9f60e29bdc7137f8,
ec78befbe8ed4eb29c47c763aeb1f520,
1ffa3e944dfc4f3db148d4bed9c105c1,
2cb615ead11549f28a856116ac50ccc8,
932d6a596f7743829fd7a6f8f3e3630f,
c46e953c7d43482485397711cb429e89,1536000000.0000
f0d250401993427098bcd718f9f64898,228869000.0000
1e3d665ed2b2452381176600fabfe9b7,
7a7f8220e2f5405b9dd8c182bb90cee0,
a96a8a7caf6e4e77b2246a6ae874cf98,
10a57022e17c4c0897d8143ff8652188,
90c152c8f7ee4b0b8532eabcaf86df6c,
bf21038d595d4242a46f9e4646a55c26,
3a3c300fcb26418eb173ff82db1491bd,
8b45e000cced4c1389b7978623364be2,
24ea60da0bbc4b27a478ac89db0f5668,
78667957b8744d8b87e91ebd623832bd,
441e92570a954cd3adad3287ffcbbf19,
5b724b0306754d97918c52577dcbed4f,
d9b7c53266b643d3bbce71d4a2ef7797,
7e3fe72176ce4bfcae67b1aaa7660014,
c78a10cffdc34eb9a774272b41c068b8,
fd6bef8e5a5c49e99d1a1ff6e4f2765f,405000000.0000
177df9176e9e4139a109b0fb2627370f,
1308617b98254fe7835519a672d63f3b,
9bcecf2e1e454826b38ec45d3d38c0f9,
e88e8bd3cad54bff843105ebf31f8fef,
8053b74d1eaa46fc96ac45c87407be8f,
d1bd8bfa46784225b5b7004bde019800,260000000.0000
3c524f05b0eb4dc092aeb782ee44943a,
1b995e2068894bdd8170e2f021add411,2232000000.0000
5f3a0f49637a4591b0fb1c3e835b3089,
53f9a543b7b84f3ba43d57e51f0cf3a3,
da643e14e26a4b0dbfdbfacf9a876aac,
17bf830cb3154a45b91a920cba9af077,
963162b965e24d36bc941a30f5e7f2f5,
045ef34c4271466295a9facd2725bc94,
8e4dff787ae944f4b70faae4ea039ec4,
dd10a583da494cfea505d0819fe53932,
04c0aa8ac1ca4a5f930ed4467f42a1f6,
f2c6f9cb0afb441aa7978137cd72f76d,
43dc39e1ef9a463a9d3330e14d72489b,
c1b6ff5274004938a08c814e2396b62a,
5fc55f699fd146f2b1a7fbe8a4804123,
79c4e3ca23944cebb3a95b0f4a7329b9,
a94c154b9360423da84b791b31ba75b3,
db36f7f09c9149c188889807445dfbbd,
5bfcdd6848ca4aa4a8dfdb37fe6a6d91,
151991c3e9cd4b098e68cd28dce968c9,
2e001c76ad01400086a54749a1918c86,
6fca7131543949ab93c24bbd8e00c862,
43c3e5e36b994f6ebafdfd8990948134,
8002e2edddf04e62aba86d39cfb1e3f4,
a9d747fabfcf4fedb487b1f37563fa6d,
d3e6a9ebb5be4f888a9fc970fe38fffd,
895952868ce6422288c1a3dd1e408cf4,
e90c3a2aeeec4a0488254522a113d618,
9df2ea92694647fa82594871ee465a6a,
30f0c20ab3d64ee38732bf3dc62e76bf,
942ad1afd9ba47cfba51e7ba06cb4660,
26b2b458c51f45f1b96230caee923275,
ba037936f99646fdae4202ebfdbe1e60,
ae323e12ab0a405fa1a2e8c93d13599b,
ae1cc70ca20245eb9354a0c39878421e,
8123ca8d0b4c4a80b6e9716a5a597740,
114c1f123f8e48cdb1e6bd1014d61bf8,
0d3c8151287b4970858c9af727483fa8,
931eae7333894a14bd09db1718f8eca3,
24e113909c9c4f80855519109bda61b5,
60b0b57bcd3c41be9000670fbae1c72b,
6f2f82c51a674d2c82b4798936f999da,
0ce2e79739bc4c859665b4bf1e5ee374,
4cdbaf2e627d443cae3377da06e9d149,
71c6e618afe94f5e87cb6bcfdd9aedb2,
3d8cdff72cc14783ba6a373e5ffa0d87,
38e67afe66e84bcfbd117245f252cdf0,
f1d75bac11234b8389a31d27952e9a90,
0c12c9ba34d147eabb1f4a5cc2b00db7,
19daa42a0ff14a65adc24393763f3fe2,
31b34adbcc6c43e79fe90051afccfe75,
014e518fcaa9416189e741edaec4b570,
de49d73661584721937cb9b07af268bd,
2b6d16918750480bb96fa55642e8bc2a,
cb26ebaec57e4b8793f0342b5bb0eeb7,
c1f276aa9508470d93550cce4d6e033e,
cd849af36ff24520955b877e95004746,
c8d231aa4b704bcea110dd4a8952645d,
c2fa970be2174a6d9eb4a1e2ea40ae0c,
8de080cb9be1457dac73510abd499417,
ae6dfc7dacf145ac990749aa4b8a1a87,
086ad17f5f2a4f27b37db81ec8ea857d,
6e05c3b9d5364de6a93cd8d5aead7bfb,
b2a27f19f8ea43ffbd1e29467451207b,
78ee43ef4102409fb6c1291269c77602,
428c5ca6179c46ce90f25083fe092098,
5e51837802f94bd38ef2b48e9280518d,
321fbb4d078b4c00a2e43f474a13995d,
aee538d1d82d4d72b7899639d42fd2c6,
1335823b761d475f819fc47412cbaa89,
c039a3a58b074f2c83e569adcae78e49,
b3e8911dd199494790fc61ed7b0020e8,
35c58b0666e04f5a9609b443292f00fa,
45ea1cb532284fe4947c66ceaece8ccd,
42e05f16250a49669679bad0f749468a,
17b5ae4689a8450aa7d2d4e477198b56,
9db9dcf9e5324cea95a2b90577766700,
a747c512e4e7401895165c058ade5432,
9e9502287db3499989287c97592f5623,0.0000
ca57d6e11cad4826aa21e62b6b675897,
755b14b5930a488aa6207ded76e9d654,
9eb5a7183dba41cd8f55f7cec24283ea,
d41ba5e70c3b4a1fae00361b15ec6a25,
d34d34bf84ef4638a3148ccfa787b92f,1703000000.0000
d966a0aab5c54bf59f08d67c5bcc7814,1705000000.0000
3a020f0d43b44bdabe4ce60c2b9a3553,
c1f67ae1602e4dbd8ade4d251f7f338f,
4b1af397b61c482ba6f29e662bf50b4a,1716000000.0000
b99ff392ba414c55aa6326b97dd50615,
72f69bc2bdf2459fa91c3907426d5e4c,
1da0c0dd65c84187b1d0cbb8d517217e,
385640e628e1434b8b975aab27239ca8,
68b578dbfad74e6f91aeeefc42faaa0b,
9a8de48896854881bcc40e4024ff99e5,
a19bd6e0987a409a98dbd3a254be5c32,1536000000.0000
e83e398b586c4b73aa8077794e20a25b,
2df86a2e79d84f08993c1bef7945e7ee,1615000000.0000
e8c7d7da075a405ca4bf75723e15cfb2,
8a0089dece464c3e9fa7a68106fe2425,
9867b4fa54644c8d8335d695ceb86350,1254000000.0000
cdab57a0c72248e7ad374bafd4b7c478,
86ce630c289b4e9c93391d0b11532362,
4354a577b91846a48a0d3ee380242511,
31eafba7ba2b4bba98f3ede91bc51a0e,
fe275213b3974dd5805b0f0b49da2e97,
7571c77291f7435aa2c4f0937e12e039,1596000000.0000
5e384fdc26bf4fdc8919bc80c258dca5,
bbed1aa8d52249b49a3b0c7a48e6428f,
dc7286b222af43899dd1957961b6f068,
7819e7e330e549ccaf60b1f3d2583645,
c7b8abc6b89243c9959cfe973e29bb0c,229000000.0000
52da623a4fd44c09a0ed029a750222d5,
786122d4e5474501899226daf0992b5a,
15c281f0268a4be6886514e2ac6f9f39,
a3e40b0cdcba45c4976fc431b0c275de,
16fef4c8f3a54baf88cc31bad8352cdc,
578eb00796f74f8395a5cb8d67f263f4,
3e3ba874e32942fdbf921e7f0eb64840,
fbec641cee224c83912d23bf65cddcf5,
10edea282fb148f5918c2c237d245345,227000000.0000
93877db8d0dc47e6a1535b3c524eced3,240000000.0000
15e3f43015554b90958432ef11ffef16,260000000.0000
dc9989bac9bf4f4896059fbefe4c64ff,279000000.0000
4d8077d3c14642a79b21b876fcc784ca,
8e0b006a8b82474ea7dcf67edbeab35a,
656ade45a19549cfaf7ce166e2464a60,
5f7efa0f1d084a2fa28276c826a0463a,245000000.0000
305cfcfa9b2b4a9ba356dc2203da27f5,
2684808314714f89b0c1ba5d3c827191,
b4c8a33a85274ec9a291f46a7d02a1b1,
d94d97d8a89f43208de439264099b72e,
b001750979b041f3aba1b60e61ac08fc,1274000000.0000
2cd3196a19f249a8b7f633f94257ba71,1228000000.0000
4d0a52565ef04b9da6eec07ff1a530e9,1129000000.0000
7e5c8d25122e455bae9dd35fbc2ab74d,
7b25d261a1074e02aeb53b018bff6b83,
6d7f5ea47d0e4e11adf413da5929b728,
7faf45744e44482197c9d41ab3d0ba8f,
42d2cbac6e274f54b78c5928e63538ca,
593bf70f39a74f98be6405a20146ada7,
df2b04888565447c914e409b95833437,
ec1d4a6f173d40f19af812c03061e4dc,
95cb9a9b98f642c191a9ba4113409587,
51e5c0c039064c199430108ffd2a2452,
2dd77cad39a3435aba049e939883a399,
b3c8444bad6649399ca54edba946a0d4,
487e221eb7734ba380af26c45248fd19,
e1ca18512cd34dbc895933f57a744ce8,
f2da313b45c142acbbe25a07c738f085,326000000.0000
2d5a368ed3f845f1994587d6cd69fc9c,
2652393df6a3439d8ac4316b7defbdd5,
55e3b1bac68e4a3394a21b6d061b5d92,
57887725c535433b90e0516193e9276f,
aa0fdf4801d2439bba824298c6f2e9bc,
020704c10524472891a64342dfefa7e8,
4768620800c34fc7bd0effa2f93e2655,
adceffe24a014447b4a808a576f57e8d,
ac253ae318114f23b34c6a91332d90b3,
7427c042ef114d0da609ba7501e9d6c4,
89c3da4275a7456bbcef3e4effb55024,
450d61a3fc434df09304b6619b1d1e2b,
7e6c0f64363542e288db81dfef300dd8,
090897c3e51f4ed690e9ace9259658e8,
6777bb92b63d4237bac14aa7841e2f3c,
e13e78aff8a64b2b98bb6d10257e3370,
91e503e84dd546988f590f613dce2107,
aeb547fb2da94685b164cd3a4497334e,
81eb2e0ed31147698dad6c6dc1e043bc,
bfa2cc3d3e344068be1ec7dcb1ba97f7,140000000.0000
30f18d83e85a4a0c96e7606abd972571,
576cd0afa1eb41498c69fd7b32d488c5,
ec12bbc21ce24fdcb8662a2630160073,
13f91d5a93dc4bbe8c216ae3aaf93605,
2ee9cf7c647442cc9deeb80bcc994005,
84afed1304d441eab6c8932eac44d7f9,
beb9fd0070b04a77ae360eb0b8d8b09c,
0eda1be387ed4363bef050b270d105ba,
291ba0429ae242dbbf49351fe576ec5a,
16370953cbe44cf1b35b9250852c8a69,
d933fe31fe2d44f6a66c892fbf620a43,
810a24b0ec964eee881ec43d04c7e251,
0b576bbbcbc5405bb9f2ac3140c456f8,
3c63c47049d44d229383590cdf31739b,
b4af9b00f44e4d85a0136034b0e17825,
47bc49b34ec14300a05ac7e4d676e8f9,
25aa24c2d77840f1b7e85dc22b015f53,
863abee88b5245129141cfc930b3a524,
2c1dda185afe462e99327faee6dba145,
3efaa674976a4bdfab44cba4368e0110,
638b2f0610f042c0836ce06669328ed3,
3da5d7e7db074abda0e7c010bd6d9a6f,0.0000
61f6bbe5777241b69e29b21af6b9fb8b,
2fd129e503ea4a9ab89502273f4587e9,
2983072e07cb428ca5f5e40ff15dc5ef,
b5bc9cd456484972a4de54cb03f6cd87,
96cf5bd91acd41cabf17e9c7c75a5c7a,
a3b4b7af780241d0a0e28cd32208d6f2,
80a271bed23a4f79bcc22c366f6c880b,
c9ac84b7888149f19c76a9b6ef032110,
292fd61d6f744a0aa90a19937b0f8e0c,
ca01ab2a746d4f10ba73efe8be573ec1,
063dd26f85b44092b50efa3337028348,
c1c0c5b4779246b5b2d0305ae05d119e,
8b16177ab4c347fea5dd2d5bf0b7bb06,
990e5ecbcbbf41d6a1dea91cd6344676,
02ea2de490534333b5cfd0fb99dfebde,
d66af67521f2407ab1857e5b9618df26,
2a539571325141b28100855ca343ef5c,
cb1c723197054906a6a6ba95962b7ddf,
1dccf58cd8e94075893dbaa0f4f93478,
6a88c21da80a4e6f98f0e39225ee4fa0,
69e24d425e3440e39f6cc8f89f75eb21,
90867c52587c41da9e7631b81f6b8ec8,
ff2ab3d7996740ada045fb2b7b82d2aa,
db85ad2066f7414d8e1dba093959d396,
29b5f502d19c4b04a4b8c54f4b39d082,
94523c27bdd644c2842dfcbc55d3cb63,
68b0dda0e6a04d0986f8539a132407a0,
99c44e1be3eb4ba8918a457fc5643950,
14efb20a2a344742b20765e12c6436e8,
a3605763fe7e44c983d43bb4de9480f1,
1ea415005f3843d18c945ddd9ae13677,
59d285e8f5f44caa8dc2c508a8ddd90f,
1c20a8da916d411385962a7842f55718,
3d9e011222b34e46aef6088d97a48297,
13444409901a4af98f5e3edc3e0a0aec,
34209210585d48dea5132e342c4f787d,
df534225eb4b41d691365bec71c9b70a,
0db984729b064fbc8ac64dd9a117e3a4,
c77dbb52efc14c27b220e6ae0b8705d5,
de16c0b0be57471db6837e78cb3f48d5,
5ea0739674ca445eae734c27daa48b4b,
5c4bd66141214843853a2c322f6819fa,0.0000
e12055ccd91a432cb9cdd9fd6bae3e6c,
6a30ea6d291f4ca6bd9e95b37a1477cb,
7f55cc1e67eb4387a9c0182c8777d0a3,
792841601bf747b9b1498ed35883ef1c,
140bb735bd7d4a1287e439e1a1d2094e,
3477720400604925bb62ba065eaba028,
56887b484fc1470ca275bd79dfe4ba44,
13dbf2a743374482916d7481583bb73e,
387f097c731a419192a296e11c841628,
268f1cf804b845ae91618e6a01d04f92,
94aa913768b84a0eb6ac3a137b6ebee4,
e65df5a1725c44a7bdf5769d06a810b4,3896000000.0000
b471375d21884a43a789fd05117d23ce,
cad954fe5a3b4d2898009a669da36ddd,
a49f7520d36249deab84b9b09132ee8e,
d4320cb4a77a40c4a081a06f4d3e0948,
a181653e118545c582afc93fce26d4b6,
8cf3fb346e844ef5b90322a40a4643c1,
9a640cb32f364888bcbe7f6723f1e54e,
48617850a5ee48a8bbf5328b77220ec8,
20bc9c9aaa1946d9aa31452a9f772f3e,
23463ce70a234a7396c12550b62afa28,
6034df7f60a24354ae2d9c795317842e,
714ad526810447e09b97b529b9757a29,
b0685d0e1fbe48be8e7bcf5956df389c,
8b6a2df6aeb040bba38ef75169c2ae68,
960aefe85c04490aacda4349d40114a3,
1cd97cf7d6f04805aca4032338223930,
7dda0c3f96674a12a95a0284673dd837,
c3d09e3cd5b140639f06d1c13f9c205f,
fb06f71485a04634b2736787aa9e8778,
ad6d108954934f01b8a58af4f3816aa4,
2f784b85a9854e4c8039393e6d47de78,
c358d4ce0b304af2a96e7a75cee8ae66,
86a61120bcea4ba789267788f378d2ee,
441f2a32ae484e7bab3c484d681f3a4b,
660dc7b3ea384582ba899732abbf3881,
7ea6400023084b62872b8a92146b7586,
6605e7bbf10348b7959e3a16051511db,
cd8ad6ef4aac4d99bc568b69ee0d464e,
92beeee9bb0f4845a6ec0ca632f753c8,
34619c34329f44f5847816957cf9a106,
56b996c3c6f94a58a4d5c84550423211,
e23c634a6902422c962328743779fd69,
78b135f71c1e48d891102914164686b1,
c800b24e349b43ae8d4baebef75bbee6,
66119bfeaad44a2f8de65780f5fd8f83,
fe8006d3189f4c3da7ad62eb9a7d2197,
f9cf758fe3944910a49fea356c30c1f8,
5dad2d7c5ad447919d287d2347ac6ad3,
6648ccb015144fb095d949be62138e2a,
ac53531b5ec14162918d4e981d388eff,
0c6d258279f840dfbea3c18f9e991e9d,
885bfb2fa15f414e861a6b2f203b6b45,
f445cf12908b41a28a98608800196aa8,
92e6f9e1e6284a79ac3d57c1606f79bf,
3b51e588236d4ba5822439f1dbf542cc,
5cc7a961a55942c1ac5b31b02ee52614,
22e83f8b4eda4e978327464053f10eaf,
95fb87b8dc2545b78c80f670ae6812d6,
e7cf35e1461e46a7ae540b39be95074e,
84eb950da5a544e0983e16058906bac0,
88498acbc78b4aa18cbdaaf4d859191e,
779d0baea11a4350b00b19807bb50d76,
192a1fb9450b4fbb958f27c931304498,
38ecd1a7c2174fda8c3089002db7b459,
e8da02339409498f8254e5a42684159f,
c8b502ba8ea440c483f367f01f0993ac,
3110e3a779874d618ab9a60f32c4d2ad,
45ab71c1baf84a078b4ad186e5868610,
2ac7e8545e344a30987d2dfebb6c2aa1,
fd3b0ee33dcf4fb88e5addca9b5750fa,
06f3849a19a04593b6678e2b6abc70c1,
2ea9a539809f45c6a2e78f0ca8c3bfc7,
e5c37ab18eb944a4a42ff90f143fae1a,
aeb294dd60be489db14d331e530cddaa,
6888cea904e4489396b7bec04d4b3f10,
76a8a5715f1e4baba6cef3077f86eb28,
4f53618a0eaf48f3b75af2283de95ae1,
c995238311614a76b1bc79597ef61655,
a765fcbc51e742579a66252e96673beb,
987f93e5bf224195b10b86f854e2c8f7,
06b07fdd766141d3b72363e230d0da2c,
dbc78fa1a68c4039a092f7d5de48a34d,
4412a352c1264413b3838900e4265d57,
aa9e956fb47046fea22ebfebe60b884d,
b11f15c0e8ba42728bf262fd956ca535,1293000000.0000
a819773f479347b785127c22534c933e,
ad30c223d2ea4df0b59f86aaedb927b5,
e1cce27b2b05404cbd435e66c8c73fd0,
54fdba26656b479cb37682c61987547d,
2220f6fe3a1b4f30a4388a0830a9e483,
ec51096e8f7e4d5c93ee15a36a5ef672,
315f0493a2db4a9580ea5b4138d008eb,
d4c48eda4f764fb1b2be9052d0073176,
b4239ab5ff444f849f55afc8ff9e23af,
3fd7e0044fda4aa2b6a5575fed09b998,
7d93468967b44551a8ec586a3ab31c3e,
015cd52c620840e78ed39742155ed1a6,
bc55e75dad44409fa83fa848dcbddab4,
8a5dca4e9f2a492596fd75d5242f5cce,
0648a820d7cd4d0e943b1b38ce7495db,
31f8b3d07e3f490580c7dfec45b3e56c,
4e48c8531ab94591a6a5e8f5480d9596,
7ee7878890a0430ab3faf6deb67439d2,
b12271af1cbd4d219837759fd4b138b6,
3c292c5c03654ddd9c82249a4255bcc6,
df8c02c119254b789b3464754673ac23,
c3b650b285b948788e5178e3f16bf63d,
ab7b53417b214a7783f718a8c873862d,
645cc07a75914ceeb302ce7bc3913210,
f6d5758a00b44fa79aa6210c5f28f899,
4603896db05e4c0287dad9fd4172d157,
02edebdea4bc47ce89bd02ea18c008a9,
dfe5c0cdff584b6c984a00a22bd1db4e,
0ce0d8f59150424d98d173fd3bd58dc1,
9ce84e5de56241e9a4b7541ecfb81ed5,
69369b29662e44dcbd1a20d967567a9d,
97d8a93adc544384ab8fb9b818fadd32,
082b4086117a423d90753d1babf5eb65,
c09ac708dc50449d82d750c39cc177c5,
023c3475e6834d3bbc38b7d95e222fe2,
626d576c837d4f18b0a68608eeb99d20,
9fbba09225e345c28efd12a141cafcb3,
ce8f916ebe294c019666f676cb8ae31d,
e9723514b90f42a8b36e5fb6cca8130e,
b7edc181d7594c88867473a3a72e6f7c,
ee28cef76aae4855997bc5b3e156f2fe,
82921f6da90545899ef13a0cf5b89569,
f068f94405ca4ddb8a3d908d010cd2f1,
a6994d130a384bbd879b345882794d75,
8b7b55efe9354abb95a767f361e1100b,
5d999dbcda5c48149311192fe869d96e,
c046ea18e8324ca38115afe3bb2a62f0,
f92dd111638c4a8fb092a869d1a77297,
5a1e7019c2694efbaea0f0f72a3eb46b,
832df7b105a44306bca3b87a4c7c8c2b,
e92e5e2a575f46e3853106fdfea4a934,
111b3b598874486cb1501e7de0c667c0,
5d3ddecb1390464d91525c84783d44a1,
d619e744c1dd4918ae907d9737194b39,
eabd57edae3a4b2e811c2c45cae47168,
49b7dbad359b46ca847369826a409bac,
f69824ecbc4945daa07daf2456dd0691,
5dcf631bd056436fa856b41185400ce7,
c9e5d19d116b4071821ca48fcd024f81,
643ba1d07b0c4ee4adf91b153d8728ae,
880111b9a33f4bef81991b3a52fd5986,
dc552a60e7e14478a867808b17cd6c6d,
8a61d9f6f2ed4a35b5d6a41e55831493,
e3f40a619f2f4b61948bdaa3e94139bc,
824f879bce7b4c49851a2231f4234ac0,
2333e3b3c4954726be64264c6c3787dc,
b642a47df90b4900ac2d73e582476125,
644cf922f7ba4fd58bbb88c25d3cc887,240000000.0000
44558a72ae32402780d17d1711f13b03,
0e6f348e7dd146f3af656d46e449094e,
13ea754f8b8546848c0e0adce36b9f15,
3f8f9e17e47d4a34a4cc03fb12c8d65a,
060bd787bd7944ebb871559e347326eb,
ba5ee390b08e4ecb8802de79afbd176c,
7d3245290f0248dd861671ab2300b408,
8e2b01ce9c0a4de2af95f8a6b55c725d,
fe69536f165a40729ab408a19c252e55,
1b85935491344a878380c7336ca2d4df,
2ba16914dd3445bfbe4e7a0e0559dca7,
40c7e13f016f4dbabbc16f80f084026c,
a5aa457d41f3479fa957fcf72f4b7647,
13d5c999f9814cf8a2182a1f57915416,
16fd3148a3ba4fceaa8afe725218bbd0,
b75ce64f366248d2a2da520ffa7e0021,
e09234fe28e7427581c6c344478b5c19,
c0d65b917fcc409aac8134ba5e40e821,
66ed26d762c94d0b99f476f6e415a597,1577000000.0000
ead04c79056f44b0a6150e6605229a9b,
1336ad16b2dc4a1e90bd0f6c8329c2f8,
73f8b5e85bbb4e79ba25246a5c0676a6,
10b316ea7f1e4a62b4ba53d84c5ba164,
1b39ba08c74244778ac829dac08947ab,
9013f50542f040bf87c3d873c30a3e8f,
cf8bdf593eb84de49e39d08740d34c94,
f06f644bedef4fabb992ba61d4e90035,
821536c5abdd433aab47b8cfcf45d76e,
eb26bec9f1494f86b61481c7392d1291,
67b1a48e208e4838aee440e832f166cb,
645ecc4c377e46199f036279b0246645,
405dd731bd0e43b9b3b8a8e00fbafd09,
4a8ef4d263d8494d9e8f0235ae5b425f,
35bf3c69a96b4ea78a57c81434309ee9,1713000000.0000
f8bac1b1a65341958d4e7fa3f4088c89,553300000.0000
d0af3f184b3a49019d3d9926c781a168,
cc743fdbe29b4ddc95bc06e6056599f1,
e0f5a5b25cf549788a9fe81cf25cf36f,
57dbd55544674d5389b9d4a2d4207c64,
6a23bea7422448e49f66ad6a315b715f,1678000000.0000
545964b76d4a45f6914c8cc1d1b33fe4,
49a5e6ac39354b7fa20a633793887ff1,
cb7a6e443f724ef4a2d57f0bfc2009ad,
05614fbb4a95443082b5cecffee52185,
3c6052e4843747ef9f1fbdcd79b63031,1982000000.0000
89013c293c904af8ae591fff3643c8c5,
d5d3af04d40d4ac5ad209fe124a34b13,
92db76bc5dcd4895b28a09c60812cd93,
eb38ca60436e45c59d65545e8c8294b4,
aa58a42ed65b4815b4b4a02f287c084e,2144000000.0000
331af255a6b54356b1f3427cd45c8748,
6668098e4dfe436ca7731a8f8c028876,
7c35b283cab8476597b1d428ae6e6801,
b566e9ad733a4691b58c251dfdc7c5d9,
7c719566fa424fbda7ec3e52ae6ce022,
29baa2942b7d4a3595e92c8735ebdd9c,
af2e31a4afbe4e4db3503dfedc0eeec1,
12394c55a0c540cf86d6ef627190bffa,
8dd8e4b0ffd34e1dbb60327cf15c2097,
d7e9b34f3e804dc79e6a6d732be4d464,
66e3b8aa91c3456e8f140c04f425b635,
d6d5febe678243cdb8fa4bf01a50a523,
423bd3231ee44c8c9a13dfe7405a91ac,
3eeb7cd549034a59999907d8abd0fc15,
2022449337504844b0edc02067f2810c,
6fb38e37640e4b5cbf1a00f13960d4ff,
c518ea638c96430889fbf629e2bf51c8,
46007c2278244db299bb454a1d2fa3a8,
caa26c2b678040fba9c77c07f190683f,
188e69628c1a4a8988e523de2839c0c0,
f63d1376ea404dbe8a8154a83afe6cbd,8000000.0000
15f98deab9934a0eb4152421f9b5dd78,
f2ced1dab4c0404181ef5da8014d087e,
a5067ca520a8468c99c40071969cc0ab,
b467493d0d9e45d19d3a7799c77e1b97,
266438aab3fc43238362a07a9b3f1fb9,
604e01ac142043c987f66095ae7e1dd1,
7422a54a323d407bb338f7f9f6810bf3,
6c53a83bd37c48d8817c522cc5372205,
9377f065cb274082b85e47aa3a65d46c,0.0000
9192f5f83b66450b867b0074e4f83ae6,127000000.0000
46ed4bff06b241619ada0854ca22e73c,
a9f461d2aacf494e8b4e5088bf27bb57,
355109d2d417446ea55cd7349ae28067,
af6bd4aa842e4cee9afd09a49d80e4cb,
0f1b803da11d4d18a6ffd09cac63ec27,1590000000.0000
bb6b4b9ab9c54910a5ca1f725147d09e,
8a2baaf6f29b42f9968c8f3e6081f262,
5925e47c7bf54893bc542ab77a1d11af,
6bbe0e8e9e1b4b3fa94c46f78b58ec1e,
d30c526227cb4a349cc197c964cb21a2,
0ed763d7475b4c5f827a1d1724552a8f,
0f4027ba28eb45f782faa4e50e91a502,1811000000.0000
1135ffbbd476445096485596f088a556,0.0000
7d6c49f8aa0848ee88774f670ea057ab,
eb53de84fabc4bfab1cc57c7ef830698,
54d65d72fd44483aac8dd63c359c6397,111478000.0000
31778291b4c346b98ce30b33d043ef9c,
8584b92fc7d84fb999cb7e0e637489ed,
90b58a1068bd482291519094a03f2c3a,4630011000.0000
187d225758d94bbfbb167f7ead93d397,
120e58ffc5334241b06eefd158517e93,
2839751fdb3f4cb0a1cce127af734d50,
95b301a8e6334bdaa41341229f5fdb74,
b8826d8a97aa41f5abf7c28df62e0001,
21f85fe231214af8a64b30dbb7f4a72f,
a82b08efbd4e4a60b764c1590d16f370,
62579c0ac9df4b60b35f9f3cc1f05980,
c28d21b273d34f77995278e5e097187d,
47b8f741f91442f19e18c2577f35c31b,
ddb6ced5575849babde01656edc8b398,
d50d585fc1024c08b2675b489059d568,
18e4be99922448d7ba6f009747b34804,
af8dbcc9e99b4ef4afbe899245a2314e,
cd666f337b5044798ee45abc1d647c21,
43dcedb051224e6a82029ea2e6dd6b5f,
fdcfe8fb1c42470db7958ddf07d1c8c5,
710f3249cc614a82979d31a1d7db2557,
cd2d654c0866480fa9e5b1ab3f4b516d,
a5043eaf4e314f258c927d59ded49d8f,
495d88cc8c2144bb881cf715df2e4576,65959000.0000
3b2ba1fde6fc473a8b617bc4322b5342,
f9de4ee1da0248fc93007c43552762ce,63229000.0000
65818aec1d7b4f07a859bcc578667bf3,60621000.0000
edccd51c62d040a0b0e858a494a88293,
cbffcdcf7769451e8a1361cc8cd3ea49,
76ff2bfb1ee24e1e95257045aea2ee17,
be675a55b81d499f8286cc7ab9b2ae80,
56bf94cd720b4e53be24d45907e6fb49,
c75140a4970a44539c7556652f9b9e20,
2e45d3f7e4cb4159b5f87774ffe3f162,
b06615794fec4df896e66e16edc0535c,
ddbee4211c314ba186dc23d5e5751623,
852e0e2897a44654a9cd4ed52f86e041,
0d90cbe01f584bf6ad415cb6406250ba,
03ec54df34214e108849d230e37e65ce,5900000.0000
bd36e97bc8ec450ab0a11e4a1aef57d1,
a8cadeec82d34c1b9a355634fd84fe00,
a3e990c280e643f58f7ae79e3774e64b,
ec0988f456f145e99a06677f2ac86a6f,
ad05bb3c1a27468398548abfa8a6e890,
9f8872d6ad0542e1a83b4c09e2e8ec45,2164000000.0000
f5b9700b96114317a63a53733217a6c1,
2bc5b2af4b7241d59980eb8619295838,
94dd0c558e0643dab22403f444cefa02,0.0000
a579a17b892547199ca1792afa3c862b,
81f6eb7b54cc40b1b29c3b48babd98b0,
f5987b80c74345e1a4c08b89db39c08b,
01be04a44e1a44dd99dce53c1638748b,
367f906110264e26873525604e3650e3,
cecd828a810b422c97c3161a02a97fe4,0.0000
c73163a9d0e14baea6939fd0aa190d47,
645701b2571d4bb89a12cc63e5bd4ab5,
6ace941ab9c34af08212192d88235df9,
84255aadbbf64dbab9f108036eea4f3a,
1fce07972ebc4168865458abd0b264f5,
5af62cdd54b04a01a848cbf93562cd7b,
08bcedc5368b42a09d91081b39a8d423,
66f36e935f1049c995a23d89a2ffad5f,
abc9af1edc954fdb8961524ed45e461e,
6f10489936e14185ba02d0fd9aacbe3f,
bad05b0055f347bbad454ae6e4a1d1a5,
bfb04f0a61974ad4b160798789016c74,
7c191c61b10a45a1811059c82f0b2f15,
e25e1ebb35384f8b9413d070241c8142,
6df9cb55549d4aa1a433129a93869a99,
f7eddf8393d14ae098db97860b2dcee9,
277875d06918496ca1031a7698f0e14a,
f19800a2c8b547c7ba5489ac9fde0983,
8a74b28848da47a484c9bdc20a943f1d,
4fa90526b82547858cbfba4a8c5e9b0a,
e1e89bec4b714b6d8a75c5b22c002906,
453a995789c74b76bb038b5cba471f86,
14decc11c82e44e2bb09adfa971a4d9d,
4124316b4d5a4bda89b617881e1e9986,
3ad20f4b2cde4383987b276d052c9ec3,
c4c4943af5bc4707abe9ae51e5346ece,
51ea48601f7f44d0909fe976e33d5bee,
a63bf3307ebe463d80a424b1f0cd7154,
467bf5523ccc4791940ff82de5be25fe,
b5641ad6ea2443dc8cc1ada7e569a1da,
55d7c8dd833c41d9bbe3dfd4a5294567,
647e84d0e72948e5914f16785e69a93d,
b4a1efe3714147918e3c33d09a6960ba,
88c7ff38f48a4166b4a61c9b94195901,0.0000
5ee60db09e604364bfa3326d3b428483,
b2975f3be6924553acd11b00294ff170,
88f7f41bf36e4aadb3b2497bb203f592,
592aeff25b904aa79abf7a2893a38ee5,
648214c6971a4435b6a997e59d7893c9,
bce028ec32af42d9a0d9e4903c907839,
37bb1e94d58145008d153c0e1839ac15,
7317de84c3314d5e93001728c55cbdda,
cd4cacc1ee0c4296b1dbe1a50f69f9df,
dbf48066fb8948898e8e6c28e182bfca,
b3c81b1e1a9f4e9eab8dfb34210bb973,
9b8ec36f702e404c81504cd72c1e78d8,
5eaf8f6b6388462ba05845b21e54bb80,
5498600d7fd34d79a0064eefcd827cd0,
cab84845b40b45d79407e90511af2247,
cfb76022977047db8d64193880076d60,
6b7269fe564340cfaa4bab327d6f3af7,
f6376616674d4094b5021cd875c4f3cf,
4063b3be0def40b09a649f4dd6c9953f,
2275be316c7e41d9a5a2aef0babd6353,
b260698815364450abcbffea604da3bb,
0aef1177ea4644abbf393e78c87614e7,
07e14020377c4fee82dfb02997ec8fa3,
254920803b36479aa3b0afd5f4910347,
66324c9bab9e448b919224ed43b4514a,
b951184dd86243c4a7feca3095bcee43,
bb22e47a6a8647ccb0804150ef9dfc79,
847e17f7c91242c1be217f0b2d335859,
c710f4bc8eef411780d7357e36f3081d,
d5ae2534dcd94a20b46a0c3a55af4cc8,
7746f997b3a5460da8c362e490bc90ae,103193000.0000
a0ba8ccac9534e038e3297a272821bf9,
c19afe6fd794417dad65c0dd83a0c044,
8f8403e841774929a806154ca850ca04,
7f36a9525db147feb19a74f5c681159a,
878e7a6e8cb8492f993f88c8894cacd0,
2e8a68c450544625bf4d47a5584fd531,2457000000.0000
673220b747864813865e39d0efed6cb8,565600000.0000
04cb6e8b52e74e6296c934434457c4a4,
04c405213fa7454898603d1e4651904e,
a57859ff2bc14a1d88fc4d48a4732a7c,
98709a6503e84cddb8d25239287c108d,
2f17044f45224dcbb6efcba022232fa1,1689000000.0000
0658a5ad3ad04865bff75226ad69fa26,
29298e5fdd524b6e80cc49df78415bcd,
818397c025f94189ad81fde7f80b0409,
32dff75357a24e9e82a01f4cbcd3d0ce,
9cd0c313baa540a79e12df08e78361bd,
3d0c389c28bb4ee393146a67b206c56d,
4f52bf7f81904b9a95cba7523ba9b0f3,
f88511b664424df9b037c0b73ce2fc92,
ba99fd0d88c64b258a63eb7867830e92,
756eae8b2b5a4d91b263297d8e6fed25,
6cd28b9f196741b9911a982f00a298f7,
8c687b577a1944f5a699a6da7888c30e,
48e8f91a65134529a95ab35726736b32,
0c3c8145427f4db3af1d2ee9f9e69edd,
3291e12f35bd4e18a3f968c5f203b092,
314e23d9be7b432aa9e170c1e0641e34,
95cde936e9e34b66a6140b762980dfa0,
86629995128840759fd77fb83cae9675,
b9bf8488df7d4655b57015eca599690c,
d61c79f2764c46e48994714a15c4e14b,66900000.0000
7b76513038c344efbb0e2fb9517d7900,
44f96c51f4cf41deb91868955acee9cf,
ac4d5a7e459e4fd2b99979ab5d9c9dd2,
41daadeb3a7048fc886d0d3ddde58544,
3be4d3c26de448f585c0ec7598931ab0,
b33e1ebf496d4685b0aeadd0a0ced463,
d1c337c563da46e2bef8420a644dcd14,
eea45da5776e4013a1133e54277a9724,
863ff7d00c854f2383e0ef88975f04b3,
6e7ac6ba6df844049760288a85fe2430,
b63be6c118dd4683adf8b5f362cd93cc,
0b159ab268234123a1146f641d7c015f,
ff2d37a64cf24adb9b7ef17111cab8af,
a67164a04abf47e1babe0eced10db252,
21bc9cbcd530425b8d991112321c0a4c,
8f1b8492ccac4a2ea59b5388655b8d77,
c9000bc109404d20ba684a394c484fe3,
ce938bec61854c6ca4969d42166746bd,
d51a169bbfec4774ac4e0df1ec77c2e8,
fa9c86fd05a646f7a30f482ec1c70b09,
e5d1913c45ba42e2b972e4dc7dd7a834,
2baed9539e504ce5bbaac629ded4dda6,1606000000.0000
b7cacf5d8e724eaf91c34cc24869bbb0,1629000000.0000
6d02cf93ffb443faa4aa742f1ee9b9e0,
9e0509ca802441f8a89ac084a3176e25,
13fe7f30db34438b9cb9f889895d801b,
2280ad8494db4156987afd137f5ef9fc,
a3995d20d05e49ab90115e8abcbc4647,
c4e728c9b88e4ff78cf7d34e19af6dcd,
7f10fc7a13c24c61aff921b6c8b015f6,
fe67aba8fad54d68bcb044801c309e97,
3a7b12bb88c945aab60e16f10a382752,
85f9362db135403aa171f18e608670b1,
764d2ef9f9424e2fa4e4180992751ab8,
6d4fd011793249e4bad219586b2a8a09,
d528f5c2ffa94cba8341ea2322727bdc,69200000.0000
fade44b8602840b69647fce2e652db0c,
e04a937b7e04464d915314c86ca42561,
2ccbe42f7e1b4c5484c74f1e35856360,
fe7bc1cfb909436b9c1ca3ee72f59fe8,
e3b4353b225f4baaa94068dc2426091b,
f6d6cfaac6294ea681dbcf1f724cdf69,
e19ef110aeda413eb609ab34a8c5edc2,
dc19493117674852a84d43bf2b4cbe21,
cfdb9e52bca240cfba68cac2b073fc69,
3f847ceabaf74193840b0ccde7002af9,
d24dfd5dcad748cfa1284467390d058a,
085081fe1db34ac88dccb001b58b82b9,69700000.0000
de862133c8db4d87ae92e411c43e10e1,
6f369ee50a0d415c975b9d98b92f01af,
cae82fbbd63c4326953be28ebf8d1dd6,
117fc92ed28f492e80b0ac6fc0e2f959,
d01c4789f6b2440990d39e30e87e9b5b,122648000.0000
f651bbcd170840ae96010926995fc0af,
62755e62d527486d8715e79d1be49741,
17c9048100a2441288d26a0f7604187a,
61f0625aa1d34879af4ee9f225e2c39c,
7fa7510a696d4062968337714defe885,
7e8f265034884a6f919ea58076a27d25,
5b59cab7b28247d39f4ebb811ad2bbd9,
af9900c1bf7b4c50896aa832a7e175de,
98b55be5f6b84047b2b9c9b8ba3d06af,
c32160cd4e4b4ba69e3c384702ad2ea2,
3176fa8cd0b84ff1b49f97feb988df2e,
427d8246d7bb4357ab5716ab0249e118,
2e46f9b06de04ffd8c9d7394b2015073,
db4b72b9102e4f5fb70c78ae919cf47f,
86f8265449d345868ccba8aec197e7e2,
7c389907d69144e3ba35f0d7c149c3f2,
ab2f394a9658408ebaf9dca089fa605f,
caecfc6aac82416e934d55967e4c0a53,
29bdbeaddfd448ed916f64c4ef53d83e,
2b154ea5dcce48a796f89ed6fb562d9b,13000000.0000
d7fa625a93d1490187c31c9652d2d799,
aaeb3d52371240ed82d6c3faa664907e,
5d6fa45c920145cfae210cacc1d361e2,
bd4a7d5964234bebb757aa4befe52d01,
e753035b78594a5181033b4cf15d56a7,
22a9210c46a64daeba2227e8d7d4482c,
7e22a0cf7b2f40c381b873aeab7ae319,
61055550b8c44c1fb04206855cb1f7a3,
b0b3cfa91f7c4d329982f0e882539f13,
563ee197058a4f7795b49f1239c588c8,
5d3798753c5341079751e77a2ffc8917,
b1b429ce767d459685617c6eb47dcbbd,
046e22e938ee4b04b099771d372feffb,
2458be6bdde44ea7b419b264c7c7de28,
1da6952a3ed54367b62a9554105fa327,
489327f528f94ba2909591d32753a503,
0c210032aa7d46c1b0259e3fa3d6ca62,
38732826a60a4fca814b06969fee21f4,
fe3d980608024f048fa5b1337d6705b8,
a9d7b7af72cf49f7b4090c73d87d77d0,
4a5f24d1f3774a04a442889772baf296,
2c72442bd8d44087927196ce2502260f,
71c4896d3cb6497aaa115e8b371fbd04,
f9c5a366d229479588ec6cd2101a3f15,
4f08b8ad67c641a1b7828fc60fb901b9,
111038fb0eb64455b5c6e43d940ea975,
b90d75bc9cf643cf8f2dfd8f81e3a181,
7674dcb1692e4521b592f90daeb521e3,
968e7ac52d164fd6af2257bd6183ce34,1546000000.0000
a2689b7ebdcb4b898d6a6ec0333ad5f2,
53c33b75f0d14a55a77665eb3c562612,
97f37456a5c34559aa5d3e8ab542fb99,
a1c9f5af51f942b5a4833d54a1018b63,
a86a51636d744c688e714d7e9bda2c5c,
23cb58d6d6704466aee32d28392edae1,
b12867560e1640d0a0b8b7de30750726,
dad9595e33ac4dc59df0eae062c83469,
126266e0350b473ea7ea441643610167,
3399d759e3894108b02dd845d5d04f44,
763b1960b5494eb9b8c44c686be783c2,1548000000.0000
88834ce9fb204da6832dadb16afdf880,
bcafa547bdf64598bd17818e02321583,
9c6537f2afba43f1963ff33b7e464542,
1de312a63d76425d982cb689fd42e978,
bcd6be35ff8a44c5abea62fc9296c34a,
bbff75e11d904dd9bb617008954cfeeb,
0c03afc72de242f294b9afe310b9f801,
403c5c039298492280b052f0e9097198,
7647513a661d4383b77e889ac1555edb,
185693ea2dd74ce8b0860b02b32e1787,
89b2ca4f66ca49a8a80c2748f731c2e8,
18b2843b7ace4dfdb05ec1b97c48c2e7,
f8c59e85e8f04dfb84f54a2fe12cf47a,
1756fe8bdae74bc890127b33b76e27ad,1936000000.0000
29e146baed45492aacf01725abfaaeb1,
6e7c2bdb5c354a5cb9594d21243eca65,10079343000.0000
3c50ec46979d4611a773991ac9649bbe,
08b5c646f4cd4c26b81d256cdfc82d74,
a75a5c78d5624d1bbc1e239d5d0f1f2b,
172c75b1595a48aabb88025eefcff9cd,
ca097e9a3ba6414dad5cb09cfe3f80f8,
07ec5587065842938e026dc7e92dba79,
8b81f9d35e6c47ea928fdfcf914f5501,
5bdcc66144054f39bb33905f18f95523,
5a8944beb72f4a6aa6efc3c5b0150fa5,
b593418a0d0d4e88a64774463f9aa6a6,2646000000.0000
ec8eaef33aca4b4aa196abedf439017e,
b1d45b48a7d641ea801402a991e93610,
39d4c4f2522340fbbf325fec025bb21a,
70210e90266f46f299cae8a13d4dc7c2,343800000.0000
1cc5c7572b754900bdde576251758722,7821381000.0000
8e64bebec6ea432996925415685e8994,
6452e6fa7c204121b6fdebe28bbaba53,
12443dc6c73145da8236788246939f5d,
b7823ad34edd473a86289ead1ff92808,
57a9131a5bb44cfbbf923495ec8b5a5c,
789def0e124c4144a51610db990c3aba,
72b83500f3d94c0f93a95a2b4151e6e1,
f02dd624bebe487cbe4d171b7372220e,
960bdafee7e94522832d3073ac0c01a9,1779000000.0000
3b68cbcdef4045949720bdef50438c04,
dedf5baa2e8d425d984a19371694a194,
f2688b165e834bf58eb5a47643ba6bb5,
70e6440e0eb447cf8f7472ea3e5eed2b,8005617000.0000
f5aa5c23404b4c4fbbd9a78514fa700b,6766472000.0000
6533905a4ba6426ab2b2972a190e4d89,
0917ff2eeb5a49a883c1acc1fa3ae464,100791000.0000
7e383876bd9347b1b49724ffb5af612d,1552000000.0000
7416479e461b4f9581ef68d17266e944,1779000000.0000
ad5f22a8508d4f91ba7af7cbba6a9485,
690b01c5410649eea747f1d8b0bc9604,
486646a02b9b4631b97cfb3fed8ad5d4,
b02a13ec59d74526b2ce2958452ccffe,
95447ce222c3483e975a1aab12fcfb8a,
66e9f48e23e04f07978ecd0c79200911,
5e1db5f23d9245aabb32c545e5691aa1,
ada986a1bb614b16b7bb6fefa66a4503,7256404000.0000
f3c3c268345e4c5eaeaf4537e694ac46,11427440000.0000
6222f59d771044838b5f830c51d5df87,10805521000.0000
1d64d2d78d27424bb3ab993180e64451,
ee7a3171776141d6b7f7a2aebe69c296,
074c3d1e0d84497ebd881bc873cfcc88,
e391337777a041649fa5bdbecbd49319,
8dc5d213e82649ccb0d2bfe90c82f453,
45b48de54fd74a4985aadf7cb65a94b0,
843feaa162714b7f91f973bfd8f2ac04,
0f847afcb4df4e438d0087df8d9359bb,
0821ca9cdc83472a9e033668b3dae82c,
ca3070d5e2104d478d2766b7b613b862,
48229c1f597e4734881ae4c75ebdc851,
609ece27d0484d9882dffbb8658d8484,
ddba801e47ba4599b84e1a986ac17161,
8b3cc9dc03b44135a40f219e9997666e,
8ffca123ffa0486e9fa40f96ea141ac3,
0d77e396565a4b67b9f45114a1357574,97501000.0000
ad3049efe6e84e7d83392b91b22cb017,
08f35a9b13a240848991cf490761b238,
584b70e1e4f44712a89979c0204c46ca,
32c883d86bbe40b0a50a882c4a2f9e5a,
9cb08785a4004de98e9aab2994898003,
c023753681334bc5b0783a132c5ba13a,
c27114890735486bb877eee2d32d9905,
7abc3048a0d94d93a26199f938c238d9,
6e98c9160ec34fe5be786d445ffa49c8,
8c47b8679a624355b9d81ad72bd78ad9,
a65ad816550245cd9450c24491b9c390,
06a835f582854b2d9cd348d41dff4875,
6086086370b947308a96b14d77960c07,
0cbdae574005473e813676e05c68327f,
48082f123ba64ca99fe0e6d316049bfe,
9026dd3c6fc14cf8845e225d917a9c0b,
43f7acca5c1344daa8866aacfd9649ba,
c399d08a51a54ae7b3adaca10c9736dd,
e12cd2625c2c491887c1e06fa3c66fc5,
72c9f4aea50c434ab68c546ad7221f8c,
a7ec529706a043d8aae0b507ede3d67c,12215125000.0000
9b7cbc0ed40e4c1f815b86ef445631a7,
06c061ea7d0b4f90baf23fc1e6a0d695,451000000.0000
6e2c9786c38546659cf87150efed68e4,419000000.0000
5b465b309efe4d1eadafc42d9e2464d6,
4b31d68c9fcd4a009e07dcb1b71fd44c,
70a4b0d8aa1648c294b12776aa52f7ff,
cff3d1693cba48c0a6db6ceb6cc61fc9,
463af223666f4a40914347a7aa3b4ddb,
270fbd291cda4f2fa716365712e97fff,
d42e0f54d37f4c15b6bcf6543f6f0f13,
009dd2891a524a9a9c2722b546cf91d3,
19937c50457f4ce294051ab56f77d365,
82f5f1cab42a4a3ea427c47f8792d739,
707fba044cf4416f9fd3aaa885c882db,
03043ceea23c48759afca17697619e18,
9930a67fb19e4aa1a5f19eea69eadd6a,
2f3d8f4edb6f4e83b990a0eacf925fb0,
eb635c7f8ddf43eab12ffc0237795783,
e9b0d48af04e4838bdf24095731f3fc0,
4eb98d76379848669b2c26e807d38dd9,10310150000.0000
77a1a2008d6446c3b9dbfc4207c135a9,10310150000.0000
5137ed08421a423198fec7a4373a62ca,10079343000.0000
e95df5d696ab448b830e6a10e903d6ce,
72e6fbb334104aa0bd320fdd4329941d,
5842d847c2164bcf9439d814ef48d42f,
ff41c13005e44c5493aefbdd2b5dfabf,
0314771535cc45828a19890f5ca4fe2d,
7bfc7d4800bf46e58ba31f8466c090f6,
c4ec39bbfbda496aa1c7b79daf4bf6a9,
e41fef385072460fb05aedea05906064,
24cc5f5a7ccb4989a8959293a5fbdf5b,
696a562b544a4056babf9d98a630da0e,
2bc188ee869e4b938ec519168d8182d2,
3ad8f8c43a034601b76bb1cfbc025875,
099c94ff92db4d4d9ccbc28c342bbb1e,10481295000.0000
d277cf1be36945feb38d5fbc1a045443,
e5363945f8ab49b98c58029dfeb47c32,
232b8fcffdda4b24b5092673483a69cc,
866366460b054bf8bd9370d651ddba0d,
40db233836f44fadafec172dbbb913a8,
f5faddbe3a9f4ffaa0361576a45d2fcb,
e9d5300e8a2d4cc59741c7213341a040,10481295000.0000
a58c8c3369654bcc890f55f92f5e80c9,
bb8e6408acdd4eceb1fa00791fe2643a,
70a3e21ef52c490d812aca8a632152c9,
82ab14f53094449d8361202630d91e74,
a13c72c5dc674e8fa359a6f582569771,
a944a5d57530468e82dfe7d83e519652,
a53a551fbfd648c6be76039107d4a335,1617000000.0000
9cb2de41a38b4f11ab6877d5b03e7333,
10012acf353147428ef57af3a24b0cce,
7bd9f62a91e2448daa68a94c63898be4,
5fef9d28bc1c4786a19d006df123418c,
53b8b8ca1d3144a1884d0f844feb025d,1612000000.0000
5892081515d6479083fa880f8f35482a,
40addf11d9364a02a3f2900d683d1ef9,
646f9bbd673d4c54a3938ec25687c93e,
d0790a5f71e74684ae043713b0085456,
38dd864d7ce14215b2f1da3182d5c5f2,
90ce224b21bd4e7ab88d597f196e7adf,10328838000.0000
302de0d8b9ef4f3c8fb47506967f6b16,11492706000.0000
89906fdf96684235aa707ca56d3542f5,
623be58918cc40979e0b269c5970924c,
af661fa6ffa246a1a3966a735fbbb602,
24de9d4bef7842e7b4db1751778a6a9e,
eab5059820d64e8ead137e0a0bd10a2b,
91ca4008539244fb9fbfa5a72e7925cd,
2b36c98bf1594a83873b43fc533aae2f,
9517953cd3a3459789c692d4c05b3b66,
7b87dfd3d2834516bbaf78b70f748e04,
eddc473a12f743d382289f219ea04725,
b736c6dcba274bbcbbc5e58b3ff44aa6,
f91c48206db74d7fb36183febb1e538c,
bd36dc3062ed47a6905476d8e1886bd7,
970a2355534d49818921f67e70cdf607,
a244279f43ec441ab5e0e3d057419116,
38ac30c7a06a499c9c79cc3708686a48,
b19fef74a02b4b1e98650c85ca10c353,
0c771d3a45ae4e19bbed0d3a790627c9,
0b22a1c98c33449cae02b58a7ad19d15,
734cd03566be41d58f24cd9219b1085b,
fa5f030817034f559da22baf7fd750d0,
f18de37c7663482aa250d20aceab102e,1712000000.0000
a4f9e0eb1d7c474f9870d4b5c45cf8a0,
132b3e2a720740d89c758757399f3d85,
46a7db1d420a4030802a31f5ace65086,
1ae0154d55414b22978f7318490d600c,
1019f08c5f264c2faa98e4dc005eb120,
00d72f342acd4a599fe3eb399c0f10d0,
40273fa9a5ce4c86b6e3be9c2bfbace1,
ad5ee9e969cf4c15b1a94c443601679d,
44adbe865938438b9e3ff9b33b553251,
57179a16f31d43e88fa72840c307d397,
89958aee5b4942c69fefa100d99d9268,
e7cb787c1f51484c91ebb3424f1b1f50,
48f752d2b88d45f58d1e35a3fb1672c5,
ee9ea8c4417f425493c204b4e1310427,
ddf184fc2fee4ac089934b4f6c20b5be,
6d05a2c0c4cf40daa5e502db80cd6cbc,
59988bbcace845fcbb1f5a610caeab12,
b86d87fd7f6d484093d17c810dde1d40,1038000000.0000
68bcd18db9d849e0906508c6475572c1,
b32c69e1375e4bc380afb0a3021ef5a0,
26407ddaf5b249f78f042d01f464a07f,
2f650e1b5a844be79381dc8c4c303f29,
5312ec5fb9d64c63ac0c8b474c57509a,
648b76bc85fb481db82b78838fb75acc,
a74d28b987c44b34b7de09d7b3461dd7,
c5180e714b2c4c9ba9969f212e34fbbb,
15a417cdbb2b4aa6b1883417f8b05e5c,
4beb59d3caeb4d1b882297954cd404c0,
2a5d5810eed64b1d9189e70d3f399ec4,
4daf8e8f09af4d65b7bcc2a2ef80a29b,
3ed66125833c4baba1b6ed1d5f7893c0,
8c01a1ca6d9b4150b6e3848da7fabcd6,
41e541d4bbed4901a8793eb05f1c7c10,
756c35dae53947728e53a29278edca55,
4226ad1ccee24e419a735c8b6102829e,
8929d1cc9543463eb912ab7a05b3c2cd,
f6b6ecb58c2747d2b1fd858403ae9b40,1767000000.0000
cb1eece7bb8844a4ad1841a133ed4c03,
06581946e46b433ab31973dcdf3ab9a7,
d89c9d9e53844b05b48c5c9d48c6791f,
e7f1b8258f2e476091d3e279ef1f0972,
588824f72b734c089d8612350d7440fd,
427d71243662416794d6904e4d18d945,
b89bf50289fc43a19ceebb937af6fa05,
c7621f2000dc4f0394c7b50f5a2bdb94,
042d67d832204a498feccc36067d7895,
97b2752e42df4bd69619eafd69ba1aa1,
00692b45a92d47189ac61937f908e95c,
3a9aaed9b1ed4e459a6ceda989725e0b,
865d71112c5c4aa0b8038609c6fdd443,
bcb3bc206b36494da16f7bab8e92e9ec,
f76d73df9840436daf8e73b910b69e7c,
a55b833fcf344b94b5fba9ccfe990537,
7de418dbec7247e1a02285031190089b,
c53d1752476244239f324498f23ad318,
8d62f338cabe4c27b49fbe70c59f4e98,
3d04e80fc04d43a09a0d3b4d9cc5bfdb,
8430237bc9304a02bbbe2f6b26d123b3,
3b8d40efa9774501b231bf73f3d00131,
2c7899406cc94c7c82779604c0318361,90225000.0000
736efa319d3c40d085d85d0a81906913,
af2e824f10f045a485a3ac86a07f61c8,
2699ef3583114ef9b6a67ed5ff43935d,
8cd5c7a992f44e7cbfcb8dadea395312,
af1216af11014f91a258a42717b0d2fc,
298a7852a7a84f09a7899888fab6bb28,
2dc379b91a054c038652708754acf005,
47a26095e6db49a982908053facc3aad,
bfb07494a90046d08fa1a84ce91aeaa1,
ed7da7425de1478688ebe6ffca5c2c3c,2349000000.0000
67fa3f6b1a744c26ac2add39dd79e8c3,60253000.0000
300c2ad6a9384e4a9dfafb79042e6c4d,
b510c58a8eae4b24b616e50493ef9485,
fc11995baff741a0b7804698bdfc3ffa,1808000000.0000
95410c83686742f3bdfef89f315a13c5,
74f4412f59c64100bb7359f76d84f6e4,
578a42c8c97b4465b67b693281acc0db,
4d1266a59441486b9acc7f080e90c2e3,
6f7ecbe1ba6b47bebcb037591c30eccd,
94ffdafc978e46568a5b7c8096f414f2,
80ce1f852eae42ee88b047ad8d4afc97,
f5530eb70c174d419714aeacc6cdc3cd,
fd1e95a685774941a447d926642355fe,1857000000.0000
3d54f3cd71fe48d49dd5109453d81f94,
5c8a1e3d6b934d4bbef6cc2997d1eee9,
29ff7823faa344fe86221b6efec725aa,
b4f1199381344975baf628fe4af4c1e8,
55b8812782f945d5bd0564abb89b06d3,
502e8af7d1b04f5893f530492eab0ca5,
bbd4abd2306243bf9c7c4039083caa86,
6b72791d7f934cf5b8189d0bb69ab912,
c0e92f98570f41a59900f524e3d8f1c5,
a1ce2805a6bc444e80ebd24676acd02c,
6f7b180df4c3482daf1cca2cf22f24e2,
2c95c655688a46d29e3c60bf969e4b2a,
189a42713b6b42bdb6ac819e27e5cd92,
7cdbc925002a4170b8e98e26362856a2,
f358a200304e4e6594933dad842f2b45,
fdae16dcf1a34843a042aa1d23e2a0a3,73039000.0000
a3e6ec54a8d74c338f0257a1b28e9c74,
6ac17f6d7a724d16adf52917a3b68205,
209a3aa31a214dadbcb65a9f077722b2,
85b651fb5b3c405792b631a3cf2b1402,
251226bdec9e40e2890967413fcec0bd,
810a387c6a2d4aa4bbfb45f36d2603d7,
17e21aea552e4e3298657a1858ebb6b4,
b7bdf7161ff74a65b3b268428f53d4cc,2306000000.0000
0b6dc22dfd6644c99c32712392199f97,
267fc9d04b3e4c2692674bdfee05b8f2,
08895091efd745078845f4b6e7d074fa,
48be74cb19714c57b525496443f6514c,71100000.0000
96840d8d294c4df2a73b861429ddb6a7,
90d3aa1fc2a04d5d9cda8c21ee551d0b,
bafe537a23f940d99e834fd829c6ba81,
498deecab16b49e89eb261a768ea039b,
4a739bc1c2b94ae6b56c2d07276dcd28,1717000000.0000
76406f8105f14f92b02504599863b015,
61d40d81a11c4c349be8af5e9141c11f,
4729f72a35e842099359fac6bba81a16,
45889c79a3bf48ad955c34981a0db5cd,
40267b787a5e40568dfe13e18e75d8dd,4889000000.0000
4523fdfee641490c8c13d3b4fd2ff497,
9e015a7ef78b40f6b15bb5538984528d,
f52eb2dee4ce42928c9736e0c9aba302,
27853d8dac5c4ac48090e6b8d44f9dec,
78d7ef1479c54afc80b179f4e7d08d95,
1bdd983e56ec4de78c4f602b7bb8ee82,
f485bdcab8764a7db970505d7f3b98d8,
a097a38bca594a5899dece35b0d0ddf0,
a8aef3a9418c4d39b291481b46e42df4,1739000000.0000
0d0b73e9672b412d9881d3b59feed81d,
ceb2804ffeab413180a2c08308c64662,
b97f21624f204ad0884e135010c668f6,
20acfc2193f449ada9710812037e4e30,
7168bad5cc064023b16eb6f4f26b80a2,
d284c535480d4359a5c9554c3cc36956,72550000.0000
2da6f42d2db54376ae11306279bdef4a,
f3777da32a7b4207b540c90eceab0cf2,
95fc217302414c21a30807c78a05f734,
790dc65e62d0450fb4e9658a6ca7b208,
98393bdc14fe457a85560a4c273381e2,
b2e72a5bb67f4364b8ecc60e47308566,
c0923e8b9fe443918969856b1f1a32f3,
b55e278360b7484f9bdb4e7efed87e45,
c77d956470944b1b8f9555ddbe7534ae,
8d3b4d02fe46489a8955d871ffef6f95,
f1bc255393ae4079b54fb4be9c12a3cb,
0ae49f29b2a940b08935d2dabdcd8665,
93c88fb4c2be41788df8a0d3b466b0ed,
6185d61be1124e26816edef25f198056,
62217eecb79440b88df8224aa8b590ca,
0fd9e61adeed4b23beeb12edb7082699,
aa1bfcb22e6f46e39116dc6591c55b22,
9ceaa63c613e4ce1b8a5cacfe8c74a37,
26c90f7b69b24a2e902a8cc38b79589c,
ed6c0a9145d048eda201a1dba1f0a368,
325dd8257a0a4429b762d5853a9a9f41,
b2a99c00460e492aaa1b98e342dccde7,
81f8f8aaf364408f83bff7137c8f8dfc,
10426a6506ca40a0a331d84beda75757,
21facf70089a4197a056772169bf2929,
571519cafe2c451db89f171743980645,
05da831d938843348cbe3127448d13be,
65cdaccdf81846339b4a8ab5bb60f55e,
444ea07813fe44d3b9e48c6ab3b0bfd9,
4104abd5e29e49d5a962e5b40fb023df,72550000.0000
69e0223d80234bf882336746e3ba43c8,
6126c33877034ffa9f9a412eaca19c0e,
fae27ab1d0e4409495f43b166400f38e,
d384656d461148258f9942ab067bbdf2,
bc14fc84279642baa501c7fdb5ddea87,
4525c59b4d7a47ceb3e58535a28daa19,
80dc09ed207740e0b07eeadfb2955338,
6e51e1ac1f404d81807825cd09acc015,
f90e28be64054e3f86bdf33957540fc4,216775000.0000
ae074beaf1774f43971a549d74255493,
8e5aedd013b14e14b762358a38705110,
764094e685b145558f0dec4e823924b6,
34b2987c80dd42e4834c35dc15a8048c,
0aac8d5e9dc14482a03ab935c7dd5c8f,
8e8b0f63bddb4243bd90317f8599ea6b,
6af9424f84814214a973d288231398f2,
bbba9f8b605f42689791aa150f013055,
2621ea44c31348e4952959e9d88e23dd,
7ea49cebf5d44835ae78a15950497d29,
3c2a03acb1784aa8b53044417929a395,
dd46a3d2c1fa4a2c95d053f9d395fd3e,
8b5e348dfe7540afbe754aae6a66fe71,
ff972abb129c4929b32916bbbe64339a,
2223fcdbbdca4b6d8bd2168d00a4d0b3,
0493e104ab0c4cc7bf92f6c143dfcd6e,
5466a231305e4a16941ed5c5b196548f,
c54d65c8dda940b9b7614e9be47f24c8,430200000.0000
36bae38b058a482ebabeca20a3c2cd73,
34b59d1053c04baa90c84eb6418c7319,
2d7560a4c3a9423583324cce7f905e9d,
5e7be7ebf79f46cf97c54fa337b60f41,
67ea567eb20b47a0bed1b8d039198c50,
a338b02d91e048fba7c3646f62dbc0f1,
6a615843a9b6415187ba4b7971ec254a,1775000000.0000
f75ece2dac4d48a49efad700bc9dd7d4,
9caa0db3f86444ad9775a067af565bb9,2291000000.0000
469fbfee745949fc917dee2cbb9ec33c,
cdb55b1f8dba4c3196890016a588af90,
90034843bb384871bc6db57fe3d88a2f,
f5bf4a7d14984e8e902710aeafb07ebd,
b85236f8516a4b90b63d557d5f6320fb,2175000000.0000
1edd25c35d424c719d3c86f15d2c33d7,
bab865682f5e49f6bba38591b4f9c99e,
59962213f88a4f0c8df656ea8faebbb0,
efc0b1f11f894197bba85f6491d9573c,
0227c7d9edd64d0daad5873fcab11205,
16a2944296bb47779f8682c52b513f88,
b70d8b51195e4c27b29c4c1f7f82a252,
8fb6d3666bb8486eaa3573dc30b7a074,
4974a586f2ad4f75bc6bb31ae4dcc313,
60e584bd428740b5a5f0dbf8ba19db5a,
1a556a4f387a439fa48a2d08b2555681,
b33b67920f504150bee8c84c533804f4,
b96ee05a1afd45f2a7337338998bec92,
f19ed5a05b25406c929522580ac36d7d,
34b6acdaef41490d90b0af879f9b81cd,
50cfdbf893a94e16ba97fedd24c4f189,2306000000.0000
e993da387fbd480386751f42c57c6f39,2334000000.0000
1a91b1c0d59e40108d4a43f78bcc5791,
8b22b0144ff14464928557af878dd79d,
b45f494d57ab4e7c89f00293ed79f728,
b437e1ab33a449729ae95da6ad4dd371,1469000000.0000
8407918fb1004023a12b5e5f34944f39,
cf69dbf80a7f4958895a438a557fd79e,
b2bfa22fced4463089f691555195f939,
ab027ed8835c466287d51c3eb17132dd,
602f0aac89b144008c675e2350f4f8ce,
65245c4404ab402ea49b9881d237bc59,61400000.0000
7af7cff6f6e242c68b51e58335fdd27e,2219000000.0000
0e7fbc6c8c7c4d4e996d9a52e6e5560a,
15a5b8ccd772424fb05bdca1abdc372c,
d1be070c6dfc40c8aefcdf04a20f3be1,
990835249d20440894a9f7d16cf9d7ce,62900000.0000
2b6f7b8d4ea84d77b69a16f708d16255,
899dbd0e9e8842a497152ef076a30b71,66300000.0000
b183702fe60d4ca6954bb478b63d7697,
c4f22f948b434397bd55646e61e16065,
2e2b638c3ce4448c96944df3f9643b89,
3ffeb6cea2bc40888393c96fd586d959,
ee97587bf36347a5890592530b3ae451,
26a88d42088b4ce7a53e44abdcc905f4,
a75942bdda6742d4af79430d977c3785,
ebec7efc3203445f9e2989469c927371,
02047db6fe98498597a0f4338ae4ac4b,
300b5d5d1bb046468ea4f926ee54c1fa,
52c3299138b6412283df359f241768f0,
1189cb7942484f8b843b788120cef07c,
2650700a538d4264a975e17daaef9ff6,
9c6bb80cf3144aeab678063f1a3e4aa7,
bc8523c5413246b1a81e1b4f17094793,
261ca961014840fc909c6ff7f06a85c2,
705de82372794546b11dc0003e7ada8f,
2ef5945f3c624890b47b254213301962,
1fd01b5c9d504e9ca4d2a022285d3704,
24b0e2de0df648879d23f9e4a29b91c5,
3ad5e0569c6146df992702dd088d7cec,
a5d23193b98947eaa0f4df5ff1afc5ad,
90f1acc32972477b8c4c319ae06e4045,
ffcc7de9e58241e5a3b538f411a48c1e,
36c56f4ebb1a4ee29c23bf7031fcef80,
2e49a5b19f9e4e5fba9d1c53ab39afd4,
21ad6266355f4526b93ed842bdaa3a2a,
bcc7f5d3fcc148089f809b846755a90e,
68715a8bf4f541a7a2b540999b5c4f27,
1ebf76976b6340ae8f93c28719fa6677,
1c527e1d8c834e11b6bedcd2da02f8b4,
fb75dd52b1394fdf992b7fc519bb57e3,
bd998efb1edc4c3aac6a161385aef448,
4d91e452384b40469b03e82275b00a6c,
29c391b1b4b84951af5f5c8c5939d9fa,2134000000.0000
f3f2d2ca469e46ffb42f3860d69a6c1b,
23e71f3f3f7c42eca24fbc87f1deb0a1,
c3e6a20ec2734a7cb5e340bb729bfc47,
0378f04e64d845608788f81bb8e28e83,
79e8cd69f83d42ac8e7c0ef1f6595170,
b7eb475c61334cc48ef7faddbac537da,
2f2c050123da41b4977ccdaf3cf0e8d1,
c161ebfab72148fab7d462c8db43fede,
a8cf9f8caa6a448e824836295cbc61be,
2c9acde7fbe84dee810dd3b7ffc06de9,
68da4d71dac94fb5940e356b75aedddd,
28c987c3c59147579ab328cb9fbf7c5e,
d5218a06fe6b43b4acef3ac607cef856,
f83c714744384136a1a6d2cc6a1302df,
20a640ae14854b379d3edb10e233bcaa,
1defe646bece4429ae2af970485184d2,
0984a6ce829a445d80b4f905f61cef5f,
abf980cc4d58433f9b7ed0a9dbbf2564,
e55bd225243b4abf85836667b65b4a0c,
07cebb4268f145eb82c547bd09b82a46,
d03608cd8c2e4a979094dcf761afddc7,
0d555841ccd74091bbebc3759cfb382e,
d0c175fad78a4355a9883caae1347b87,
cfd21cdb694b41a2bccca919ae563722,
0943734c714742c498e3999be1d90f96,
99d0fa9a2fc74d62a6a4dd80b5481382,
522d2ee1a9c84f9aace9ee242ae94aa2,
1cc76e6d9cb5464fad238cf3c75c9d82,
1e9dd72689084ca3b3c314eef2fd988a,
fb25db73b66e49159ad12a61d171f8ad,
2177aace47d24042907c263bbc6c2e49,
488f3ddb47194451b913fbd77277d420,
7dbde7fdbcdc4c41858cbb46a33b27d4,
367feb7f8b9b4208ba5f684c86798bec,
0e8a0b45872f4a5aa85cec8032abc920,
8616810bdef64740a1679cc56e3b5ca1,
ced0bf21355f4b55ba8d4c507159dd98,
ec76f59c71d4481380f6a6de84d2abc2,
af0e5f28dedb423688c3f834cfdea518,
eacef985d0bd4215ae189efc41b9e06a,
f2ba767f698c49b480616e51df76f87c,1761000000.0000
58eed6024bd04fd19fe78fcdd09a0ebd,
e29d59d0302543ca9fabe72ce2ff8101,
9ea253a180b646f98d476ca760b73bba,
06e3f68b06dd41f49402e93a8f7b4acc,
24c8a6b36dc7406da6de774991e10872,
f9ccbcbbfc13407f89995754defda626,
7340e32d37b943cd8ec890c40a14c252,
e0f9799cb1a5465596567ce8dabff5fe,
0c9f1ec9a52f402e83863ade13b851f2,
c8f4c56ca8a74453afaf8d12dfcc05fe,
4ee31a469eba47ee8100ce8fccd45f4d,
cd329104810a475daab4a67a4b10b575,
130f6688b80c4b4aa7cf89518531e263,
82ae2214d9204b65a20ed9ba616d6471,
8ae2b8a87574479f8111a1cf3aad325b,
7aed4f13ec324034afacef68fd3575b5,
9ab8d92725894cbbb0bbb9c31fbe5e5d,
9c2e1751e66d4f6f9a8e6ad4816bde6b,
e24a009d05f341819f6e27f166e010a5,
40b8211b0a074d2f97ed1afe8765f18d,
e10076b077564bab86dcbfdad40f86ec,
d8f16b54a83e47248915fe7f445b038f,
7467f999336d467cba260b8f1ce0e893,
78135ea86e5041c497ce17a09473cb5f,
a4ed5eb26d87476d982f13448d1c109d,
8c33c104bc434b05903dbcb8addc68eb,
1f82d772cbda4af4a55fe2195bd32fce,
e2b8bdb7155249a49b0f37a4872dc143,
eb1d6e7d0fe04fe9b1039a483a886a96,
585cc2de04bc45b7876ccc0a12336f34,
2fd59254c1874995ae6fdcaa69e2a82c,
63e2b5020be04b149ac9292ab95d1386,
0eed5ba51d7e45b5ba3ae90d1bd5a80d,
75dfdbd8ffe84a51993398f9a002a660,
9e8ae75426ad4237bcd0c1a919738776,
ac56ebad60b14ae9afc160bffb79a509,
179a939f5f7542909b15fb204854335c,
f175b3a649724b6a9a6cedec23f1afaa,
ac332af6c3074af6bb9907f6f69bd489,
2e58348405fa4ee58cf432f10bba9bf6,
f915421f2bd24c3bb71942d7697b47c2,
d0bc48707eb24f86ba8b595c7fc4a31d,
151a90754c324439b04da471dbb1aac7,
5dbb0dfbd4fa4ead8a877232af4d6df0,
633740a8d688412d94e5d32f09e9451c,
f58c2e24e7214786999dee4edc50166a,
d8473bb4f5b04cc487cee2d853e9cbb3,
60b5fa4f2caf4c84af03baf283346c20,
971ffba6a6ff46368bab85d74ae53a88,
578c035e54c147a5b83eeda3ca451f47,
c716ab3a51934cb4819aa5ea8bdaa046,
05e0ec1cc95c455fa1bea07c433e09a9,
4fa9f112387c4a589296ffb019183ae6,
3b41fb084f1143ff888e05cfa01b3034,
4ec188e30c364b70aeea49e38f976961,
af1441ad6538445baadd4c6cf64c2036,
ddd774aa4d274aa9a1ae18630592ef30,
c12f35940463416f8de9606047bab0cf,
f2b96c33072c4c9e8327c88edc3fe5ba,
bba752c3d5924c85873175f407f2cbb4,
b455a2ac4d8b4770950031ec71a3aaaf,
ade0584179da4581afacbab6f96beb8a,
5c7f011f346f4db586f7215bab8b7c1e,
791988e033e94466ae1e1b79467b111c,
d9b10ba0dce643599dec32047338c8c2,
9c826c8f7c72483b897a64428b4bd46e,
4ff952bd314d4f9cbbed2468da991787,
5155d5dc5bdf4266b2918a69efdc93fa,
c02cfff653934143883f9278f3630d63,
e857779a93244f139a9df4b1c1e16f5a,
6c229e5712524a1d85515bdce51b3b20,
e256190bb7014bac9e38eb4247657474,
a195dadd7d5b4a3ca29db2bda841a3da,
c554d0ffdb154a29aa4f304eb45ef3c2,
fbc0dc9c1da24c388ca7a45e4cf4ff16,
b43786a4154e413782b0e13ea318e79d,
4bfd8a5691d24c30843037979d7c377d,2368000000.0000
6384bb7b35014d4b9f61fa4000d42e33,
659c12bf6e224a9bb9e68f49fdba3ac9,
2d4e5c191c7a47039b198e448db8e09f,
ff9b292d8e9a45a98398ee8d8cce9380,
c7ffbb01eb564e49ad86666af10a688e,
e11248881f414e639b208b97a62f3b39,
b1bedc482b064f40b77a35d75d815e9b,
3dba3abdb9a248bd952b3765201e38f4,
501a2cfa4a1940c6b97bd74b1668a1c5,
44ee646c67dc4edfa406faa7179b0d28,
a10ff0a31d834b56b7bea5620e6bcdff,
eb397e1434084adea29f6e1b9bd60b63,
62eb35b181474fdfa7398497201cceaf,
e80165a086934cd6a2ffb1db450c2b9d,
37c7b6f400254912ad388186d854cd20,
7983bd1fda1b400fb390bd44c2f464ef,2347000000.0000
8bc69716b26c46e7a9dc1b24bb1c3d5a,184941000.0000
2035155658ae4714ba1eb7c651f1d2c5,
5b0f1ae78bd34c86b8c2926d9668ba0c,
6c3f64f607b2455499f745c8e2bbf624,
c07d3d20af6a4925b8b1e3674cc1a390,
aa60e88a98714b3584b340f80e15bdfc,
99bd3b46e5224e66b19cacf56975cb54,
ad6c953924c74245b990cdcc54bcd867,
90e6eba27dc04921a33a7d0815f237d5,
6355d58f4db04162b8a68a851046db75,
090cdd4814754a5a9b24a28f4c82ad9a,
da444d9d6485467b81b25e1cdc646bad,
75cda203fe254094848aced66c7b639f,
21f31dbdae7c471ab55fc18104ea88da,
1301f9631e3247ff985038911d90b4a4,
01dfaef23b1b463aaf76bbd031aa1cd8,
93931974b1124c8ea0dcbdf5e94a6963,
7af2d75dab254db29a8bb8c15ee55f07,
13fff7cda3db4455855debe38a70ba98,
4be0dc8bc2f34e1c827d46a9731adab6,
26d2ef6b73924ac6bbf7edd765a1e66f,0.0000
01139ba303594b3c958547fcfecee2d9,2168000000.0000
4470fd8a5cad4837b79a41135cfbcd74,
e65a49851bc64c1e80317411abd4983a,
42effd81634f460dac139bb0a4306495,779629000.0000
327d132846ac4ef09c17617191f01cb2,
1d09f834fdc94e958387de8424169adf,
5783a72942af40b3a147e9702e58a8c0,392680000.0000
12352fff25844d83bf9829bb5e89d03b,358459000.0000
e3287ab14443415e8e042109085bcb62,
499f215bc10b4fff96b07e99b02daa67,
719baee68d4e4563baa8e135fbf1bd31,
37ae9a30317c4c0f8564f36ec93b08a2,
1856f16dc00b4b50a718db1d36dff198,
c0d6799eaa444c4e93ae504fa2a81106,
956927b030e44d729b612c8c0fcbf190,
3864d3e98edd404bbd934ef647d2ab0c,
3a4e56be2bc6489ba4a93f8277d55222,
18fb33ed01494ba8a0ee3d548111911d,
58d050ff67374b72b717d76346124853,
c4f5244b1d6c470f8ac9953c8dba4a36,818677000.0000
938047cbc8494dfd8c40af39baade1d2,
304089eaf800454cab85525a43a19a23,
c0c7409718e74a0ba1223dbd4f0ff289,2298000000.0000
481944cd328044129046cf6f21816e5b,911827000.0000
b0e53972418442a9a41af493a5bb4e74,371698000.0000
f3535107b6cf42528f2d4ba1392ae851,344000000.0000
66ece17a7d0c4aa1a28ac17f13ed5bf2,381733000.0000
855a5a062cbc4aa5a07038cf311c1d39,374375000.0000
7fb002968f5c489c8bfc41d647937bc3,389663000.0000
909e5b5cbbd14f19884c70c3db654a87,0.0000
eb3cf1b00ad549ffa769e6db0f218595,1023028000.0000
ed9f913edd1c467ea31f95590bbeca37,282323000.0000
47579727f2bf40d8bac41696c795ff2e,
6b6601fd4e714d818d532cd03f608dbe,
9c738abbb1a847f3820f57a3c37b3a77,
198713df2dce4ffab7b94a20a67c266c,
3fa24a09ffcf495da5c0d876ea803745,1434000000.0000
55ad6c0575a845f880908c5bd28ffa79,
b46dcc97a089414299d4f6171b2736fc,
6521a350bced4eefa598ddd8b81efa3d,0.0000
f44af1b2b67a4c879664d1712901f2d1,
075b3f40bccc42fb815a6ef76b415ba8,2283000000.0000
201a8e8fd1ca47dbb2fd8afd0f4e99c5,402000000.0000
d3695733b94c409dbbb80265bd7d1948,500000.0000
b17588d6f6984bd4afc8e2946d4b133d,274200000.0000
07521da7a0e6495da598d8c9a7399280,174500000.0000
66c10bd89c344d0e95af2b6a3b58ff7d,999566000.0000
b8db68af66014ec6a391ace05440f843,
5b68baa8cee046759bb8e09cc966b4ef,
0899bd31bce245d1a91dd71299ae1ba6,
024bcde9c0ea47e4a86ea7d42364b0e6,0.0000
4ffa0dd077a74feb97b9593158a94dea,
bfd138deb0774aa9aa985b1d0226b551,
e5328e5c8c6749dfa3d7f5b5fe98d1ce,
4ccac9de0fee41efb4bacda74e37d6b2,
93666421faa74a21a1d23b91a03eccfc,
e041eee34652403f96377ef7d42fef18,
0e272ba1400d479083827e350e741e26,0.0000
3f509c1b60ed43fcb2ad9f076f76b873,
b256169ff8384767bc26f7ab3f359c07,
b2b66d99b7ef472aa6c248c3ffaf39e2,
9459d569b5fe4dc9a5cffa8965611188,
d70c9d7c380944a7b09b88d39b3fe2ed,
0357973ab6c04374b2e2f9af9a19cd10,
8e45df6d660b48b68361d7ea276887fd,
4328e653854b4f38afa3e22b6daff84c,
83b12e1a6a704e129124f4ee30d10a7c,
b6be6fc7fb7044cdb712ee45748538c4,
a8d61532fb1c49c397e791ac92592641,
1a97d7e0f90845ec91d1bb73ef5c0e99,
4384381ef4a84c038dfe298ad6ebb71e,
78242564502742c6b70ac429fccab677,
57a8973177a0467fbed14c9622834b36,
43b21be8afdb4a69aff886c8f39d0055,
50a7283b4cea4096bc65d67371610b8c,
21ac490eb04c44daa6aca3455db7594a,
da3cc2c5d98d464eb8b8767e3b155a49,
d20ff2d36b65424ba2fe18825ec4ecb7,
7d9136e1469c4ae9b0faf941eb93bf98,
12410413478343d8b8bb8f00516a6cc1,
a7877183c7394406bcc969171f34e5d4,
e774ea13fee34f799776b7c89d353325,
287b31d741064d93980eb4c34e08569d,
279fd5f6053d4b1daea7d43a9da16478,
2e67915dd4ef40dfadcd21fd1f4bcc52,
b3d1df2bc5d04d47bd7778aac80d8987,
f16ed78e465f4cf387ca2eb1a01236ea,
2aedd68dbee2494bb8680005feb15d8d,
a41a1b0ca561445db0197d3866629864,
5ab20594e28d409d95660c1eca4d5e20,
83c23092726747279f844dd6ea3567a1,
80c347c8264246878953ee885538fece,
174b5ef486c842b1ba31f948ec60225e,
fb7fcb1f87a24b24a5bdc4bd1fc3f534,
68c0ea9f29324e078a1c44af1ce5beb3,
8daf952552914ed9b0a3265b891c6d9a,
88e0f074acff4c59b43e81dade2f4289,
ec2d965a9ceb473a8f00b47da4e28a31,
89655a3d64424dd18309f3c9ced94bba,
86dd805e8a00472cb15754326a29298d,35822000.0000
3550733104dd4fdea313ef669774810f,
a8e62e295f6f4b3787391c2432c66b41,
6947c66d559d4a889de2f8b942cb93eb,
c73978538a924232b4e525437f4d8e04,
df3db684af0a48ea8ef7b579b3354883,
faa1376879694462b71186e182d7b409,
dc5f161f2a6d4b6c9f62fc37ef11b07e,
a67cb81431594a4aad2aaea5d447da2e,
6dccfa62c03840e8befaa156fd0127c1,
83e76332537d4eb998b10ec4fbb58f15,
d8e9611023394fa1b0e7c5d3a398bc3f,
b5cbd6bbabec427dafaafc0788c47765,
978fc60b3c4b4ee79ad2856c913d22fd,
b34aeecf26ca4064a1482fc2ac7087c1,
598db4fcf8464506b4415bfecec0d6ab,
9c77014cb7bd454ea226ab3528cf4ec3,
82938c9fcf4d4cedb7ab535c250e805d,
e7899dc320b14dfea5dd1072acda9db1,
fffbcc274025450c957e90cf84bf57ae,
fe72aadc84584be2ae7321f8aa6d351a,
d873ddc7f0314e9ea107d2b172f6e205,
c4cd2771119745f1afdfb76c209f6686,
94c63815d3be41678c3f6b07b3e7eb63,
fc6c6019d72545d48035831f7871c77b,
6ac52a63602c4a0eba58ca08b2532931,
b8110c54fee246189ee9a2645adc3cc1,
404c9d369e5143f9be2911f8ac8fb37f,
4e022b17bd1e4add91b2ae6f63737b17,
165e19de63024211bddd2c70931431a8,
d620638aa4e84a969ea39e705213d46b,
9584dbbc8e6b4ab2b5d04ce002f5b84a,
b27cb190693140d1a5694feaf6415390,
fa89eb369681455cb0a6fc0000c9b7bd,
b55afc4bc27f49bd9f9c866c9c43df27,
a2bff716e8d94e4b9331f2788260dae7,
a84ebb4f51b549799b504e6924154e94,
bfdffd4579ec428ca34dd55b48fcc111,
d6eb9d3b36db4c65bd82bfa84388656a,
5399a7b523314268a7be522040d53c38,
f3f7fcdd320b43d3bbbf6c82a06199fb,
fbd1e37543334fd8ba990caf998b8ec1,
d01d1dfcde024e5589a7a84fa5e78620,
7686ed0dc629427eafdc00bae501a189,
a4e18d7d60b84e3c9748efb8e78245af,
eb35f173d7ad4a2d8fbe681f06c07546,
198d324b8db14effb44156d21bc18946,
6858c9297d8a48a0ae089da55e40441b,
db275757887340298327d46346af3649,
77c3e395eeda4880ab20bc137cd77e3f,
b907c58a60ba4a6b842fd52563783d5b,1901000000.0000
a4eb6fc4ca494bb980f1c91a96530a32,1901000000.0000
fd2d2c7f349c496dac59ae9f7aeaef59,
cf5ae435604a4b8c881e3aaf877521f2,
4fb7e65714aa45309306894a95f59816,
083cfbaa49af4bb1a62b6f1bd0514b52,1080000000.0000
0037b77fe7b24085bd8467ed7837e8ea,
eb8117a369894f9da21165d195b7dead,1901000000.0000
689d859e612844c5b65aa52d496bb2b1,231399000.0000
5c4d73140dbe4ce0a5e3bc84a1d5abe0,
4d0d84dc65eb4a50b8bc46e9b508c888,1901000000.0000
694813ae8f9f48988dd324191de72fd9,
1c98eca88bc947afa8c895de2435d5fd,2443000000.0000
e71dda3f969e4c07acd5cf79105c4d6f,
82d3f64d219e497d806061eefc8dd8ff,
fe9e027097c3484899c499691de0f7c8,
b72972d6c1c14f9ba89331d7157b4a4b,
7eae24b88799486ca7b424af0ac20ad6,39200000.0000
cc68ea62a0a4456c9608ffe22e991bf9,
524f9b62d5a44a2d9f2dae82b286631c,
3caed9bd01fd4a9cbace32be0e621d7e,
82806b8e92fb42528a29bba19bad5da8,
38eca67a61fa42c2a0ba6c1b2f603ce5,
19641d8ed78840ae85be4dc354e4b531,
aa268c382b1f467ba62c0bd4f18f611f,
42166a05228f4e2f8c43b7c09f8cd797,
213ce2343aca425e9303e5ff2486d82b,
ae7f9fdda70345f69849a567441d5ddc,
98ff25fda7bc4fb699143136feea50d8,
8b962272cb1547cf80791c8c2471648a,
9f58d69f79bc4e938f42f36ff07eed8f,
37699112c450480e89c663be0a43f39e,
e367e5d1a524433f8e21c3cf00654aa9,
16ca5b0aba8d48cbbcdc4cb2e90c2d8e,
9e05ec0a272a45658dd2652181c7717f,1680000000.0000
206572afd11247f5a5e969a7caa593d7,
fc7bd50d2ac44e119d5b8e4896c84cc4,
bd7dfeee373b49baa3e88a07d7767d89,
17d9135ad6d942089389420a532d016b,
5f8cdc15789a4aa78a807a456b91b568,
da3d7f8725464f54950d6b83ac19eb46,
1a9f045b59084861b66f3f3d67ee13c0,
f9506d3511e3424a95e4cb04527d827f,
eef0b93bae9841f3b66d05bdfca4d550,
23e0acfcf6d74ce3aedb5b712749d1d1,
506f1cc2c00946b2afddec1198fff7f3,
faf4877cacb44721b0f1a9c23664965c,
a74f19be6df54fa696a172fa8c51fc72,
e8275518f9eb4e7dbee98c8267fbe83b,
43e92fba35c04a5cb20fe1bf7aeabbc7,
2232da2b83b741069b66bbd40007da25,
42d9e364a87e45b4922a0af6b2592cb9,
df101abbbdb74bbf970b616e5a5d1ed7,
a6a7f98cdc3a41b287d08d8730346871,
091cf2abe5a44d54b46ddc1a9edd9371,
47ce2c9af4d14190ad5f382acf2fcac9,
9044b41ac3274a55b5cf16ec1103ed2c,
3ac2ed972ebd474d811fc4ff02ca1ed8,
4a8bb18f13b4460785771be4963d73cf,8000000.0000
a7df9cca3298454b8ffa2be18c9d2641,
7793d3d432f54e8694c449e60333bc01,
a6b7a35a01e948b38c4026bb39c7bc4f,
cd228633f1944cdfa47102feb3adfe93,
e95990cf0a1a4f969458d54d95364066,
01ba85a58e52496e84d62d7fc0aee682,
ab472d864d6a43f49d753c2701d9bfd1,
18edb92fc1fb4f7a995b3fcaf78c6509,
78770c3186c74ff09f3d202c3b3cc05d,
fa67f3f169554768a3fbee6bfe460148,
d54ffa1afe0240bd8802063ede43ced0,
42ead009a1c34796b53ff66c5afb37d3,
7924e0463a9149fbb6d204f62ed453b9,
308638db08594ea49ae6a9e6bc2133a7,
42d5525251244fef822fba1397602261,
c5899891f52a491492e2e8a28f1582f7,
8402c5528838416ea88da2c872971e26,
5b8c2afbbfb64cf6ba60993ca98a9a62,
53b1282f5aec4ae38cfab6359b460b0f,
82aa8762a2cf49df8079fa6ce3f25f84,
d28dae771eee45e8aa300d1a0d624dcd,
5a6b614f71ce4c2a8ba08f6aebee83d8,
0546b8122bf34cb398bc6ee1a46db741,
00da1a10680a4a17a31527acbe432b7c,
367205666e734e9e99d9949115880fa6,
ff30b909ccbd4359bcb490f0e76cd081,
cf7d622306fb4f5c82c4b1e7d28d33ba,
e65d949dfcf54d078fe4af99c9ccb183,
d9eba247e9344145aa9b7a213a436eb2,
da5aff3977b24b58849160abed17d370,
3ffaaa3d82664b84a6913bdc8f6aac9a,
e69e47172ceb49e59e44e7ba48341632,
07b22b64f37b4507a82d790ff6f26fdd,
8f5c81cb82e649628a178d07256e74c6,
8ecbd0a742b840bbaa4ee7dea25b1d9d,
7054edb42df54063986fa4cc95de4098,
30957f49dc56400a8231655f6a1691e5,
7bcf65c9a6004bf0b8e566ec048a105b,218146000.0000
85322cd53c124ad7a52917ec726b3cd7,
7e3855604f1f479c8a8f7607081bde6b,
39213bfe7e7e4aa8af848d26524203eb,
b1b36e25d36a41ff9fbf34388267f1c9,
8b7317db94e14bab936c7a37baae4f14,
0199125299e74e5183578f91f5b23423,
8ae9efbfd11a453fadf039e2c94f22fb,
6126cb13fccd4ea9a8dc6a437a13e8a7,
68099b913cb94350b745ac9b62c899cc,
4d1aaedab2084a42acf0f63d9d65ed27,
23bd916076724e548a0d39910c3c121c,
dde9a9dff8d14337a60939d8c231a91d,
c870d53914b244fc820d53c260f314fe,
a89f94a66ed240bc8a8dea17f37a2c58,
ef3c2a42d58c4bd9b1ae8079fdbb224c,
5f2cc4b62aa8467b98dda30ead8808be,
36a24487f0d6419d85f37c376df16289,
ae071eb1e7fd43ffa13443ba4dc61aca,
ec66cfee0f3c4101af04182207a9f8d3,
74249a53247046acbc83917d8c53353e,
2dcfdfb7f33a49d6a0216509278e1eb9,
ab12a5d4d9194eedbe170ef16a207a61,
39764c12a78f498ab02f1f165ebd931f,
ad848062c3704d91917fa74ca82a6780,
ce2b0e7332b645cfab3a0fef7747062f,
062a767508b54e249987283b12dded6b,
0e62be13c39d440dad0cb726aee4f690,
0d6a34dacf6a4f5e8445fa63b1e1fd05,
83026140823841179543fc72d740ae1f,
31f61bb370454d27b1e98a604258faa5,
6596893c2ca442d5ab8e0dfeadcc2bdf,
39536de5629d47b6a6913ad7a4840387,
ff3490f7c75143ed8790a712fec2f5d0,
11cc5f3d3b2741afb52d4072762736e3,
f52040c5a6144a778c12839e78d71c61,
26802daa3107468983b20d48dc633ccc,
e04a6cec4bb74673a31adf41a36c2cbe,
064e4f8af1bf4a9f91ed9aee8146aa16,
7a1578653f104eac90a372428be2e32a,
1abf770dedb7423ebf1c1cbece35a518,
69edba1d12e44ca8a95d550b5c1a7436,
4647c15170854c6b821d7002ba5893e1,
b82d665451c64e95a6c3110ff4007e25,
465ed9b8025845ada5c80fc5960ecafc,
a26a8a4b73574ee7841f62ed64f4cefb,
1ab3bddde9e64de18a9f6423954f0aac,
d07d581ce9da4722be67e0207d058742,
47ce2c81c5484de9bbd581a264e3f588,
36b17b09cead451c8ee21811a587a75b,
22922fc865c449519b5f1f1e63d74030,
f823f70e10df4cb9a6ecdcac3ea9f5a2,
1e96a81deaae4012b370d0f0654e47a2,
af1a3356448d417596ee10905947a227,
e77705f9a6ec4a438f962ffa3a05dc4c,
3eb2a837e2b84db185e9ae0fca33c2a9,
9a986d2f17df4f13b5450b35f86c1d96,
f73bc98497754e9b88b2f06832dd2160,
0c02b5fcb06c4a46bea98670e02aab74,
9c9fb67a4bda4618865e530c519350c8,
38befedba88f49009e129d452cbe2bc0,
606bbf88097e48b98c1ceb6f507edd20,
476c68fa6c6b428baed1f4fd15b8c014,
15999b138c784b90a3d31406a97a91b9,
1b7200c1e4844216b9be05fb6be41ab6,
ee0c53b74d334c28b96842ba5932fdf6,
eed1c17b289e4a41af52bdb3cc99f0dc,
6b9af851ac2d4fd39847bef0ab54be12,
2e9f6bd66c7e44e585916aefccac6cf3,
3dda01175b9740b0a1522eb96221a2ca,
2842a34d9b2a44cc95d094823b9247f5,
d50fe731103940b399238c2d05889e76,
7a6bb02a3afa46ff8d16f751e897f083,
b70d1af9af6a47b6a461fc9bb61daf14,
fb8375763a454cf4b07f3bbc8bd74468,
ec834a2b199b4680adff0d92409386ec,
dcf9eeb9e9fc417187b6c5fc6c38099e,
ad16b8f56c8a47c780c2436e7226f5ec,
2052da88e3cb4adeb641c1ac358d72e5,
acab8d6c1e734578981c82380dbdf6ca,
499a3fdbf5044221aeb9a69a77f1a282,
ff23d0705de441c79b4c82b7ab174e28,
6b0ba26e9679481f969a3be166da7548,
24c55e6b1448473388c61e702ec3ca6b,
93ada36c95a3404ab02fdd36f399025d,
0f1ac213d64046c2be5c2b55e687b832,
8fd0d4a636e44bc0adbe7c4b3b26630b,
b9e0912fe5e54d72ba66241ad7bd14d6,
6f22cb3ad15441f4bd32311a357ff5dc,
03b38d59ef16476ea01f49e8777c4d54,
0228002bd2bd444eb3709611fb52068b,
fed60f39403a43009792079e36064097,
57f5eabbddee4aa595941c75e5d287cb,
8663ae13cffb4ceeac27c7adb9fe7ab7,
7ad40be331184b9682181e64bdbd0723,
4bbd7e29782848f5bc1ee91a5dbc0ed6,
1f3aead994064307bda9d2b8b30af933,
04fde4078dd44b6294e76a2a3c149ac2,
8b2d0c4268f14c2387f3d6a2a518796c,540100000.0000
fe16cad3f8af46a78bfb698c0698be51,
6c6fbff1797245458de90b9dab8e0a91,
15a84fec0a4443f69456173d9235d45d,
6b96b7ea6e824216b379cbff3c80d69a,
2216bf1654504b6693d65877a9e388b6,2164000000.0000
c0d0ff684cbf46acb77c042a60bbfb86,
c41b9e12397d4b59b16010ed620dca6c,
3568703405f748db8fc37d39ed53d186,
80c686ec49874db98befc3720465264f,
2227d72d32ec4a25a512e409ccc84852,
00463714d4fc4c79869dd46fcd7635f8,
c3ccdca7991d44578061397ac05d1f59,
8b92faf8a9cc4ec2b7cec5cb5f21ae01,
6040974c1b6c4f35810b3c2c720afa77,
9cb563b3bfae44d182f68c97b39558b7,
e27bd52c879e4774ad23864fe9fb354b,
ba2f08ebbe094215bc6da35f79d1d076,
7ff96dcef88a4b599bc2d8e82fa215f5,147742000.0000
7809b547a4744ca78cb4655546387441,
2013bb0e56954816bee7ff9a58b9cf50,
bd45620724ea4acfabb6b42444176d94,
353f6ae1d79c4603a442a62e112d2376,
804eca5db5c94315b7fbf2a61e860e3b,
5fde2c31fceb42d29a29ceb0cf4383fe,
ef161f44321643b2b8957c43a90af64b,
3db74f45920a49a5b503a18fd93cec45,
710b711437074d1dade779aaec4fbbd6,
1768be9ff08f4e288cea56323da25b59,
696706d134e4450c81ba22f1cf89ad18,
4ba1b81362fe44dbb73178dc73447e17,
57e474a6f32940bdbb06016fea9ca385,
6f559d9898824edebc1768a59e53d277,
6b9d97e941564bfb9df4d4c29442f864,
230208066abc4ccda9285b7b3af3fb10,
ebe9e7ba2aef47eead549d42bb1751ff,
a513ef88fee840519188d6d8220c11dc,
4d98f87a61224c7ba34019bb0cfb4511,
ad30b8748a9e43d0a670db1d73ec65d9,
692e4203b38a4a5abdf72d04efeb4b7f,
b79d4638ffd14bda9548bcaba0b9717e,
050b655baccd45899e973de231a29223,457400000.0000
a5c78c8a3479487d82b0ee6d0eef9d1e,
3d95da8a4f4e49539626e4cb74abb870,
830ba2897cb44701a9cf81af1b70c445,
4b4a493c2fb34a6ba4c96c3ad6086e35,
88466d17306c47ff9815b2185985faa2,
c1d7674813f0488da95819e66aba7e5e,
7195eb1e9996435596fe1ecc57acb759,
21f4a44c0d4143e3a54a3a1cfa84c614,
ff4be11d10e14c34b2ae7d05174aab55,
aeb4733cf0bc421bb27a33b826a2164e,
d52a17dc2af94b7b99f59ee9b8938880,
1becf22162884bc6a8ec84561b8d1442,
5711bb0511734181aa75def1c7f1b8f6,
107b42a5429240e2ab4719f256cdee21,4578240000.0000
9d13d8802356460c84d7cc549298c012,
4b99cc2135e2483a88877185ecadae7e,
597ca6409b2a401eb5a85a3ad0ba9ad9,
ba90bc6210c949eca1503e99b2fcb388,
f8a0af9aa8c747d084882b67a4157df5,
7e21ea4cd0de408c966cbe099231fdfd,
e0f34436f22d425f9e4525378bcde965,
b3fd658cd2a442dab323e30ddae41aeb,
565cd36458c240eeba955bc1e2eb204d,
6c5b32ceb6ba4dd29c83c67c4c86d78c,
4abd364185894912ab10ccd91830cbba,
b1e40533e9194c5eaa04ffb9b0c73b3d,
e64f9f9ed2eb447c8c2a8e666784c7a1,
8da136d6bb8b4c9c88b8c209191b9261,
87e52aea672c4170b03485193a659acb,
8fd8eb2bc9864a2091d6281a5dd1ef8a,
6fe662a6dbad40b3ae7259f03823f659,
708e9cc21823433484476f3fa536ceef,
b1c03fc04bd04bf29d9123b2821a529c,
76919d4ebb3c4b9db0acd1c5b5753ffe,
c0342285f2c34867bbc6b5c79f64f3ab,
636b77a6d44e44118f94f80eec6ac2e0,
8ef68e939be0426f8ef04f34aa5e98b6,
a71b8a2c9cc04fa384236c65d134a97d,
5d4686e1a2e243cbb3d4a2f4c8f1b006,
fb2765af65034687864f046438e1105c,
49880daed1074cdcb6b94571e194786e,435000000.0000
f26b0064f4154e559cfe2abeff65d052,
67998d937f0845978f0f851797707340,
3a482ddbd9074508bc54c67c26d3173d,
7341b027bd8a4562aa0174baf3405e15,
d984cc3883054643a5a5361a3cccc184,
d3435973781543d18d1050d58d214ac7,
8cef6ac27c6f402ba3a432b26705ff28,
a0dcbba34b034d269c9b19bf8f4ccc5c,
82789c0046014a49a03d37a38c687199,
669e451335b84b10bd8e27ebcdefb6d1,
076499bc3095428b855386cbb550a650,
a819bb36be834ef4b86ee9797eb896d0,
049de6b9c3484bdf9894dfb8a3144f19,
b39e81c31ccf40c582e89cdcd4aef29b,
9bd02a40aae94a23be1ee455da3f6147,
5b95ec22b12b48a1955c4fed0547c0c2,
cb4946e540774490a7e4003fcbcc8108,
b7d7f36f6e4c4cc7b935623e1d005135,
82e0ec724bfa4c5c9ee8b6f76b3cb616,17500000.0000
253ca683b8f34827b75479cc99243866,
73bba4144d5f4884924d80405bcc459b,
0e4cb5f2abad4598b6f0afaf5cd53571,
06f9c2a4a8de4d7b99e848e75544f446,
4a3260b708494bbf81f614aaeddc6060,
da39cb094e8c4fb68075cdda2af345c9,
e229b291e3154a04b4bdbe0e50a6b793,
281d6915e258442a80405188fcb9e208,
413714dfe0af4034826949b0c41e05fb,
633cee9ab5b6407190907e0eab9a070d,
d8f95d8f42604b5ba38ddf8bb97235e6,
94a35fcd6ccf4c059f2778a4c558fd77,
ee1a4420f06e4e4692d493823a57a892,
75a3c15d87d6444887d8b1dd3b275b3f,
4a2509aa550b4e91a04670b69712a6ba,
9013b13d155641b4b87d55158210f0ad,
770c8c0d81cf4426be5d6c644659f690,
1c05b31ec4af4c129e50fef3ed8639e2,
921907267bc540a89e10598184bcb21f,
a505be03e2b6466190e7b82a6d608dd6,
61cb165afcb24297828ed746626d49ee,
cf5fd019a88a46988e80997341051b0e,
51715bbad4194691b4964c80d95929a8,
1f68a6f072034378b44e8b24366cd12b,
00e0590ef31b4d7bb85a351b9cdba594,
39ded16a0d614ca784af26e7418c0c57,
e85bc1a6b4c44b94a85483263ddcc106,
3f6dec55f93e40c5be755b833c375fbe,
dc6f18e1805a49abbf22cab35919b58e,
48c514870fd2427e9bf41685a72692da,
ceb52a2ce7e2460bbdd7c45be13fdf1b,
25d7d70d31704912b6a33f4a7bfd1023,
34937fe17baa465db2a61744db442f21,
dade3b70acf044c8ad2abdbc73974223,
68566d2722bc49b09f8913b5b93ab15f,
c34fdaab585f4a0195a309d5745c6487,
06d7cb44d6874e61a253dead45c2d215,
15acea0010934c7a9ddc56e403a436a7,
ab64e3b2ec5b4124925cdc57f9895362,
5fd4a1fbf217481f96ae53f5b7a76121,
9694664deb4c449eae4b13759e0ac6d3,
163dda7f56334843915c5dd586b5a485,
0eff8ea2281b4b8eb3dd30dd58398594,
fd518cea9de44f9596ad1772b92393fa,
b3f6456fac1a445e9043b9947dbe0338,
0342ad28a5b74933a76623923445ed2c,
dba5a18052d149bfa54044aad5c255c8,
9da2aefdca4144a282bd09cdc9b80f77,
7e769f897afc42858308c21050df9b72,
76f7a94f78de4a009b535f5b6f1fd2e2,
5e0164ee26a34afa89f97714dad47371,
61e3bb005a364726ab8e202f2642e444,
243cc8c9c79a4e348be2730ee565b1c9,
1e1c9eeb350b422c9fc52c252270e7e7,
9ea2e03134204f33927e412dd0727599,
7768a0dab1a1450f86120662e1f0eb5c,
931b4107ded449ac96c9bbd1367bbea7,
d59b722049ef42a8bd11bb807072649b,
cbfed5a419e34e0fb108d8095eabfb97,
1453ded330314e9ea9b634d7cf970bdd,
c70f4af53e13471ebe898d46b41b9cbf,
b0055e342092497fa01f112e3c4d12d5,
fc5d4a0e4bf54e2cb3853dad845fcadc,475194000.0000
c1f7d64174c044ba95e1de28a9fc6e83,
a6a92e2a901a4ccea96015619d755e07,
467e27e6d92a40b3aecb8790007af682,
82b4a0e5655946d6b959e9c5330a9d8f,
da8f230456b74796b1aeaa8488726e6a,
0b8690e991464c2da6acba82e2dab50e,2000000.0000
662985be553f4902a7d84a6dfbfd0a62,
e14fd510fbbf4110a5c107804b6ec12b,
b5a0ee17307748e7aa61c1b497935e20,
99454810fff84e98bfb21ea187a0c2a3,
7fe9b42e3d6b456983ec5cd9c22d7b66,
b9fda66f01a34eccbc62b274a38e12cd,
f3115a3370ca4907946e20a71d50b3f7,
4a2ef9eb6ae345649f09bb438916af44,
85fe77defa994a58b91b6c94d7779ee9,
09c1ddff9cdc4244bc2b394038e0c956,
b193900769fc40618328bafc7d9a46a7,
01f3dc3316404adcbac91ae417511669,
cdfa8cb6a4dd4af384af12e1f2039daf,
f9b040ec80704da4b3eed8c2b8d9a204,
017767a19d80459a968194ab7dc53e43,
cb030bb55f33400aa2d452ba1e81c5ff,
1fb8d8eadcbc40278424cd19c97da8ca,
fc210ab13991435a827657164c347a00,
c5eadd3d33d14874b2eee774c094b7bd,
8d3c291cd3e4405eb25d1a634321814c,
0bee57d9788b47a090168edb74f3be17,
e978a4e31bd94ec0ae3dee248ba5e6fc,
2d7bff5fe3ff46bb98f2a5461593e84a,
4d28fc74927e4185988d97aa8256a296,
4acc0038966a4b8bb52cb696c28bb8db,
2daf07c04d2f4077a652be3d869c6d8f,
8edad76775374e13bc2122fd93bb4ca0,113405000.0000
da7f17b0065644ffbb47cbb1e7361196,
dee1efdc949f42d4811ca2e910a89be3,
b0511ef1c043455ca9dc5ba69587afce,
6ef80ea4a2684fe3be4f8a697c243607,
b66c6eba23b444c29c62311863c8886e,
355cb0455fe741ef870e69c537981236,
ad73bf8f497a428ca816b0a9b4adae29,
0405ec0194174a398468630dd56e9781,
2f73e3d4e0a6439ebf87ee970324064e,
0023d2cd947d42dd977bdf2d98150863,
962e65b771c7401a8d7ca99e4d192f4f,
99e9075441884cd2aa0fb84f0261c48f,
cdf9ad06caeb4bc890e6bf18d5747c58,
c814d268b31c4e258a0f8c9d8581de5f,
5f98aa025bc74db594c4883f0dcb912e,
dfaeb7754eb845c8b1a2c6846f1ff9c0,
490cd283ede6490db550c787bc6f65cf,
c7dd2bda0ca94152826d899dd10e059a,
380907f6461548fbab0eeee4ec9c245a,
e61cac31d1b74afbb1dde85cf7dd9398,
5e4707e2665b4465b85f3a85963db2d9,
54fb64dec9984e33a2af87323fe9c3f2,
183bbf9d38bd422ba293e726cc116ad8,
25d8cd98cac94d7199a273bbafd090c5,
30aeb22b9d6c476887dec4c6e7aebc16,
75416047d6dc41659d08e85bbb89d587,
8b6b780438d148ae8281802bb38c7f90,475079000.0000
820c6f8b4dfb4379b906ffef5c320ff9,502305000.0000
adc3ae909d864a0abdd3c4cccfa7df68,
cf624b39dfd44c0daf471fe5cd298296,
cb13c94e909845899aa2485e7e972275,
04cf34334dc54ea3b5ede81b1e93e4f2,514739000.0000
ed9f49764f894b84a16c5a5c75551def,500891000.0000
152ae2533f87420cb34934cf65f26ec5,
3d89f4566bde444da3bbfe9e7d1f5e3a,954265000.0000
de728de41a22405d8dd4f20a38cbaa87,
2ca5625ffc2744568b55e202c3672f95,
7afde42d1bca483ebf07dd2b2135d2d0,
f10e707f9fca48329969dfd8b6c79205,
a80a0b3e653845498cf5dc734514ef47,
0bd6c6252f0a49cb8aa7c7fc94510176,
e89537dfffbc4a37bad11d70c753bb15,
4d889d4b711e42c48f258cdc2a0c3f32,
6052cf7e93c9458badb8538530c40eb9,
c7e4e74ccf4a4f1aa00a4fcb82860c3e,
c44176fdead84dbd9de5dec118f5975d,
5d9eab393d684d87be16d84e2e90fa1a,
2ff83d51d33c4aa9b9bea999347f28db,959664000.0000
9681808b613f48f6ae4431a61bf179b7,
00a5be80b693474b89a74988c6b914da,
a7bdf5ff634f45879487c5224e85327f,
c41c7b5e54774442bfabb2f0c5e7a8ca,
b4b16f104e9e4d1a80352214ed98e44f,
8bef413b4e8345a3b362a06f73836981,
be0969896da84ed88ea83bfb63ec463b,
84f84ec7099243538c4b3836c05c1f04,
b13baa74297945d0950342bd02c160ba,
1bfda2a7041c4cc080aea3205288b384,
f80f53e80b62400ea2cad2d4503ff54c,
e87f9f365e4e43f3b6e04f1d9e472176,
4b00cee438224c808bfd2fcb1c7a659f,
61a6271a1fdc4a3ea96ee8c19e2c365c,
3e0000fd3ac4480ab91e188e221b4347,
6c2d75fc012b4e42926effb0eb36d681,
15c953eac87c4b67aded67ecfefcf819,
541280de652a407db7d91f29f00cc104,
659ad1d51a9e41c3829d33852265f42d,
626a414e8c0a44c5adf4f6eec503c545,
96df58ffa59f4b04979c60d969f9bf99,
e93e5a7f602a4df285c5d50d9a73d96d,
e455afd256654943a51cbd0c714993e9,
2546f34e78804e088ab642346c7c3353,237441000.0000
512a7bc83918492b9cd9fd398f73e1f9,
a5da1c56e62f45339254411d7807e1c0,
167810b6dd834860b93e953abcdbf59f,0.0000
2e41ac5d3157455090f976d916384c54,
66d10bc2bdb243f19d6ef6852961bb24,
ef14c4f72f6c4d32871a75c64d4dbe63,
9564e983e5dd408aa1be94287425410f,
061c8f55be3e4f2aaffc8d72632a4670,
e520e459d8004d32b28252814a618c29,
e08d8a4ce9f2412e9da2883af1d766fb,7490000.0000
571841ae4dc54913b16d9ec099c91c60,
b57099da609e441cac4d94a76b120fc1,966183000.0000
829f2556934a4ff1857fa6be47846fb1,
30ec65a23c334c20bf0ab6da60c08da9,5094995000.0000
6f077107beee4b878d08f87470fa20a6,
bf05f964788249859fc2e80eeef19dda,
501fd71bfffb435eaf0a131bdd421a75,
4b3f322c17354d40b6c0ef96af3d8dd6,
323cfaff661543a08d006699c1217be9,
b82ec0a8deae490d93a00c976464b8a3,
b5b8a88a2fd74852ac4635ba23031f42,
1f0f6bcf92e74360b9d195446e9804d1,
7469950cfed64b4f83152f396c1c4324,
30228633bade43689541ebf93e118b1b,
9ec43af49d6c471fbcc5283650dfaa76,
81a2b68690744051ac3b0a5a8d47a0c7,
7d1808482d2a47639786639781ba8b92,
59f58075c06d476d83f82951a0e908fe,
c83684dbb3d64b5991043e9f73c614aa,
2741375a309642a0a5ef7f14b77e5fb8,
7090cab4b69e4115a9e8610e50f503c2,
772fb728fd5540e0b5763f442a41be50,
54195efe50004bfbaab2cb801519867d,
ae3e11d0d3e540d7a498341bd120f2e0,
3f2836e20a9143fdb2239a4232022238,
979692c77e7445388b67a2672616e0f5,
0524d63fbced4ed28ec0f3f6ed478555,
031101d6bab3482092d76a67c32546a5,
8a76c968392e4f38b33fe0590b0f65c5,
740920b20d734831b00aba6dd1bfb9e3,
b7d437ac5d3e4dbaaaa8f291750f6035,
a22524f02d5e4fd3a3a80ff1f72a9a07,
01febc0a771c4640b742239ea3025819,
ee15a8d36d4c4eb5bc059066e99a8440,
c4519c8a31e04fa8bd8a52ed66b5799e,888387000.0000
453c0f7d8f8d446685f40f64c04c1877,
931ff4516f9c43d1b37f1f52c132f09e,
d7367343bafe4eb9b591bb1a6c4ab9e3,
e753475f73334e49b89015e1e893bcca,
41da904f192a466091cad8ed043d7ad2,
b7ea9002a3cb491e85e9cda103edf686,
73dfbab321974df280b7442194d2e38f,
376aa1004588488eadd944b3a30f4d70,
74596361eff54a189f9fbc91c9f4f9cf,
12ba38cec85d4a4eae1098592980a752,
59ce0da167de4146b8af4dfefc1e44c2,
29dcbd2b986e4db9b1d7990b00b59563,
3700913019254e98b78a07923859db62,
b0f2fcb49b36490cbbc079214521ae73,
ab3475f88f584ce5a85ad81ef3955e6c,
7a5d9774226a4700a84d288575643d5a,
e03badc1035e4bf0ab7b79094c1b0341,
5ed0ec07269542dda82b5a6bac513f3d,
88e240631f69485aaa21733feaadb617,
f48ef099c0c84515b223b07ba4da6637,
46d591f084ea443cba17160afabf1fbd,
cd3ef1507700425faffa8c68d96ec870,
d77d1e5dce064c57be9ee904702cbd16,
e5340d493df345309c1237bc13421d14,
f7d2f034e18a4900a3ca3806fa66ad2b,
c7bf814d856e4c289730dcdcf8edb487,
22e8f70577954537b06e75f1a07d1357,
8c271431f6e043eba9c9e69d6f4312fb,
ec9d027cc07a485b8c9dd1fcc3bc6446,
78ebabd33a594b979ebb0a54155ccf9a,
3ea6be38f8844f93895f250d5d5dc5a5,
7cb58df3ff994e2f929e1d39051c3515,
6280171319b64c218b3eaf96ddec99a3,
27c4621ee042466885a57c06942979ec,
516a9034eec34b3ebefeeaf97bbf8edd,
aa825ab86d614d668a331bef70fbf4fb,
b46ff28f93e543a29e53a1eebb5f1430,
fe688a1d9c3b4f9b81ba36942561ffe0,
a08cffcb741c47a18b58d22c1a645150,
7572cb1440464e9b9768e2aed456c1ea,
15baf472131741bc9ce9cdec897ddda7,
84acb59f338848e0ae0d15d2e054af77,
955ef69413df401ebba5cf054ca4a1e2,
ac809fe29e4449caab02574fccc39346,
f3cac1977b254dd5a009bec0ecd2cb47,
961abdc7315c4109bb87f2db49bf0d8b,
b8bfd172c61e43dcab7f600ea61b853f,
366eb66f93f54d04b5d9bdf81ae472d0,
ccc0fe21d18f41f6885f5632ae908b5b,
d7acaf6c91ff4f5e8b62ed010d89788b,474900000.0000
2a676ea5646d4d458095d5825bcd02f1,
2f1929daf13d49ceb897a6ccff8a6164,
ca5bcba872eb411896bd8f5edf11dd32,
b60e55ba1d3443deb344349e4b995aa5,
2a2a0053d66444169a1fc22b74b4541d,
1dabc24457044470a5feb97b857147a1,
66a3ac858c604ae990164f4c754e7ef7,
c3f1d94400284170a53cabee23683401,
83e7dbd12d14454f9bc14cb503c97083,
8d071f334a4143ba8d7ca579b22415a8,
6fe619e1a4434a53a7f45a64a3900831,
f75049de58b14aa5841f260d344f8924,
590b91c63da844a1b52d6bcb1ba0ec9f,
25e30f17634e476f8ec1acad69a5e380,
b325dcc1fae346d6bb851e159ba7bdc7,
1a840363c92d4a69af3b7724bcc569e1,
8adf55668ea14aeb9d5ba823b646cf08,960578000.0000
a160f985f75a45598eae3138ccfabb93,
84209973413744d49be2c22de75168d0,
626d3e8a63094d6bb21b2f11cf2e4e3b,
31309c0d90f64dbf88937a328bc064c1,
4601a923310d41cb9e8b675ffc99efa3,
bc712a7f1d444bebbd49a078000d9c37,
7c29eacf474a45958c160146ff480a0a,
837278e36a424b3bbbc5c62d242c0b17,
a7dd457af2724c5a936e8f4bfb37820b,
d7eeaeeeb9e64f2eb3815a1e78473f36,
9e575a70b48a4199a82b54e5d37b1201,
ffa33216dcb641c591b68a8ae9e6e5cb,
ead8b85e2e9b45ea970d75e03af22330,
8c949354b7014da982024ce0fffe864b,
7e7eafe0164e445f82655cf932ebdaaa,
5f0b32fea2c64d918207651a5ee418a7,
132392e15c854ecf8447ab2e4dcd29e8,
55c28e5adf174e2b99f5d4598da8c443,
b71df1f215c246ee9ad09cf61c9d13cc,
a3f6f661ccb744a68ed2b023de43d39a,
f5497e59e1434546a0a8f0d26aaf593c,
634dfc513e474b7e8cda4135d2ce978a,
2e7baa82ce084f13ba781d58ea40495c,
015279bcce0a4253be02d9c470bcc936,
37f3e34d9aa643efa7c816b06d8efd7e,
ed6955b577dd4994bff186dcc788143f,
2819fc60b7bc4fa1bc93c575f14a24e6,
a3c33cbd069d418f818aac100d10ebeb,
3c237d13f2454c809e04e6adb4811bd8,
9cabf843ac474287a30f5c60cbaece26,
e989037913fa461fa54409f11058c1e9,
20eb00162f404eecb8f7a28712282d22,
1cc9c7ff90b341ee8ca40c7af44a443b,
b97d4b963fff4f03b71eace99c6a6ca2,563500000.0000
e73d887306d142b2ba2dddeda68f00e2,
c7b803056d8d41f9ba70b7f33f436933,183077000.0000
079b140abaec4d64b32d2c3e1e6d726d,182782000.0000
a4614791bf8f42709d3dcd9ce5b92792,
8f808fd27cb54dcdba401472d1fae2db,
37656ab854cd4751848bf10cb38df2cf,
f71098bec4fd472abb2dfd698c0ce224,
4bf660ddcdde4fda874a4b233b3a055b,
3e197d0d18014232b6049b12f33a314b,
98ad20bb114a45c7851a63fccd800ed7,
92147c5547424ab39192883487340e57,
62c3ab990fe440d2a23ce8fc17d01c8f,
c067b7bba89a454aa9de47a66e902d6d,
ca99e13aeab54473841e1d6826764deb,
ac0617b370a74866ab393e790b94d68f,
0886e4fba2d84cf790c7539c429916be,
7dd100e60c3a47c586dfc8c8af660ab4,
5532e7ca222141f59ea86fe99fa0b208,
fbe48ea50b554e2997a4b5da4f9796c4,714739000.0000
5ba160cca9cf46b5923e9a15819377fa,
931f2a648d4147c8a0334deb45de08b2,
e7f80f8c92a84aff9ef1c160d7a6302c,1783000000.0000
62338f33372c4c52b29d911ab07e7882,
de64fc7b5dfa4c7c882b031eebf1b241,
1cb8a0448e13432fb9b3a9f10dac8689,
c898c9c73ba246109d10efd4f781b4a4,
87e823982161475a816a85d01d158d25,
0653cd07012a402e8f38d9c834c9c91d,
232c4433ac064434a1442cc21933a490,
55d7556ce2594991afee797c2b5d5276,
c33308dca5c441b29abd7f4ca410c64b,
b8093e751f424439bdd36ffc853adcde,
d88025a93eb040bcbfa75351fadd1ba5,2208000000.0000
a5448d0476fb4985bea6ea7ea086c163,2223000000.0000
27d5f47201cd4fd893bebd6c80c4f22e,
27ae31b09418434dae64db2d7570f5cf,
60902be5521b42df8524581975f9600c,
b0616e53b4ff420bbf94fed790a082e2,
e8939061a4eb4d60bb37968a66e5b166,
88d90c02431e4cdf85611a72331cb312,
aa137df15fdd4154b90e1784f7114ff4,
e1bc2838ac5f44eb9d05496d9069db20,
99bfceb7953f4fcea8a76d1da4e5485c,
c6a7460532c0474a86d2d8c6d1d9facf,
b090cb64c0d8406b89fb9145f0372db2,
d9a01fbfabfd45dd88d0de68e8709abe,670000000.0000
7cc826a8c39843a3a7f73150e7cc2fa6,
21f93280959c4258b0ce5b45c82d2da0,
949dcac1cb00461186178ebe97b08ba1,
7e7e32f423324231b858eb205fd8bd86,
e3f5cc1f7d0448d0a9fafeb6df33806a,
698a0283022942cfbd18905f2f4cc682,
25a213f564a74ab9830305645f259c91,
2a355c47ce6940859521e28331d69b94,
ad34b479a0f7451fa68b8694eb7f7d17,
5c4c698ae7094e94958bafeda91c0a63,
6c19a08103ea48adba3cdf7fb92a8de0,
50ca5acd9eef4af0bf9be1a1db6cabc0,
abab084b1d0d4e7c952799a628de1b22,
70fd218e84894e3abee351728ab37996,
5c1dc31c9bef4401be7e96d6c3f9f749,
dbdf27638da24c32bbcbbfef7a3cadff,
965c03781b8945f180fe2aa912531c42,
3fd70bd1b5594835896894c0ceacb4b8,
d0eb8c2de0b44b71bc9cca8c9a79daca,
de721d20fbe54d5eb73de572fdd1da11,
a2f690e19d9e4e499479a2dc2ff049b3,
856ab50e420c4995a936253c5d1c7251,
74603fae07734288ab156564f226d6f6,
98020b27151e4f699a0eef5de8f1a831,
3b3dcd1596564133bf899ca4cf240def,
7f1a28a153bd4469b9647904e8f3ed6d,
4babe1c17f794139823383e90008e939,360158000.0000
055668ab717b4e4cb343940f42ad52af,
a53cbe5583dc4da69a3dc4c96321f750,255000000.0000
eea579fe9b104d8cb14889db3c60934f,
486afdb9d4744416b1927c714dab28a8,
8ec57da1ed6a4661a54c57d624af15cb,
b23c0f59335d46dea89b9ee07fd7bd06,
96298038433f4f289a3b94e82cd41b1d,
7e2fe3faa3674e2b93ab41073337c196,
402565f343f744e38f59098cab19baa2,
db93362830454256b36c44266b7650a5,
0c915986c641428093cd158f4dd28e9e,160000000.0000
286090d69815413e8fe89b7fc321d0c7,
6b862145f23d4b18baad80c7736e45e2,
d420d293c8d542cdb5cfdef8a7bde5da,
28b9ad95720b434aad6e9a2c09ff8d65,0.0000
82e5aabefee04e0b86464ee75bafc70d,
4f7149f7785b46b1b1c90ff566472f09,
f41f0f35cb124121b2b8892f63071483,347757000.0000
0be31d28f3be49ebafe805405692ca8c,66966000.0000
10c65e6f6db444a9afc970780e2fc328,66885000.0000
6ed9c8b3a023409d8e4ab693dc284242,3000000.0000
4ffbf223c2a049689e2da58c73da096d,
1a5ecacd98a14853962d8b3a38f5fcdf,210000.0000
4eb3af0d1b9f4c96adf68f11a9c091a2,810218000.0000
8ddf408152284135a8116396fd67100f,
d76f352ac30a43478da276c7b0328899,
0d13f46b875a40bca1df2f99b8a783d3,
8556ba90fa57417287292b2d82de40ef,
bdb042e9372644d48bbb4e4b3dc4f9b7,939184000.0000
6643a7b9df3548b686f36242044b8737,532366000.0000
959f2e47c40b4b369f16ced1e67aef9f,229000000.0000
838a0d4637f2480c9f8dc7d83aa1d1c2,
1e5d9366f6c240ba8860f79d05f2c58d,
e373bca49ec8435fb4b0f4a2dd6428b6,
1442875a16ca4635bd87375a248ade14,
9e4014810ce44ecfa192087b957ff6f2,562406000.0000
6b3619405fcb403a9f176ea0b02702a0,232000000.0000
7386059fc9b445daae9a9764e6ecfdcf,1598000000.0000
e95eaf1ae21c46fabb001240b80200b7,
663c7dff064942a79c81ca3fd39e3c81,
8e70be5cf39d43aebd51a7cb68229e0d,
1e40d52c27584b5c94bf6f1aea3df690,
0e1be42ea8c844f6a619052817011ad2,
c19a391e3f714283ba298e55ae0a923d,
ea37364739cd4a66b3ea185460e5ffbb,
a46ff89501a2411883c21a6935b64b88,
ea204df64bd94ed4ada03bf2671747e4,2329549000.0000
3fa128b04c0d4d809205af1ef1123cdc,1859000000.0000
669a234eed5846b28d5d1601e5a40436,
3a5d7b93a4bc4962b882f8fa3b902098,
ecb20f7f4ab24354a5c4c02d96fa439a,69800000.0000
72653905b05b43d99362bf97d38eb050,
f10ddb16d541413dafb5481d888d4c00,
4db7f108e46944a2a2f4a5cb7260b78f,
38eb9c9dc3844ee6b6fdfb44d4b4bf83,
f10c08cdae1b485096d290a9eaa440d7,
a8dbc2067ac44991a6f1a0cf77525ce6,
021de70804e849e7ba4b694375e6b4d7,
9f4a4945984c4331813dc4b0acf26ba2,
24ed79269f344c3f815046b6d3a4dbb7,
4781be7f45e4432591151b47262e2365,14822000.0000
89c7c44c9ca94cdf9f64f3f77d230530,
0805c6038a8e47ba982d65f1c88faa10,
7e4c2199aa374651b4c6c4a0b3f06471,
4133c435772c4602b498315a16f10582,10000000.0000
63b65e67948c43f7959ee52e95f6e94f,
eb3af9cf7e1c48bfb83a1ba49b730d95,
8399d3f0d00043f382005b314d92e6ab,
3a23062ce43a4d19ba2b8893e7a4fd52,
47c119c67775451eb6230beae9fa6c95,
df10abfa2d9f43c281cdfb240670fdeb,
7446864cb5684ac1843b8f6e4431cfc1,
75b1e651bb944ca1b76db5f088fafdf1,10000000.0000
2291e278becb44e780c00cddc37ea3db,
a26189392d3842b8b0b992f664551923,
76fe69add19d4cc89a06c3117d0cf2e2,
1725883865b14eb9adb731436b40a24f,9000000.0000
d355b1aa39c541e09ec859b5edcd5f69,
34616b18aeb64d038f2b5baeba86312a,
8a5f9283d44c46ae8e02b11f49fa9322,
48aa74bfc2674210a5ab48de0386f1af,
0744f8c81ca7489d982690bd0da80972,
8cefd81778cf47bdbee22e108dfefbaa,
b6c9d31fb2d8450b88ddacd672bf1899,
f99de254dfa749f29e6ac4552a41b9e9,
e78097a65d8449b4a83c22cd8401d1bb,
61be76d73a8740ae9a08d5b1be3ae9a0,
4876310df90445c0b7bf06c0f81a5feb,
af30efabfaf74acab5d132bb875bf45c,
ff24b8cebd774bc1a4c7801b10364830,
df720ce5930c4553a042367c758e16ff,
0ce63ab5f59a4fe18ff97036e24cf400,
b43e2e79a42e47cdaa38db16e4994c63,
39f44b9241fc4cc28889eaebd0b6b816,
96ee11a45984495a890bf862a81277b0,3678000000.0000
6303fa6de16a48fdb6e79c85236bf9bd,
e420d156866849c89538bd9b27ae6eb1,
3e892a51f1614636b95b5f7429fccfde,
b14fccbb3eb5439781c64b4da3d6181f,
c9be5cb7b9524d809ec524b2da55dad4,
f7f18a8e3e5947e3b68ada8a81cec689,
0a5895457a9141abbb2bd95d8e385fc1,
9ecb3a1bd90942dc9758f9f2ba93f769,
99db32bd63a74ff68ea1d4d287beb740,
3e9fed9952e64b339bdcac4fae2e0be8,
e526693e43a24c50b9e95b847c20441a,
47636d26a4ca4b06812bc012d44ddf88,
f4504b7fd9014f4fa856d1ba03ffb03f,
9f679fc182dd4e66a5180268be577bae,
7cf07c05d4fe490f8b5bd805b47b7232,
6c21a794c49d4763a8c7c4c6edf22471,
f059191ba51b4bef84036c52965d9bb6,
250ca6b5a3d34774bbfdaa47f44feadc,
8592fd84c656419c8e45b3c34006da00,
73298229633c4ede9d81f15bec5965d3,
45dba373c3d1447e82ed72ba3c206c48,1856000000.0000
0ce43ae56d284e769e4edd21323e83b3,
e523f367b9a4456fb4032bc3d8086cb1,
5782493054554026bda1be443d9b5f0f,
fe7ada1d90274beb91d23903784b7738,
65fc1b47bc7948fba474eac4a83fb5b1,
f9a1e4407db245fdbd8594859fd4043e,
f5aab63832bc48c1b409a607168201fa,
96c14edb4df8444087e1a58e3ac88b16,7000000.0000
d5fc17bc35fd4f339ec79ad2a652176b,
c31a621cd2294837b006d6ddf236ce4e,0.0000
8ad69336c1a647ea98576d883c546def,
5ace4cabcf8140cca253fe998e99a06c,68513000.0000
7194d1395dca4417aed87b1cb2928bc0,
42c86a3074a04f5eb28a43d14d5f94d1,
17ecee2f8dcf49b1a519965ed6d84208,
8d43980589a640009a29094efd98beda,1958000000.0000
8f9cd9b3a1444a9481f33a977d2d642f,
9d6818f8397846b5a3044073b9b5b614,
0e24f03d7a844907820086cdadd71ad5,
ec44e8c6a6e745758e91a703408b65b8,
d7f0546f75ea41ae897d9c304fc7d05e,
9241740270ff49afa7ae80fc7a1b0176,
1f0b5e83492e46aa92713bcda5a5851d,
3e8fa6b03c91437ea2d5df4733c72725,
ce022a09c08641ab9fccf4e67e655565,1788000000.0000
5412d7b380374b3bbbda9643ebc1fe09,1524000000.0000
eb9b7978cb904f0488b37b0f8d7ba897,
ceff4caab188496690fa6c5670525e61,
8d9fa8167767473f9a6f548a50ee4af8,
5086f5b2249b44a0b67be795af2ed60d,
66458177d239487a87ac04b6ad0e4517,
ab322efa0daa454cb828ecf7dfeaa225,
627752bd373d4109ba7de6cf37c24c05,
7ecd6ff64ee64bebbba1a6f7682d4d38,
595cdb0b3aa149c3ad2a06e127f5001f,
ea8aaf6284fa4844883adb0b14f7ec01,1549000000.0000
cbcc9aae4588451fbc1e0372e61311ed,
fcf524bbab56423c9bcc5192795321f1,
f32bd26a3f94457ea6e8e2a5334dc2e0,
32b08902eccd4b1a85d9c51fd7cf3312,
e8f4cf86ceac4fa691940bf9407d7c3f,
45795d04f96d411599df519be521abba,63500000.0000
4559b12a115c47d2bb86b76b471d1bf5,5000000.0000
6e4ef627b62e41fa88b26796b462a580,
d25d394dacab435f8703e8177bcf5634,
5390d1db98ed45b6b47d83ae5047641b,
f4a319b087ed47a3b09034a619930faa,
d99c73895b804a7295d87ce68f8a6c75,
65ba88bb81f740dc85f559c738ac5753,
6b1c39f3efcf4ef6afea792acb45dc25,
e6314b2865b44481aab9eaaa88e7882f,
87621409e62641d0a4e010ffdd530e12,1825000000.0000
8221e826b1a3476592ad751a216be4a5,
6a1a695c67664a16a28bd02c9374a910,
bb2b0bd591c641e899e02d73d3a41686,
17e6e0fa6c7f449aa12f9e6510815ce7,
84e3a75cff5a4325a1350c091268ffd2,
11ce892b1528478286dbd0692eb0c3c3,
f612797f78f040ecba1a4d67717803a5,591506000.0000
ca70bf5e6ca24c82b63c90ed6a2c8b05,
388e5d2979de47ef84b7020dc39c9cce,
331b80ac087b4e4e90a8325c54d38a3c,
7791d162a67c412e8dc83fad4a9eb848,
710f8e5cad3f48a6b2bdeb4798baceee,
b1126f1a370b41b1a667d1bc752ec6fc,100791000.0000
1fdec369956f4d4ea460c66f3cfa84c0,
020b0f02d2714fcca89c527ff542bb3d,
4d66938908214f65aea5ae92a46788e7,
dd81eb60c47344c9a87682cd1f723e3f,7233083000.0000
a88d64d121d74368ae4c854d70d80b20,
f0b20a3e28e844e6856b9ba48dba2db2,
d8112efaf1ae4a5288c35eaa8d61cfc5,212300000.0000
34c0ea87b5124ea3bab514fd706f7ec0,
d4e1fa4a3d8e44faa014df00a2e35815,
fd9d24be44c84d13b1387dde6531eca0,
19691821c7664c0e98e2cf6392619ff5,
b8d344367ed947d880fe8b0aba00ebc4,180000000.0000
7dad7b8731e1493fb11d7d0bf110bb60,
d8c5cb5ee5dd42728aeeb606dc75085f,
2c9128a8295c4e9ab78df5fd8698faeb,
c2d2f37b1a3948f2b8e35ed3bbbd1468,
7791192ca1ac486d8de42fed66eff501,
cba849cf84c6417d9c96ae81fa99e520,
3dee2f1ca6404f26a7355679b4e92d3c,
25c38ddb90d340f4b39e674352d84cb8,
0f6b2e8eaa7a467aade1176b851e5eba,
c08de02008ef4ddaab4b4517f15220d2,586600000.0000
9417693791bc47da82d9d283b5bc13c2,
e44be87c81b64fe093c006d47684ce70,
645f646691604cdf9c5e5388224d3af3,
a89cb83f9c434221a61063992030ee36,
2eb3ba0777664b16a4c4f2262c4bf1e3,
b33f0b062e9a4b4890c91bf4d50cc3d0,
263408860c4849de8a7cc048f2695727,
10d6d62dc9f24d85a18aa6c56d024842,
871d088fd1624d23b1841459ae652b39,
7df2ce4e7d894024b195a2b4440ac533,
ae8d1560b68a408b8aa6df203953a6a7,
035ae8351e4049ba93a58bf3977db9b0,607100000.0000
2c1f664c43074f3a8ca728a35d82bc52,
ce12c02c77bc43eb8b250d44afdc7528,
bd08d9b93c4f4b7c858101fe4dac99ef,
c3d77bfabc2243d5ad1c43bd1717b0b4,
7dfee1ec3c6d4af498add29c9cc9bb5a,
ea2ba9cee6f1484c83edb91bab89bba9,62900000.0000
333e80054e0249a5aca887989f47338d,
74a571442c4142a6bfaad44bf3e276ce,
de1e33118d5d4561ad9c255d2261f136,
1865b6cf15ea483f9182cd0c93f2a7c2,
0e5d3af13b4b4f3c814b3b0568c0cfdf,
b5698b9556ff45c58d174cbc4cbe1e35,
0b80b6e036eb4156a3f6976a96e552b6,
7a1d6e83b3db422c9845cc800f6e1d29,
ed3c6e13bd09405db44899a3e9345f3b,
4fe13a3b76214a4cb4f9f195c41db0e5,575900000.0000
09c0386d11654a708a61a85f21120c29,
a9de398129ed41b99f1ed889d820682b,563500000.0000
c72d6a5907fa44e9bb4c0c3dac6b42e7,
ed7d4aee499d4525bec4ced7e3a6607b,
321d78eedf754f95bcceb2beea76c109,
287c5346e0f148218075d868300ae345,
10978aa48d784d3b9e68b1c9c21d4975,
c575431853fa46be8ba57049005f7624,
1749f337d01848f7ac7420ccadf447b7,
f685a1d40c6044898270ca474836e072,
741c63b723794622b625068d4bdf88f8,
b2568e587ea9495eb6c278ad363564b2,
60a13183fbc943c58725c1b7f03acb46,
60ad86801001498e9f1df6eafe9e3b63,
e1cf0f63928d46dd838733f2b973ccc4,
1880d47c018243f08e3db765d400551e,
4811778a623140d49a875fdc910a90b3,
6d27897893c04c1a8aa2f8d8c00b77bc,
9ec5156028d946258a6748c3d63d4594,
5ef2897871d64cab929b9d9aa2ab4dce,
f7b7a27e92364bb7ae78885ea706780e,
2af31a15cfdf4719b564191108f74a8e,
2471816624924f588315f00269b63099,
369ff6a60ed94d6897408a5cb983bf55,
9b3154247e04431e949c7ef51b03e9df,554700000.0000
bd032d3a84f244499a3c3b3a20bf7573,
c474961efd444538b6bceb25d3809b9d,
b6f5f58042ed48e599faa149eb1149db,
d4565215002e4d5a8edaef0f0fd47155,435000000.0000
2501ce9db3124f4bbbdd2d0562c76712,
32f69460cf734628aed3684d0720dc15,317000000.0000
6bc113d5a64547239ec1471f0ce482be,
349d60ec2e9947c693e236b33a86060a,
6d23d54de2bf42dd82d66c6fc47d320f,
fb2a9ac6e97d4b69b572be2bf43657a6,
332bb3c23e824193b24d54c10a509494,
505fb74bb80345c4b200cd6ab26d99ce,
bf4e9300dd834db5a691f74be73d0712,140000000.0000
7f5cf806efd8492ebd77e3f4396012b2,
3056f2fe5ab4414e91a64c0b30c7d704,
4eb8386cdf3c488fb74c7c7ca1cefbe8,
7203554290164bb39ea0145b2b8bfe7f,
d56bce3520b543249b1b718404147535,
c8ff65961b904677a85358ccb88f5e4f,
0f0cfc4e435d406384a61ab5a4c2119d,
fafe7b598af341939ff3fdc28e064f24,
7d47d8d670bb4f9a8e1cdbe7a5775f1e,
127ba99d5dd544688d0cd9a9bad24204,
45d499b93757415895213463663f5fa0,
f023c633993246eb8b2ac230f75a7bc8,
210a1a3f52664e2eb059a4803c4e3861,58555000.0000
4aa0f43b22934c97a37e19964ac6d599,
e64e2674302d4d4783257508be87b8f2,3988400000.0000
1daadd4fea954e29b8f57b4d00cd3349,
1cfa43e9dd42477abbde3b12246fc23e,440000000.0000
0b4c9c149b374729abe1e4ab436e6126,
d66152ac73374c5a8cd5fe23b00ba84a,
a09ce01c77d748dd9516a06a04eeb3da,96817000.0000
ac21ddb84e4e48a098c21fc25c3a4f78,
8a49f4d759284da99a6c773ada2091da,
1aae929f1f1d47abab3ffb6451db8035,68094000.0000
98fdb530b85d45da89dc704d6778a5f9,
2bfa48f9eaf441578b9e8b49e5010f81,
59daefe7fd8c4802830dccdf0da94f3c,
8cf1e750ff97484da2a19fdb996b691c,
c49844b452ba455dbfc52964657e7fe0,
2a457c9bc3cf4371847c5792d80b7104,
7fff03c9c0474e4d8bb5a3f7d5a2c6d7,
c01473b3f15241a58df4b924d379d9f0,6036800000.0000
05ca5144a6514938887d64d50d3ad39a,
7aa059b86607475db8147b231869a2bb,
5527df2f61d940228549481e8de5a03e,
cd4ad83287ed46e2afd7995f0b4c54b9,
5831a3643a1348468479ddebc1316c21,
1ed97004c0d04199b57cde8e1b2c5cb2,
5e985e74aba74435a68c61d8a1727b7d,
d65e282fd9714944959acb3521fb9175,
c70bf75f4b314c2c858d0ee0ab3dfd05,
a2ea81734fd84f9d82bc6255354e2b37,
1d10d9de892f424c9a3016451bfdd118,
eb641fbdc2484e278cd08391c7cfe2c3,6901000000.0000
9e5ec387616341c7b9d38357074640c5,
3c9d2cb0b6cc46aeae6ac7a4cdd81fcd,
28c97923506a44a5b597c916849dad52,
60d8936f112d482ca10bf53a868462d8,
ee9556541f0743c88dbddae738b36f9a,
5f70a1656539481d89088edc65093d3d,
431f731b71804217b7d605a655d7f794,175000000.0000
b0a5d8f34c264cd8aff153d8d907d9c2,56350000.0000
b12ff2456d2f413289bf5bdb1e6d33f9,
70eb824c8720410cbd2d59e41ee1ffc1,
fad923692c014d29baec617b3387fc99,
ca528baee8b5486a825072e83926606f,
d7da3b3df95b41f2b0649b3494b3385c,
d97115994aaa4bf088dcdcfc118aa116,
411de49c0968476db8fe7e68b48d008a,
fa21713c33f5469495058b55c06cefe6,
881ca144e8604673ac192ecff9c73db4,
201d5b0810a6404abe68d33cb9f81c5b,
c57d1b4e26f0413bb8d854cd7aabf6bd,
a377c5aaa471400598fa286188801f56,
409c8ed450d648389293fb782085da40,429000000.0000
b5d9d5e1dd10466cb192525624d9af3a,
145d068a3f9545ca8773f4e94a5595e8,
7482e2d1935c489885156ca1410d4972,
e85390b744bc43d09dae0aab63e237ed,
c971e197b07f4cefb663d7b148f667ce,
6dd03377452d4b368d8068a2771e1040,
051c7412d40d41d5a51072e6b22d13b9,
06dd1cb6f2164bbf88ce842de838ba8f,
d0377c1787414d2f935e18b5f88bb7b8,
6f630b72ad874ed684f356b312d329dc,
83a6459f11ca470c9c20645a48db6d2e,
822668052b0644b39b7c0bd1145c2b5b,
97b815fc7a3441f0a0c14ffe3c25a5b2,
a0eb7d08d4cb4156a635be140d5e9841,
081c55793fe6431f89b20d607ba93434,
40cf882175e74c5c94acd73db363a1b6,
b4fa704016ca499ca2eb41829d016293,
cf3ee9cafb7040ab99b1c8f1bfaec5fa,
628a3457af894985accdba861dc3c56d,8222000000.0000
b04c5ae897de43f593ad1445a4ada258,10359000000.0000
aac4fd1a021a45ea9a7fb221dc5de79e,
0397fe61d01640678cd90583ecbe2876,
8f3f25fe4fdd4f86a3e35163c4fa97e5,
5069bddd60be4d0a9d6260f8cdebc966,11871000000.0000
1ef7efe01126416c96a61a57050b83fb,11871000000.0000
eb45b29abc6248e09191dc1564a9e68b,
d0259c41629542e0af4e4622c6fef189,
f22b42253deb4b68a33f026484944e1f,8416000000.0000
64beac226f1b44d7a4e1f93075e02c71,
627dc2a1696242eda690e5a62dbfcb69,
d5a53d5d6e834d17943499ec55a5b11f,
d17c8913d4294885a0d397400d8f0397,
2175d60c2f5e475ca9c66ea346046f87,
80f2046f35a2496f90ff6b48eaefe219,
b7045257b458479282e7b611cb9ec25e,
883f9971802e4533ac56f947c6eaee4d,
8b1003acab28469b9ec1b791cb5a397d,
07b21222f0ac4f9ea4343ed572c5ec23,
cc053729ce9346c49b27cf85cf7398c1,
a04bbfcc2f6743baa65e5cdad918d056,
29647dacf667477a95b1134d85816b2c,10296000000.0000
5f66735d17c946ddb1df47da813fcea6,
fab14b4eee1f4b9f89d4fa5502f80602,
5d3603a12a334b4b9353a71872bb1c94,
5bf76efa335a44ee98d881c64671876c,
414105e3f1c24ce6850d1a7a1dfd5e9d,
deee533f17cc41ffbab3f723e15b08a8,
d289c071f5274381a4d84466b358b971,101205000.0000
18c7460b62f542d9a9691826c3f249c5,
5cfeb4a5d5ff40b3841d0ad34aa64679,
f03b15dbcb1c4bfd896c50731e753c5d,
04eee571d8f545b4a9799c204e728eb2,
8c45700be1da44c8b7fd62d8d4e5784f,
feafe58dd4b74386857446e5c0a173f7,
9a6460423c4a430586a09ae6fc9f9245,
0c78db0b406045cab8735d552c1bb449,
bbd13b8635174e4ab010aeb738f10207,
86dfbdf29f48400c954c5e6621b0ba65,
8bba0e49c98d46db9cc30a28aa095905,
bb76908022c74cfaa85f47f87e19ca55,
07cb7215aeb947ebb0f91f75c74454a0,
ae093f941e694f358e3c6d6e9fed9499,181000000.0000
3918e806212b4b03a08bcd785ee04674,
d5392bfc70b14797b12521191d26a41d,
d2b3c2c760c24dd790cc3ef053183bf9,
a3315197a4334aeb9c736da04521baa3,90429000.0000
2aa76ed4454a497cbcd87ca406667dce,
283dbaa51c5946569703513d196165b1,
a765b90e9d0a4fb19ad26a55a6400c82,
a526ce40a019440d9e6e4b11b1daf650,
abe85c915f0744488b184cc07b5f6083,
18e2002ea6c84b72973b340baed016c4,
e2aecec8c8cb4feea5d60206a05d8083,
a5046c7bc11947babb6dcc07fe9b2461,
f45e2093ce064f24af53929c1270d3b8,
84ce55279be440e585f332af4fe4ca90,
9b31ba99f962455db3eaaa91ea94be85,
4f24ad3aea2f418dbb08fc0de8954f37,1153000000.0000
32ffb608268c4b15b2b305b6f63ac9ea,
518e24be2825407ba18f44a31205d03e,
07156d2e8c3d4169a3b1ee7c431aa32b,
f6a47248c97949c4a45b780543ef7cff,
94013493f0324b64aae898d87d15fa0f,
3989f14eb9a3454cb2ca7f0a7459458a,
487c9d22556747c48251297e78d31254,
596d527a65e741e9be9df9dc26c54ecb,
acab5d787c2f40609b8a0b762c027a91,
04934aadf12a435f97c0921a8ade4691,
bf72facd34d64721b7b3808b8a6ce5b1,
9c3863477ac648a285e7e644a3819fde,
ee059e3d64e84195b7548e0a69adb2c3,
beb03e422e584fda8744e8194f8b58b4,
5ff22646516a42d09f3505cfea385b35,5610000000.0000
063dd34c62b14b6392226be25988bf12,
450e8ff17df24fa697c9e2df04b31c71,
9e6e1e7287534248b3f2345c39f7d544,
6b5d77977c87482e94544e2af9831e7c,
b35681fa899849018f31241248ce30fe,
fbee20669fb1425b82f1647317b39744,
f175c57e3d5546bda9f7c1e7992af275,
a9c95e6979004eb6be46ffa58ddbf571,
6405bf68c489476fbf9248a42f6ddc19,6266500000.0000
6d53dd9936394688acae44806dd63dec,
4550a7a86d8d4d2da6356298df729b57,
3a226ff1063a493385188b59c72bdde6,
292cc7c801d349fabdcd265f52db8ad5,
430baaafc87b48d6bc5f2843c9fb3a67,
061d4c5cd89f49b09c5bc21a28b7f874,
b4ce8be42e0e4eb98e46f5c3ad0f7f80,
fcae1e99e52c4b65bd67cacae4efac7e,
d795ab4651004dd4bfdef9a1a898df0c,2960000000.0000
21c576ec8ea1408da62a0e1d6b06b5bd,
b544aa5d97334a6288475ed80398fe23,6702800000.0000
6702b16e26604b6db3b8ced816e1cb3f,
4400b946920040a4a3c50b91693a3b8b,
7a375e4dbe904d35abc0cacf9c84080b,
c5ecdbd145064cf9a59496eed546c4e0,
aabc34d65fb94b498d15fb66cbf79409,
6395d44707de46a4b3f2e73d1c38b1b4,
3aa488cf00b5474ba21e6c8740d68dfd,
f3e5159dc0b843afad64541071cedabf,
1c413404e69648b0a4faf5cb668ca4f1,
4fd93c037848437494a45dcc0d04dcb2,91375000.0000
90ac5a42ee5345c2b86a7d90ecb500b8,
2072663d9b3c4ef187bbb5dbfc04938e,
ee732497ebef4946a5746828438b7ddb,963000000.0000
a46005fe0f8744bfada0a20c745903be,984000000.0000
e111b5d618c74ca9968bb2870b1e7b95,
840e29e5bf284dc887b3f3311ce7547f,
653b9ec601c64486bee92ec60adfcad9,
ca56ea405de148faa53eb25e3e56d43b,
99d738c7e18b4fc495bcc432ee613208,
80e86efd5b584c0198b1dee338b610bc,
13190019bc8a46e5b34dae7864406122,
c9fb1c4b3cdf435794d61ce81ff0c2be,
521f762b16784738941912695b53da95,
aa6fafb57ded4e8aa767ed7acfe27e88,
004aaf5666994ee68479bf9f5866893b,
aaa0701f46164af4a8c69f611a9238ff,
fdf14b9326d44952bfd69f626516732f,
974fab886591421e8fd5b87e0f13257e,
968745e17bc74421988d7394f41f286e,6629500000.0000
2e21046cd6cb4835ba730f1e3a9f2d35,
c737530ce54146d4b30960ec5e64001a,
efbd30d9c6834049a47851a06a5fca03,
5cb11d6f649843bab2e2e21ac2ec71b3,
bd8af49485e24f1580de36aadc323d12,1160000000.0000
9e03f0bd7c4d43dca07f1f2d9738c719,
21733af9b9b94c88900428867238b61b,2455000000.0000
e947ec445e324d66984c2148209c10be,391113000.0000
c112330b1a3a493b99ff7738fa69ebf1,
15bf320f0f734751ae56c0510688b9be,
8a6700ac99f04beb9c42b9251e3f5661,
e1352ac2b579453a963d94a1b5a9d892,2049000000.0000
d1823e2c6cd54fb297b9b021f1497570,
4af9b465dfd848a1bbf18e2889ed2e07,
28d1a0080b384166a4429e7d5fb808b9,
ed81541a89064a9d9b0cc8a250fe26b2,
ce60f1a95eff4d23a9e56a76c3f257f1,
21bf72217b704281b4c1456229c6f40c,
f1bef6bb8ff64bd38896ff6f37712db2,
b90cea5149454ee28836a8ae6cf7f609,667949000.0000
7d38108456164d05b06f6c5ce45953d9,
74f80070c2374db79772277b835bf198,
aea0f931096947b49fcd3341514cff83,
36cca7cf8c904d328052f29d6e7261e1,
1112060e91074757aadf1d1153857197,
79ccd8e80d034fb6ae4ed978aa1e6a42,
95eab7b76c01469990a6c3c23ef48ee2,
d0d7370918e542a58d21c1e86c20dcc5,
4c19c3d626874a39b8f3a4a88a6e7878,57038000.0000
ce0d0bad4b854750aec472c9886ca30d,
ea08907490f943bb810fb38f076c0db2,
432201aa50df45d3a6c4f6a6571d8d5c,
bddab0c4f839490693579b8a421a5b5f,
0e56c3d50265435ba0cead2fbf59339f,
312c409697ca4b1aa57b422c17889fcc,
76109ce8b2c94677ae46f4e8db150dfa,
19aec185c5ed4f77bf5af6b4ecb5e95e,
4409232475a7401e831b97b916242aec,
49403947ebe649fdb1b52ba7fa3a582f,
68d69b4a65274df39bc3a7dfead63130,
060aa928b851423b80ee7808e0c81f4c,
610e0bccdd2544bcba84b35e8a9b91fb,
9db2d93c928f4ea4ab8b0feda32ca665,
3038291a5a1140ba98cc45f672f00471,
7a0217e610574442ba58b0f19591b438,
005b938e3c87450f9ee2ccc6cdf57529,
56ffdbb072b344489b4e3f9f818bb927,
42dcd9b597f44191aafcd2624b7e784c,
9269884f8b0844108debcaf7289ab980,
475244bca06b41b3a4040afa9a289ea6,
eb70ef207cfd4105bbfbb1172e32c115,
4f9270d4887d48b68a1f4e9cd1d8df88,
1092cca4b4b4437480edc8f1187187fb,
6c910bea620b44f28167fa3f29768c6a,
3103a40a6a2a44d6a7954f91b640e319,
7df84df95dad4632aa107f5e0188779a,
77b9175c96194a14b2cedfc04209b184,
c708340e79b44dd09e2558652fd1f1e4,
ef419e01a8e2450387cb6bbe5421df80,
9483bff7375d4643acb12a5c3765775c,
0389e06355b5429eb353cde29af03f2b,
b44319cac8fd481ea6992b307ec311f5,
13256f61e1c04f48b5dc48b1fabc85d7,
690430befc3a4833b2e569941c0534fb,
c1c6d39f5c3e4c25b8648a4144fabd42,
8241166cd9b348399e7376f2035686b4,
1d32a140321e49c48a28a7ae35ce9a10,
aa9197d1f1074a20b25434bd87699e94,64200000.0000
8375eeb03a304d34ab7563a7b0c308bb,
db40ddbcf27a4cdcaa4116a1ffd129e9,
da68b5e2748a4a069633596b432691da,
ccfad7df6b6d4cae930522d05f967a5e,
7a29af3d95d342d4b601202584abe74c,
807b12f48c604aa7b659df88f03b96bf,
dc57944a09834d819a4928ada4824d67,
2c882bd10c404c2582983fa2021bf510,
2a795cfddc7a4fcc94ef2ba77e324ab5,
fd9c5c4cdf12486e9d44bcb8cebe0e74,
ec0a9a1102114105a890e4816dfd29c1,
8ca35b2e44be4ab1a12531375a5c60b0,
7cb3d16557994e5e8deaeb4947944c58,
34dcd67a026e4ccfb1236305769afb50,
11bf548b2b2c494bb0d154c433ae0f9e,
e1bf0f90299e4b35915d3ee571dabde6,
49b3a7f523da4aef9bc6f92d1f55570a,
7830e2cc6f194bd68379b1e1afe30dce,
71a069de8f684909a5066934f3ab7ded,6171000000.0000
eaad388678124577bfe227712d9be582,
db6d195f1edb4c379310adae67618e0b,818727000.0000
7503b22577e6494fbda99793a825fad8,
051f66ab4b89455796a1b79ae82a9a8f,
abc571f9e98d4c67bf1b236fb2d59eb4,
745845f9b15a4caea68d023136307bed,
05ac406cece646a88404d0f3cc509afd,818677000.0000
dc4f0df91d194500bcbacf56779cc83d,
dd415e42486b4b099a92efd6c6518ea2,
5100543660eb4d7f9099e2398bcdc4cb,
e994db77f5444cf0b68741530cf50eed,
557f86d22c8f4451b3f0ddd4a5734f56,
20523eb1540e48cfa13c1e9695f8ab60,
586b7a34e20e411bb2383af639661820,
356d4f717016407da160420d88f12a50,
9f6fa3ae22b54ecfb20e7a71ae468951,
3754371050e943eebd5c400353681430,
8ed4b48ba820496cb9b18d830665b022,1023028000.0000
6839c768030d4c32b3ba755123541e5f,
56c982f8719842be8dc7da8872b0a175,
f7e77cf985bb4a3fa196226fc49825b2,991932000.0000
370b525d96da481abfa1c942b8e11438,
c8caebb9fcd041fab6cb07c32ea8bb40,
3f6fdaedf93e4a078659e1f79b731eae,
6fb2a01c4fff48c488887bd9dcdc8809,
2c23e3fd19954b13bcade3be928f301a,
e5d379670d1141239c10d95b8488600d,891716000.0000
488497d53cd7483ca54d83538cc9a360,
e111befadfc64d66a5711977cdbe84bb,
f6eff9d5f857443f97c6dc6236750e8c,
884bf0bf923c4e0190f57da66caff726,
13fc30493d8c4fd3934322a3bd90c02f,
c3208ae1004d44e3872ab1328f3fbab9,
246f3fb30746457f9504439d3e223bcf,
3c7b6bdd103f4ec1bcd52e4133176700,
916b52b80fb048b88e957a6692e5908a,1875000000.0000
9e766023458d449c8cf58eb0581dba57,
d355e4629def426bb71e8cfd2430a608,
6ffc447feb3f4c44a62ecf8be3b2cec9,
badd2abf7de04910a47e8d87a36c1b21,
cb60998bb3c8472f9b1851e426786cc9,
c47431b65b9d45cf9c454b2105e26558,
8b27dc6a73464b6eb7db683cd74d751b,
b9c1831653d843c9a21d7813880fe07f,
034f840c63f949c6913f7e7db33a3359,
32a29bbeb57741fdae50731271692e39,
0a8ad2b318db4461af27be5679994ca7,
32d8d405b5424ac7bb6291b84e482cea,
994df50d094e4b3c9291f0aade7a80fb,
033909cd1756405eb278125b90836a31,
3469a69294304fae88b11b3b08ce43d6,
6a9c53ac2a3d4220af3ce0b788aba3d6,
3e40194cca6a456bbff3a657fdaf5152,
c22be84d6b064002bb709110839fe8e3,
7d487ab85098478286e84c3611223b3a,
7cd7c0cfff9d4b0d8331dbcbbd37836c,
4a74bc5f21b14038a2ed104a25be2c8e,
f5537634258a447993d5c0672c2118cd,
43599b78e9cf49ee986ad1b320af5be0,
12b3d86e195e4369b9478dd9dee4854b,
dd5488c0884c41079d96d8f4798e333b,
7e2aa90b02664716aae762bd15643467,
4890b1d14fae4cf782ee8c3dc47ff302,
61692467c76441978a238f23850df60f,
7b89223d0a0344e88147258b7a570145,
a191659148254c4facfa0c3282364312,
4d09dc9ea9414e91a448e5ffbff2c224,
33a6d0d67da646dbb6d88a8c1db1e7fe,
4db08ee318d24be8af8cc264d6667564,
e413ddc6416c44d196611e6af9d7a53a,
7c7605815a36432b9bcb65591ed859a2,
3f090b4456324be49802303ebb7a30d4,4306000000.0000
031657187ed94982bdf72fb571e31cb4,
34644fe0cef9480298c0b5aa24827779,
8b4e4c08754b4a88a18b371e9a0debd1,
365137c08f5d4c779e2bd3be56b5d675,
910fb1b166fe4f66b2cad4e667a926b2,
67e7924e59ac4c589fb9d23a73ce3a61,
5fead33a000a4942ade394fc16c2e79c,
f72de52590fc4931a9bfa977b2eef460,
ee99bc02dea4492cabca57adb566d073,
f9c0e9e179a6463793a6b73cf8580810,
2c68be9895d74e028a0c478984115d6b,
5ab546a2ee5d45c59e76315f6670e72b,
89839ba3a55a4e8bbc68ec6fd2ae9a38,
83a4884087284ec7853751acd9857f55,
829d6275b6f246d791415ead95ca4b73,
02fcb3e3a6ec44a085be396dfc9fd221,896000000.0000
80df2b9866fa4e4b9bdc9e52903075b6,
4383a43c10ff4796b1b32cdc3df360bc,
83a8427a5d3047cebcf9d659108f0b04,
4375157e94ca43cfbafda3bd817de8c7,
56222535f1e04a958c59524309005339,
d837592b36b74e94932a8521a51adc93,
29629d5a838c412886c0f67d34c1abbd,
8a32c45b14b94f3c949bdda2a18f27f1,
8c54731d333044c1a6dd03bc28ac76cc,
8a0d89a2d6224d8582330d279c834f17,
da4f574a8fb144078bb74455ef88ade1,
0a514cc6058f43b0a818a2ef6b39b127,
141c144b14164246a64656035622dcdd,
c8df3083dc7d424586c22cb1a6115638,
f81ee691605641748908c493c6e19495,
8baff402b52d4e9aa17e5aa1b2af0c26,
cf69d6cc01924952993976b66a7bc082,
45d3a892bfc04b2a83d062874418bf0f,
99f22398f6c440a8b0f9ab6ae80db483,
1dd968d2ac834cdaaea62f82ca977804,
f960aed9c2744071ab8ba8c83fc4e3da,
4eea256063a04ec2b5a0ab4e86f06663,
8497d487f23749c5b2a7f5d9f968250e,
22796838e37c42f69b1aadd6231e71f4,
e57d439620614d2e919d85119e4bf325,
20df0e3606754bcc8d784d04b32de851,
2a8fd6bf171b42e5b8d6f9e6ce306030,
4afcc6ff3c4e4ada98b2afd15919758a,
67c297943241448989c4a6887b11964e,52007000.0000
6d2a4403ef584503b1ee1901d62784d3,
d2226f05f61a4ac280f1b6526f2273e7,
e82cffb5e0a644a680bede46372d0a65,
be8a966480c1455384d74d4cadb7d8a3,
b356d0497d304a6fb88cfb6f17e0c938,
20abac4f07f7418781f15b31a6b164fe,
d0362886b8b840a497b431cbb4cb3cda,
26f484f0c4354285a0be1b6a7f715eac,
cf25ed3996e343efa23dc04c0554f89b,
f9bd8e057b1b4a5b9bf94bd5827fa265,
c8d0696bc9be4227a4ff69d0d85c1971,
186981f6c986464e879c97936caf34e4,
cf4726b02c4d42c88f4d83705550268e,
b6ebd06faad64972884f47a1dd478fc5,
5966930136b9422f9ad0406303477efa,
f131f9ea785c48edabb3a34591fff6ee,
b100eb6f786e42fdb48cefd006d83f35,
790f6dd6fdec464c8dd18b3d326fd9c4,
0831320b151344499eca943a9d252c29,
62db9df7a62e4e009587dcabda8223ae,
dd4c2f1d131b4efba06e018527acc624,
43978f7d1e92407da3fe7eee9ecd3e6f,
216d10e29c0c494092e11590766d8375,
c5c4f2f8b5a74ed18368a65be6c2a1b8,
9740bb9b89d74d84b4ddd0c6ffbffad9,
2b66de99030943d5b5802e75576f8c58,
6d7689e23e8e4d2bab5a335a69f02734,
03d9c6cc7d6241e398772a0fa749f17c,
c9636d83fb634ffcab83c11b81384e42,
4b13d1f0972348029a2b9e488306b04b,
6fb2eb80a2424c8f8fa3f6ddd30aeaf2,
8dcce705541349bdbf7856cf1511e17c,
62a54048fc5443738d56c69c5bfe0dba,
367fb3d12a41458d8e5c1cd722923d59,
0c901b8abf794fbfb074a3fa9a409242,
4237e53ed4b34225b3f5021bf9f3e90e,
924149a911914141b9eb214726437d26,
12b5fa4bdcf9447baf347506af3443ad,
c19b1a49cb2a46ddb76c01dc5a5140de,958208000.0000
6de9a5ee6e61484b8bfac823aba1d027,919439000.0000
02e155f6600f40be97947abce0c63169,
f768e3a76e304d16901cd9cf770c2fac,
5863e72956f74995a6ff29490cc150e3,
cd7e5a9cfddd4b309349af315870bd04,
b09a097cdb184e53a53bd65c94e97024,
64698afb74254a129b66cdd5ce22e0c5,
59759f40b5324983963ecf11ac6c5b43,77108000.0000
5eb24b570e414fe3a9e0788038d55bce,
ce0e280ad6fb445cbeb1540c9d9893d5,
e099e16c63494bf79e16a14adfda91e7,
0745a82f48464eb1be04c15fc2f8524c,
1d6f50d6ae2147e2a13c8d93aca60945,
396330f38f004ee2bf15a6afb7374ef7,
cf425be9b0034c24b9b1b3be5ac6725c,434000000.0000
639d9a02c8d444c5b859f665c93eaf89,
79a6e90ba12943e19bde7df330f84cad,
f68f1c817edb4ce692d3dfc8e3ef4852,228400000.0000
c06af50a52ec43bf9fe75a7e9f2c88d8,253700000.0000
98e551b7b87042cc9053aabd996c3dab,253700000.0000
dc3320cb975b44da901590fac91d9598,
f78192ac1d234b2db6a445d3bc6a100e,
b4830a5c1208458d9ac310504c946fff,256300000.0000
75f361fa84254921b724b16fe522737b,
62c851a244394361911474f7a9147ba8,225900000.0000
8c7b6492b7504cfdafed7c0f14a1657b,259400000.0000
220f15e3817c4725b7e35b9662b1ff52,265100000.0000
4fe2bfdd87cf4e5284625180101862e4,262900000.0000
b3fef007f24047679cf8b5da3519a98c,253200000.0000
a9414a35a0b847c4a40008150b04e2a5,
beca2a908a0e4450bd493cec19063ed1,
b9d03eb029104f6ea0b21ac1bf9e32bf,
c86fca987fae48c48fd909d086ad5be3,230000000.0000
49edc6ce2c6140e6a37b4e9d59343a0b,
a938d41a1c914e8ab1bd8ec4beeed049,180200000.0000
ae888839bba14efb84ca1e752c5ccf96,
ad3a5c33e35c4dc78e463935de08a72a,
a9010d9bf1de4611bbac63632c150e7e,0.0000
d705ea947804415d83060ac095016c93,
4e0b41ff6e0e49c7bdbcac6019782b6d,195700000.0000
7a0a8b91de934e8e883e12ef4747df84,195600000.0000
cae6b392f1414589b5a6faec3085902c,198200000.0000
b1cdb756446840db8ed7a28f51e25eae,
c57f7d50a41a45b1b6b4a5f71cb9bc5c,
271bbc12a7b94578a75749ae5e314aa8,
86388ec5186e41098a0c2c8756f25043,408000000.0000
d891fc1a50254243ac4c61f3c5ba06ff,2154000000.0000
1c84d194625e4e42a6a8eb3bdf3a2b37,1860000000.0000
9dc74f43be9b4e5aa8d34d6df371b28d,
b87848ed67a7467f8f9d349dbe1d5f09,
4f4e6555eedb4d50a89094a357c3ebdc,
5447356e8cdf44ef8eefc9b5bd93efe7,
e964879ccc69409bbe9ff2365bc5ea7f,75813000.0000
cdf50aca6e2140a7937a20830fa727d5,75219000.0000
9f56b146da194585b0fe011dea8e0579,72561000.0000
016cfde0ffb04460a34ee8e9222772a7,
c994e701b3a54e68bc38788756ebc1f8,
6730fc71e8b3482894a5f0ee3b5e95c0,4103000000.0000
f9f4197b117e42548bcc190d83191ac0,2874000000.0000
be3d83cca4914fb59882f3fb3b7491e7,
6c490ab0fe0a445aac8c7e85615b132c,
107885c98391462886af552366cd4527,82857000.0000
b8ee83f878a04d288c7befaf40135223,82114000.0000
7fabdea9208b443fb39cd5a0342317ad,103573000.0000
c34e828ed7904e21b0965bada5625102,
379ef3d0452e44019ceaa648ecff5134,170613000.0000
62a5a57c87894bcb80bdcb9673bda816,
c961c6bc280242f5b6f9d0029241f5ad,
fdb0dfa175f941ea9c190e2e2b3c5a3b,
7f18ee972e394382b44637d91f680081,
264f14be0e05420b912261d0ff7fcff7,158308000.0000
42a31760ffe6434c9795de453accd16c,167442000.0000
d5cb78c8295a435893606a32f2727a86,176731000.0000
6992768dfcb24ad8bbf5b62b9ed0a8ee,
9fcd96d42a3440e2963b47581ba98416,
57d731fe516a47a39183ca509917acd5,176161000.0000
09470af1cab84777b1008fb25d264f18,
5d8c33a2f2b14f0791a4ed375752b0d6,
a6a59028c7e642febbfe7c6f0a8e9a11,
2e45a1084e9f4c00bb40284391fec47b,
d82fdf8d7ba3435ca885098d3607ae95,
fb18846b25d94e4f835c5f0029f681ff,
85e4ca6105ef430c8244f02e602912b1,
10a52a2dc6434a8c897cdfccb7b29191,
1f0194232a3f4699ba46a568083023eb,
80ffb0cee83e4a4da8e08fec1e2fe4bd,
4eec20b79b76461eb4d89f74f02a31e8,
745d619184064e0ba3abd964cc6aa156,
bfc97a43dc424ee9aa2354e86f696837,
7ab718d33d3b4aab9766fe77c6a2aaa9,
0df076a48a174771bfec93a51470ddc5,
35a3237075f6426fb77b652f9db8ec14,
3d882fe1f7f94d2c9a76ce93db003422,
76c5c42feb3048448b1b4f24e2e6cec3,
07000224cc3641088ec603907e994556,
a1c971fdd70a4ba4800756a995e7a891,
c91a3f99c7054708ba845060e1abed1c,
6033890198574abba0329bae71631f97,
6ce692bae8994d70b440bd28cf9b70a0,
f9d412080cfb4997b1b5c847634b108f,
39a6efda521b4537a32ea2115c9af22f,
06a5d639189d4bdebd5428b0c28c132d,
518e57b1bd724b8fa309dc59aff514e5,
d9d735b8bf4f4417a08753edeaa67c6e,
33255da5c617483a9b384fc37c0e3e53,
fe95a14e0110409191f6106437799d7c,
8f0ca89ce46f49eb84b5c684cd086db6,
fb1f4abf9d6a49db833bbd02ad0bb5e6,
91cbdea4eb3844e18008dc48d895f0cc,
43d0a53609e4428abe2295223a41b473,176161000.0000
8fe399a741994ffa86c51863acbeea33,195000000.0000
35ab4f5803d945dfb6d9a7ad01466def,274716000.0000
f421195075234224bb62dfadf7d1d35b,274716000.0000
b0e47c3206c14876af4a4c54d78836ce,
9c63b25403f54871a5d35266a6e392f9,
f53dc472a1fe45918d381a657bd26636,
35e6fdd96c4e427f87c5a0ac6f8c6b25,
ae52914665934943b0d2f747bc9f0512,
bd9d3410583b425c88313ec7c4de9201,
98fec32defa640e391f950ccccc9e974,
1f20a724de4343f594db1d3d990f8fa6,
c5b34dd50ac046f6b8acd72d344c5b4a,
c53962257de24505aeb54482aa5eb471,
b9db8b8b9c8f4871bb2a88c4a1067fa5,
acc9476b8b6e4b1d80ed6a1b87165250,
c605e1cb94064776a48ba77c20bcaf23,
b508df347c3144daaf0f1943e2ceb1dd,
2be3c7fba6e1428ea4479201e440497d,
3fb79210342c4e99a85bb919e354464e,
07e79e6ad0d34e0681093d98ee290765,
729fff1edeb140f28a8f968ebdb79b89,
ba8468aeb102477b9f3535f0d2360a59,
432a17641c8e4c09b54a82fa216b3866,
55249cf3f2974a29b15a0cc95166cb95,
caee3c0180234e3eadb2e1c0ca788ea3,
f2219a63175842688bca30aeb5b66f23,
2e9ef6c94b674e6f98223620fd2176f6,
6acc55e692bd437a962aa5a85aa19872,
ecf442ff317640fa85a6f7eba37f63b5,
a173ac3e69a347cdb961941d58efcc2c,
9166552285a44b1b8950dc19e57e7233,
ef52e3e8381d4f02ab317dc2199a8ef1,
183a251c8541486e9e5bb03d7d846ab8,
7dce4bac109043fe831bad4a507748f4,
473d3fcf89a04161a656df97e900a79f,
ae8e33e42f7943c2a15df87c9c52b690,
f27e28e6b68240f3a06faff259e77e4b,1901000000.0000
5c7625fb3c1044f38f5624ce624c2217,1901000000.0000
56ab0b3d389242f893ece04ce891b1ff,
f12fe8b9ef4749f4be6699186cf0b3de,1901000000.0000
e650f9a6a11440528757ec9e414ead13,1901000000.0000
d438710d3b654a4f9424735dceecb995,4316000000.0000
708c1508a9084da5a77f41eb9573fbc0,
2d6ee6232f4c47049e77a0c9450e1ef6,
b689c4d87a204b598843ea7f7f333d29,
853b1534000f4a53a6b48f12c07347ba,
f70bf8eab84f4d0ca2fb040f5189c95b,
5e662514b8974a30a45ec6a246ba7a0a,3367000000.0000
d6d80d55d5d845a585c8aebb675a1f39,2175000000.0000
54aae551c3e4438eb6dea73928d640f3,
8dfd433148164970be6de2c250c7dce7,
bec5efa237184db7bc112f2a5a261fba,
cfa2b9f663e3406494c5efbdedcbc08a,
180619b833a94201b488f73b6c4e8985,
4c58eaec3ce94cbca2cda89a36445090,
8733ff39fca04903b9334d7c5aaada98,
df03e14271d846ec8a8d7bb1979b3cd3,
251f721e99b0456880aaa207a9d46d9a,
bd804ed244bd4a6c99d8c63e95d37dd0,2444000000.0000
f326686c8bbe442aae4668fd65d5416d,
fec69eb5fc7e4b109e4c00781087e445,
6552950ac66847729ce4fa6f07ed7a22,
275d5cecb89d4650a68e775a3db7b2d7,
dfeeb63f69a244e095000dea95418e09,
b3bcde1aaef24d6c8aa3560b3f8d1662,
a25bf527a16f4ed5b2a1d06f8e7cbb15,
8940a195c3a142fa9815ceb9be571090,
0c80e462af3248699b81a890a08fe5db,
2f653cf8d30c4d43adee192703878477,964000000.0000
638129f072264aa4948646c01e1b0390,
b6ad1d51baae4a03b29986a548e3afb2,
993f8088c41545fdb104ca82df1cf6e8,
8e4525ac7edf46069af694a265c9f7a5,
8b22e4dce5dc45d8ac8e52b5c8c11682,
7c007bf40470431c8fad655de3469b30,
83234bdc7fec40a693fd3d02651f2693,
d92f958e75bd4462a4a9477af3fb1813,
717f926825e94758bcad111f7c38d273,1361000000.0000
0d2c0cb4a26f4a3cb6af59a295c7f437,
00192646dfb74dbea347cbd1442f230e,
bd30874dc6a647fcbb85b9d6be6f6184,
04d7c2bde3e94409873a6468aa999b78,
198f610c789545ba90737a7ed9f6683e,
dc2d4fe526604e96976fb436c515a892,
ff4f61e15d4b4b0b99f3a3df40387c75,
deddf29a74024898966855d84b024fb1,
a1de9f56efc3469a934b97c533309ac4,
6f68270a9b7445d8aedccb71ca96f8cb,
fbb53033ee234cf197d87aae49d05143,
6edec3d2a5654c12900c497adbe2fd1d,4316000000.0000
bb4898d1c75a4c1abd992bb576f97352,
7cd432e64a1941fa86ca21456bc52bc4,4316000000.0000
587982d12e52422daf84c06a6a8e2c51,
366678b1c07a4bc0805c9e8b5ccca686,
18f0f6237da04f9bbca2434321fe2acf,390000000.0000
42e20909da194a10b0567a3f1acddcf9,561000000.0000
79b3c2761c2345e4a53ea363412750bf,
2fdf7df7c5d44f0fa7a6e7a472d6f3dd,
9f875699dbeb48589a0f4f817186c3a3,
5a1c4877d6984957b26edaa7eb3336c7,
ba25719e380544e1b7ab746dd35d51eb,
b4c0177430ae47e6b6c3e4bd8a20027b,
5609631d7ef24e399fc4116cd88b8b57,
99e4ab1b37b64470a0077791dc4b23db,
3f6c493e73d7487ca1b060306afd8590,
0cdef62f4b244b99bae1ebb8d0557f61,
f174ad832e8c4682abcb2322bc4b95ac,
e32d31858d074c1fb301999767eaf950,
720db65b9dc04df68329af11f213bb2f,
d4f1b84b82cd4a4c8c04f645c0f8ee3a,
b7e396797e314236ae38cc85d9c98256,
b2e02b46546e44729e2848e1370bb456,
ea84de93236f44e18a152ea0c8b4d1a7,
bfc7ed8e3da248058d9dee8ad6cd79f1,
f724382499de40f687b1c07577f0b992,
1678a795052c4bfc90797a7d87dd2227,
82abe15c155044afb8a9f666a5f63300,
198574ebbed846adaaf324fa35a6b0ab,
6b0a4c3ce45d42ec99d5ab92cf5ca833,
19803284109946caa64a8d9e7b8c51fb,
9f17ffbc40e042fdb19c6a77e45c05bd,
f823bba146e646b090e6fbd4f8d0c5b3,
bbd0eedb89ee475d91bd1cb56d3ef141,
a22d713d394a4abfa80c2bfd17767920,
a65de6f113a243e0b459bd4879674fc3,
aa2b1ec254c44c51a961b91cfc0920ca,
6c5427edaebb42dcafde123b2b3655b3,
3a165364507940a084e756c07805ad90,
072da36de67c4bb98f9368fc1a980a79,
1b55035e0b6d4641bd770088c30dbbad,
3c1773cae21e4c9d869a9c98d183bca5,
f8632fee148f4ca1a0a4ee33150dbb81,
d907357a44e3451f81403cafe9526a91,
2d75ee044cc84bb6a056c2fb0ebeda0c,
803cfb5e6300467fbbbda67109591005,
494381fd342d49d0b0768d9a60ede0e0,
bf3b6f52fd4b45ccb1fd2eeb509ebb98,
4f11b2d3d76e44fdbecfb52dd03f89fc,
34585083087b4a21a73f01d01ac13f94,
163f9643852a45738eadde42eff4264f,
6766f7ef6cf14105bc7b83ca35f7581d,
5b694518dc8847f89f2592ee83727c1e,
203d0a0f1e32460a93012458c9ae8205,
adac56293b7646d3bfc36dbccd0a7f9f,
1d535cfd19e0493cbe7cfab506459e56,
091f374d515a44f097377b7620e92301,
6fa825c2137744ab8dc8ae2b109c92a9,
17118c03a5d54bc880090b31a932eafc,
f8ad16580a4e4e049ffb5200e34e8ec2,
3d725dc45bbb4efb888d6c5aa68639bd,
0b971c73b7894f80be1305ed03e24235,
3f271f648e49493493d1a29c2467e635,
28e85ab7b2204fc0a057dc069823b138,
73dc51062c4044b5ad1887377ec4a81d,
dc43afee26ae4c6e99805e8de1bdc4f0,
6bb8ad03b4f14378881fdde14ef2f711,
9cb3016dda614f9688bf4260b18a028a,
5975ac7ecc964fe8953beb2de13bb756,
f173659a743d42a5bdbfa202205e9e40,
aada178d1a20494fa59354505e082b57,
30ddd35e3dd54d7f8ae3c4c1a93d438c,
9b25d964f86440f4963329399ab18e0d,
0a1132ea9ce24b39a9708949d1b83c4e,
809d0a4987fb4b4db4ed95279158c0ee,
89924ce7ed0f41deb21f1869c6e707c6,
8bb4c17fb64d44f29e129f6e8cf9d47d,1118000000.0000
1dd8805da77b4c26b1ace7886fd1bfc4,
c9e85e906be641fdaca791054c0ba235,
9b5adb73061944b7a363038a9b57fdea,
1b6b27072c9047b883fda6ea9ae736b9,
99b8657a0f814ad48e3a53d607e22013,
53bf6fed770d48f784e29fda6d440ed7,
8224bb9ea44344a992e8a096c0b38295,
f6d4cb1be86448619f81030136b6932e,930000000.0000
c13219a60a534fdf8a2d38c1a177f315,
e1d6c466fe8647cd882e4f4f400c2270,48019108000.0000
69a9fdeb438a4e82b99f6dd678209849,
8bbe0aebec9b4f20b4c34647fae11844,
7064cb270a5248c2a12d6e053ad513c5,
77f6b08a3b4c4c8580dc4dc886196ec3,
6658b18b5a4744cf8f2d8b0eea80b205,
670136a45813444b8fe99f0d0b3c9d4b,
afb61a3fe73145199d8d0dafb2f2a057,
d33d8126bec84d40ab35c3cabe83f425,
c899b2021b5743c8a9fa7d878eebbc7b,
9a44ccd681b748aead2754cc9601361a,
6e85149ff00e4f89abffd7cad42c55dc,
57eccc1252a84ad3a53ad72d44da1bc2,
8001ae4bda0748d4aa8b4ccff816b644,
ddc152702ee94cd593227146d6453cba,
da00afb1778d45ff87096e85679d19be,
2a2a25f8757241b6a6529167fb2eec2a,
707d5f25313442b094728c206337b489,
dbba3ceb28e44b4ebe008212cc9e492c,
5dd4550fb3544e2d83f651c7e538da8d,
b3b0e4b83be94a1da7b38fc5107fb839,
a1ea0122c89f4dbf9c55ea1778b46f41,
d874f4e28d1e47b2bc54130628361a76,
03eb9f1b99194bd8b2f4a48cbab19fbb,
9f4156e61c6245d98720e7a04cba4fb1,
7b0d8ee1b2d8455fac912d8bf62d1693,
784c04bcd0234f4795803b1070fc853e,
207a1fa554d04e9c97be3f0921fc6f83,
a990144178ef4a1c95dc0d4ae06a5889,
30a43254278b437ebf29a859fdd120c7,
e18ca0f9e96a46c0a696524e0d7ec108,
55d0ccc010c449b38c05a3968df8601c,
2644e03f96e447208bb802b97e618cb0,
d47f8864592e4d5fa77ae0bb1f6b8222,
7488d0a2153d47abbe038d8c129a7605,
06c3127179cd498182a0762ef20eae07,
00bb63424b064583b6a61b5955123524,
7ef6b2c1515d49b0bb3ced939d3a7ed1,
2ef6ae82002b41f28bdc286136dbb178,
c4fa2d81f6e74cf284530bdb7ff3e5cb,
e4250b0b653840d7b4c330bd1fc0397e,
27a9128119a740828a96d2298aa65322,
5e210c2d39f64856bdba2f16d41a4da7,
14a81b536e504136861542be7463fb13,
61d73bd811f34005bb24c17c01627525,
19b44d8b5e3940d5bcdd6d37a36c5d81,
9133ef73c3e0408785636649f255f611,
e4aa02e8357740e18f99f697bce40eb7,1319000000.0000
2bec2d8721b140cdac339586c901e78c,
6e0f98e446a5438ca35b6a00a20e0cd6,
c9ca914c4db446228d285f3543b33e31,
6a269e7b3b9d449dab40f5bf2f5ed613,
9b752ff2d39b46d29737084b14518f61,
ae426ef03b5742c3a827fb7100d11cc9,
262fca1da3324cfcbbd4f1e132bfab1a,
a369a1a6f92c488a80113d9b26a8a9b3,
2dd2fd5a48c0429fa441584195bb9af5,
f024d5e0c1ad4c61956fc26ce2cc3849,
0eaf1903f5e944cd8592adb95c602877,
54624c8adaaf4ea38d3a73533f0207a4,
cb366d758721447084bf9b35a20bced7,
a99e94aea3044957befcf46698dee2c6,
72a382447e0c4edc804f6a163191a90b,
d8f2cbb5aff74b23a7dff34ddacfc192,
1cbd8e816e5d406ca15603dd4d481ceb,167000000.0000
da051f00dedf4cc4bd2761351a12b9b4,
33455fd87fd24cd7a31df87f61184e17,
fecad196790d4fe5b17b1a2f7484b31b,
44e3e316fc6d4ab4950cd4b8cc362e3c,
486110a41dc6490fa80b57f2ee1e2375,
fe8cac852bba4163a8526cfb32b5efc5,
c5b913b1abbe455e9261745f25176e05,
c16b4c0eb62443b3ad87b1f010c95541,
7d6949044c96401685d27c645a56b351,
8c8f744f9f3246d6957e05b6db055d85,
f744f8cf915e423085fb2b7bb69649d1,
60e88a0a70b9433cb264a8aa3c31ddef,
08f28e9ec7b745fda61aed1453a82d17,
c9c99e7bd64742a18f5a076cc01fef1f,
fe66b0f5ae614beda7fcf414a1054805,
dd4b6b45fe364260b1f1264d51c74930,
72095ec180764d0eb3e78160f52a57e6,
1f52e8552c7d4737a7531237506d33cd,
85e30b85490f416484dbdc2784438e6c,
247a76db972543d188ac46f4e599457f,
5fb35cc0b39f451395122db2b0e108dc,
d0947166845f4e55942b7d65b3a9b34c,
ec0bc1767df94a0cb93158b4db4d9eaf,
e2377265b5924ee1af0e3a1b5e079fdf,
527d799f76b84cf4bbceac23c4c18980,859000000.0000
4fc8d32b1c0a4c4fa8dfae8b39b6229f,
9bca61e36b5b41448f61fc5fb850ab09,
ead954feba164f7bba3300382caa6850,
c67c742eb0bf44b49d23836dff507d53,
c7217fc2e477442b879298d67ddd9f05,
c41531d274924dd8a969278ccda8d16a,
6c44ef8f7d764141a6ac7a0b006fd550,
45f507dcd3fe44509a762078d7b0507c,
a505a1fe50b1467e9a699d4bee2c7e10,
94d9a58e74b0461b8756ddd586409c52,
547e3962218544fa8954971a0095828c,111638000.0000
62e408e6532042fdafae0cb94aa6b0e0,
f112fe7feace428881cb72d32e46a161,
4b37a276676d451297ee53e106d20c2d,
11a0b9c13652451e939d747ebc3b8d55,
ed9b48be794546ef99757b2687d73d88,
447426e4c76040fabd11ea371ef86ae1,
eff49e6190de4d27b4047abe629e367f,
7be03d59208d438a8949c6b737cf0e43,
b4a14881bbce4b8eb764ac5e17f6c327,
922df441239f4a93869f35e9801fde21,
201b8e40372444b1ab473ee43ea0c188,3900000.0000
26c65260d63e45ea8559a9189506a968,
87e53a46c15e4e3aa89df2cf3e879c47,
adee1128b178494f97bf2746d095b230,
d75852dd7b574a9aaa1a22f5af3efba4,
afd4d3c02e6f49b785450e49dc6e7416,
4295e0542e16418bb465dae9a41cae50,
6c73f135df174340bc39368b0fd9335e,3497000000.0000
b256a11c0e314fbcae18aaedd611b7ae,
94d5b9a9954f42b39ae94e8ace58f2f6,
55e509ad0b884567a5e1b609b3a7ae6c,
e2265fc505ed4d489e9ae1039919be41,
b227c7c18423454d876021d94d326707,
b4ceb2a3d34b4fc7b5d7e2bb84a58ea3,
fed8af27c7954ccb8a4bf84247b669e2,
a5fbf88ed91e41559c0f127c9bfbae84,
3786c755e3264dfbb717845c7e154789,859000000.0000
9077159f99b84fbcb657630c750d9803,
da0ed50b01114273a38cceb837d0bdb7,
b9cb5b77a7ac43f98357955cc781beb5,
cbfbfd0d4dd3469cbb6e0bdbda1be4f1,
b280c226f1fa476ba62137ce04822dbd,
d6ad81ca8bd3454da52081c6ba38e23f,
1bf3078bfbeb48bcab471089ed3085d1,
be78fc359e2a4adaac79e0cf0885a2a1,
42429865f1cc4c46be527bdfe678d5d4,901000000.0000
88884229af8a4915b75908e002073e65,
5c6e48f49a2647208f5da44e40be037a,
f69bc7cc9d64413fb2c07dc4d9d461d5,
7563a265fac74bf78c6995a9e48fec58,
d3ca0ff8d7b249b08fa7b5bfcc16f93d,
f751282587e343408db68f490acc0042,
5886273bc67d485abff3c0b6c1195194,
e16f53cea5ce4d0c857205ed4066f151,1044000000.0000
85130bcc3b6842ed99baaf462e4ac9f0,
55bcfa28a74b41d18995087759c245ee,
3c918a12f1004da4be9dda8d4c9ab2f0,
6b80f51892d34b7ead0345fabd932e66,
214057e7d7f44b559c9724afe6e41431,
837402e06f0848d78815a500a4908060,
932de3b2aa8347a598438ae79f893946,
57a2592781934d638e9c71f627fc37b6,
1de4acb3f3fa4f5f94b5eb335a6cbcfd,
0e474053f31845af8622eb4329b97bcb,
22b74fd757bc4b00a69058daff1f4bb9,
042ecb4a03bb493c925756d78ce4f110,
db48d176555a4e70a66fb18943e0e86f,
7f8ea8b2cf7a4c5496d7a0845db9635a,
c9a45ade471e413fa5efaef0682b21bc,
a673c4edfdcb4a12a7ff3ce6e6712fa1,
774fcaa8567244c0ae9feab27beef817,
743a74911af24f91a106b39ce3eb6b21,
fa66c4b1fca94b2c9098eec1ac9ba279,
c95ec71fc42c420bb4850c4240408f50,
657fce04d8124e6183103094b0f02bd5,
4a1575ccd81f40d2a2beb0b28c7329cb,3601000000.0000
c031d5fd1b57497a8cdc9e6e8a8e12ab,
9d0790322906460f98be51573d493410,
f06f6769d3284123ade4d14ee6367c94,
6c1a30c0829b4715a25292ad04f829f9,
e584bda564324271bed258a53bc2cae9,
b4650591b9b346bcbf20ca0a67022c93,
2f93e0c1cf7248ca8e73074f01f46866,
1c53c814cc1f407da6bb786073442d3a,
c7244e896fdc4c95a64a7299fcd5cb6e,
c9a1ec99aec540d79c262180d769c53b,
1083fd5643d64b09b1e1000cf06e7fd6,
73720fcdd7df4a2ca76718a85fe45bac,1788000000.0000
8364cdfdea4643f3a9bed07f0090d9be,
319e8e8052244e85a366df26bb20e356,
9eb9f91f52334c39806a7cb0bdcab321,
c6950c5a4d7d469788521e36bddf7a4d,
82331304c8ca4087a79ba928cd27ba21,
166a6a37c0ae4d219ab1ab2eca519592,
7a8f4a55be2b41d3af0c8adffce1ccb5,
3de06a2117ed42baa52aae705ad874bc,
5536a45cc9ed48e8827f767b0d0d2552,
4ac16d0e295341f4886a04eb18848e47,
3579dac0e6584bed96bc6b7e00d5aaa3,
cc8031c6e24a47a69ea473be7ad9c20c,
0b214e351ce248e6ac6cd67eb3c13c99,
3f27ea403b04406699089d46dc15f559,
c63932b4138a448fb267e42e8037b943,
55ddad81a0fb49ed95e44e3b8094735b,
da5dfd81f97344758ea32970fbef4dd6,
954d97fefce94b39882186a9fd2c8e8d,
bdd7963eef5b44c9b1f33e12a70e1176,
902fda0fcf624aab8552652f0a5865bc,
b31da57e02eb40729998314e06cf977f,
ea4b14ffdcc242818b5a0d7361c1b960,
b4b3b94dd6d44ac6878507884699b421,
c453b511db964435a41e472a0fd27343,
a74dd8950f1b4ab8ae6c511245735424,839000000.0000
c41c3eab44b144f88f9eb63991d7aad6,
131928e441e34f4eba8e8acb4a409566,
186e6affda0648868d916df83d7b2185,
3a1c5d948ae74cc081b7dbe739ff1bdc,
e194c9b7dfe344b7a642e6b7cf8c79d4,
323fd46ff6ed4106838b7c85c55618f1,
fdc1c102d5fd41ce9aa249a8bb1b8a45,
fcbb493be5fc4fffb6a8255909d8f5c7,
9b35c74261dc4614b8b12e83e437ab53,
2b8b780769ef471fb874697dca45fdda,
c54147d92e29400a913f0c9503875af9,
6d8316be9faf4f7789394d027ca68717,
9c008e922b1b4a9db5b8345c4b0bc663,
3551e67f665f4794b1663c5aae3dfb04,
21b01054201541548ae0c9e85f411834,
373b9361bf3743c285837e02f6d82948,
df86534bbecb4f3ba846276afd06a585,
7fe4d8f8012e4c5e812b48a6f81ae26b,
c78f756ac76e4c5abece2f7ab342065d,216000000.0000
b3dad80e362940bab17481aaaf055a5f,3605000000.0000
bf610e1623c04bb58e7c58a6fd3f97b4,3922000000.0000
d38191bd4108456c96dd1e44011de936,
78d59212a91742c4948f85b4370ab906,
ab35a61d9a1b4a2e9c84c66de9268525,
d8b15ce13b654d4e9ee888c830ca72d0,
f08edd931fc94133ab07a26c7af9f5a8,
05cb2d3ac3cb403bbb7bc60034007d37,
fbd153f81e22476d9b460ad230735b87,
9e21eab6eadd4c2a9acb8d73b2ac5f5a,
aa3b30eb26f541c2a15718f31858c007,
79a4fcc9a9694cf3bb643e2b3de5f19f,
3a8c07bdf0f84d85ae5475a87506d9c9,
11075e9018b34a5c95d1b90cf520b2e5,
50cc3a6e9c8b4a2e9993325088d0c79e,
eb63096d568441b1ab20f4590198e38d,
b2ba424fa31f4ea4a5f9542dfa8c1214,
97be174b698947dba6b8ce21ec5d5737,
4bf11caddd61448b9db50084a72600a4,
81e3ad31e3ff4a94a0e56827f1197123,
a303befd83934f10b2ab8190d389b3ed,
c96a349afb25438b91f6ee0b83b39bb8,
e9746356fd7441b099194c442239ef17,
a36815483da44317ab012f6c6165a0ff,
fc209b9cdc7541a5ba624032b758952e,
4ec3d84c0fb347f29d29e09e1b67e0e4,
431faebad21747588c29ffac5c2f8b8b,
77d1e023831247bca7db57854c438d45,
6abc91e16e7745d78204f6e9a68e10f0,
45e4bca442f5438bacb914c39dc697a8,
622e84129c214949847ed1199f14b34e,
e5c2a6f9ed5a4192a6ec9c4fe3aaa070,
d2940b4b30084a27a315f72a4e135f22,
25112a4c9557412e909bcbe2ff2cf044,
3578267098f84b29a621740bd5abfbc8,
3d9f5ca5b75e413688969d487957d153,
eec1a4e62a4f4d3a94a6064929fc362c,
56afe6579719488096af38ab67ed532d,
78b892f7d1ea43e6a966265c98040c30,
84a1688eb966482c9ce96ed3952b78cd,
564f48e819da4b09a2d79eaf40775cd0,
4b3deb28bfbe43b9a802e989ffd8fc0f,
7d6cc47f84e443a1833ff87f9de96b0b,
fd47b86e430a4441a5b79f43f589e48e,
0353520e2e814052887a99f4c6bbf655,
51fbf119fdae4d6399cc1be6ac4a4804,
c6941ac6a70441318e492c33b2390d37,
584bfd2b8e0a43bfb2d786e701bd2b9c,
c90dfac3ce0c455abfc5af62a0e0e2ee,
1b70804bf811456fa3c498934393f16e,
e0702efa82ae4038b31273b9bb16be81,
7a8a57932ae942a1b8c9f87da1bac07b,
c903253892c94f39a581227d72d5a3ed,4399000000.0000
65ed59253c914ad4b3d4c057479d0c2d,
8e467c87255d4540ba3f8a9aa1c4d814,
3d9c3e1c68444fbca894de146c73d77d,
5378b60d9949400aa25ecaa47e6376fb,
8ff854c146364370980245a6dd80cd69,
79a9cda5e78144939d0992bf00e8b913,
12ee4df0ba12432da0c52fd5005a53be,
8a41cc2176fd4def8c11e1d3997b3129,
10717a88b88e49b8b3e42b3e6697be8b,
4af3cca40d644c259f00ef67759e296f,
75988b0a029d4bb98722457e9ffca1a9,
e440ad79ce4d4cf69a1f16c59d07af97,
49db08442cef46558e872a5d0f555c20,
6c763fe6ef3e411fa9f7429142f4255c,
62874af539e341c7a8516f731b45c6ac,
c2252d0daaad4644a667bba12f9f9948,
50ba28dec0504aa194630def5b8d567a,
7826072ab7764dbb86679854e0802673,
1f230d4cb07a45fab8a7f0113ef909c2,378538000.0000
f14bb91a7d764bb8aaff2180bebb6717,
345886d5de474cdcabc0838b40f83617,
f91c46e4eb0141e097aea3e64b176222,
0e4465b963744b0fb63958b88bc28199,
b7242a0d094d458592d8b78dc7108f28,
35e00024c0b94cc9b26b1978e4536030,
a87e4d604eab45f3aa75dd00e89dc0bd,
ff583b8ad91440b5a8646df7c031bd26,
df3aa1f94aa145828563c8f1d81fd5b0,
33dda1907d914e86bc262c90ed04f494,
4248e4acbd7a4b87ba3bcaf8b54f6344,
05797340b75f4f37bf183e90e921dabc,
b84310daa33c46aa868f08ee9e013b4f,
263fe8a1660842f1b390195828c9b7fe,91375000.0000
32db02e957094514bbeb4f709b57f7d6,
7b7014dced0e454689de15f34a4b5c14,
76971e843e0349978ece491d4929b569,
de56b07eb16341f9a0116de425ac0df1,
bffd5ea305474af6aae16e804766f77a,
f036d74e928849c58d6fd30a2d65c7af,4354000000.0000
3ef3f4b478af408589c1da33db878c12,
74eca986644a4ed18dff12ab0e55b8dc,
6ddcf07b7ef741e88aae3509a43077d5,
db657ae845a248339fb3e8d66fbf5adc,
353ab52ecd5b4b2aaa16f72c304ecb5b,1029580000.0000
da6f16a36c5144659f993fc483b8d8c8,
a7a9095881b84dff8dd833de9a163f18,
6e788ef4026b47f38de5d9b2afff864e,
00ce8e65ce654fe5a85c14198938db8b,
690196ab4ee84bccbdc439e397c0c818,
c07021039b9c465b9642f371cb68c0be,4571000000.0000
0cd6e95249bb4ff68a114d1c8c410da7,
76f4175f3f554d4b88228be61465de61,
952281592c7043f0944b912f19d5702e,
be15b91b4d084efea72f57e0bcb29b22,
be46d0ba16db4f3b8771780391d9c01e,
7baf0cc87fb44261a0c3e51e9b944289,
ccee81882eaf435aa382b8543c11ea5c,
d0efe338d4aa44068f7fbd16db3a9ba1,
c81b23b3d8504b74aba208e78fb85567,
1bd65afc79be422f8cf91425aa59a05f,
50cf76ff882d4d3aace4506b4840047a,
ed85a46fe95f4fe084dda2584e2228cc,
9f1fd4c057c643f7ba8f08553d8b36e8,
385197f67af44cb094c59e3eb2673208,
d14aae59dbbc49aebf4408d9da050932,
3ec74796e7c443008932e0f25f575529,
6ecc398994f548168fc27e592814f826,
70cc091192e64ce8a3d0d5eebb2d8009,
48caaf881c204eda9ef3ae33f91ed2f6,
faa6554771754b19a9d6a3bf3063782f,
8c0263cafa3d4b879979603bd08c30de,
6cd73316b9254520ba790b112d0d6cd3,
23c0dbf4662e43be872a094de5d3b879,
96afdcf20dd043129224a5d687ea40c5,
c469c1c857d442b085b70b3849b0e06f,
35f472cf6d0544e789f58d33381b60fa,
fdcd4d6eba6449a6bc588b6f700aa3a1,1143000000.0000
14a3ce0a9496445893839721d727d153,
b867fbdcc7034fb388517deb6716c796,
ce930cfed6c24c2080ef877ec8f99612,
d429683920b443dd98d2ccbead3b3086,
e9151d2ffe674b57a5d897a56e50b6e6,4565000000.0000
282ff16f76b047bfa6ee90e54c4e10c8,5032000000.0000
ecb00f8f0dd146558fa73e5c327d0436,
064aef628b30458ab754bf5f1afc0594,
b943cc906ba1453b92de4ecf52223a52,351274000.0000
66012b4bb89e48e7b7bcf9a65f55b79a,
c8b2b6d7ef4c4e938cb55ae1b11a5d18,
c6ba9b4293034a258c217d58dde5f4dd,
545e43e3d50f448884a1b048e4f6c246,
7dd5e6cad3cf4cb7add4e9b2f889283c,
a3bec3adaa1840b99f507ad5b334fee4,
204d82f86f0f40c6b77d8c9f7dfbf693,
ab22f6f174044c238e84d37ea760a657,
b472aeede5874c9e94418aaa67626f26,
d716a47c3e6d472c89f263ad474d29a0,
f68bb3803d7f42c1b7c15f5fb89750f1,
ccabf0ad6cbc47789b1ae6e03e834cb6,
ef385f09300044a6b288eb4b326bc2f8,
818c9af208514531925a73796b584872,
1832b4b67fb84e6aa32b6fc9da46084f,3504000000.0000
84c642329c764a5dad89096e354767b0,5025000000.0000
31007194eaec438c8c9847a0a76f4b66,4349000000.0000
4fb2a6aefff246c38938c617dd644067,
eb5bb2fed93c4ccfa9bb9b40d73c87e5,
d61e4e191f214f269df5c89a00e38331,
078198173c0846ada199fae38a00c066,
fa9423bbc5224d1ca9edb0a04ffd9708,
60012011e9a441e7b4fa06000aca79a8,
1ccd7932ad6c49ddb9d4bd3219a3839b,
bc0a30efb04d4c22b570ca9625746454,
5a73a9e9a7da407eb34d8b156af98ea0,
3a3dd7f7c9a64fdfa92c1ad8736f9076,
556547ded91645a9af6fd97cadae6917,
ce99b279cf15491cb9b11ac66fa25b82,
d1a615f6f0084efa9d890c7417a87c5a,372892000.0000
d3ef3fd9aff749859648732d1d7adb38,373852000.0000
205954197f03495186b84abb55370d29,3508000000.0000
6903f59a4dbd40dab2453430e584940c,
dc59bf0dad214626b9e508c842516ced,
f98d1c732af5486c82e0a6f825a47008,
cfca4096e20a4e31acff3b16dafb9f79,
8fd8f704fc694cc5a23bf329b13ddfc2,
7ed63ea7e57a494ba4bc769d7e40fd8b,
6ee456c5fd794eea939174424d69fa47,
b120c73e2b3c424da537a4714ab8200a,
45c924be19cb4c3e818e5cb146bcf4ec,
56a3f63bf6b34492899f95c4ccaebdfc,
c04b3743042b4111953ad308ee0dbbcd,
e70b30cb8b60488eaf9c05e14245ac35,
6fdd5fa0095b4b388ab65dafc27b9ca6,
5795319b88f145d495c6707a28e2478a,
6fa74fb7275d40ecbe3cd7432228e18b,
fda738a8717c403883fab250a7bbebe0,
0d6316114c264c19bdd1cfbe0eb61507,
3a353d911add4509bf4458d89113f265,
8a2fdd41995d4af991734414a29684ea,
497e6caa7afc4823aaecec2bf62b9b4f,
a5addc3ef5e6448bb9746f236e3547de,
e2a2d5816b034bc99748f6d5fd6fca53,
abf867b2146948fba21d574c032a8732,
f23a80f0968045ac812e6aa4eac5a334,
c1278e2c865a47d28d4ed5d0fa6c8b8f,
2f05f02b57eb437f91a4de740f90853b,
33ce8fb99b28455db157b725a1ef1ab7,
bf87c2d48c044758aa03a0a6c76e0c41,
f8ffc48da7124a51b77fd72f91cf1756,
b5ac81ed6e8a42a48b032a66ea9b171b,
f2a7a7d278be4d8dab9042d0e41f594d,
dd115b0b6c9c4beb8a4bd37ea5693921,
ff8d3785cf154aa794d2ad4e15e3bc0f,
67e75bb4666e480e99b9552e272b24e1,
e6f30ff175ea4e4ca8cc64b34a04b4bc,
7f02f50f593845308a3e8af8d5ab0ab9,
e3269438ceb74f2f8bd7b2a19d004e8d,
d9bd0420027f4a11a219f410751e91ce,
7da8f8b86cca4c2494a7f072eb2241a4,
4109b18f704e4298a9b879da56ec97d1,
9c3fea18df014fc79cf58f6a511ab50b,
e64ab511b5304d22ae7dc0d301a7193b,
21cdcb1689cb4abfa232833c7b4e59f8,
872ba97037ab473ba25b8cbd17460917,
d0b601c2380044aca626e82e8833c42c,349699000.0000
d3f522e3cb5b49399d135c858a4644ea,356892000.0000
cc5fbc38d80f4fae943171670fc83513,3504000000.0000
bdc2682f0a6f4345bf39c86d745529d7,3232000000.0000
27c976db04a14301861920db8763490f,
9a5e2bde5db942eebb1ea0bee5cfe1e7,
e0bf3726f7bd42139c40aa7ec56de352,
8333fa0eb311463b9de1c724ad791905,
e213bad1ebc34124a2dba8eae3c65145,
ce839773b06b4ca785aa6a0b4dd9f77f,
012576dd815946d3bfe72248ea71096c,
5fd76026da6c4adba67eae9dc2550da0,
d320b2a0c0ac4c74b2c7d181e0e11fff,
be5e7e392bd54e719b04e3437037c606,
184cdbe342e24440a0b600eea68c0d49,
c871848306c34351bf4cb2b57fd3164b,
9ea7612bf58a43f5a75955d89f8b5009,
0f4290087f59470bb3f85fcd6fb144b8,
578c16c0098e403c96764f8eb7fa7e18,
1ea06b241ca54ec8859aee3076f817e2,
b47faff459544df581d969d0a3145667,
4211268e9f5e4b749eb8c9bfa15c9ba6,
48d3e3c096124b2cafb0aeafc66692a1,
500e774c473e4866bbbd721a0329682c,
38ef1d45dcc543fb9a96038c6e2f8c6f,
a20d46d4c6964e8c91cae75110f88f57,
c4edd554411b412fb9b9d9f1864cc359,
f4b14defe0364e87a3f13a1716483c4d,
0d0cc8855065442ca7b555f31d6a034a,
ec5c4498f00c455585b2d352cda921ed,
c824aac274f548659b08d5c233a60219,
0b6e28a6e08f475fa1299e8220e1368d,
00ba1e6cc3134a73852ac6c05dae1d2b,
78d17ac8d22745ce94bc8062cc79e0c6,
500fb63e30fb4ceb9a7c6a998e951f38,
663e3fc7f11b4dc7ae5d3aba500464c0,
1cc6523b0f944633a5bdd1f976373fa8,
3ff96b499f3c4346986c05703022b61e,
6f0bc606bde0478cb136666882e1f053,2843000000.0000
f63b9384cce64ffa8134e37633402517,
f6c15e2756f6429e87a71c5a1a2eb5d7,
5a78ceaade8f44f68f2ac4dbf228e99f,
acf2d3eb603d46eaab634a944289bdc0,
31b7e41b860a43efbeec493226efb230,
220dadead7b64411952f8176687105d1,
a6c20d620437425f8f4408e8b0882fbd,
7ad16c93aab14df0b3b78094dbbdec17,
3fd3e1f925504ffe9fa00ea32d3cae92,
87d8d0f3f74c4e5db86ed46007bddf21,
dc6e858214814089acd938d1b3b3edbe,
72fd8d8fb08444d6a180c7f3dc608573,
610d962fe5514ca984b6d70c9bd24fcd,
31409675c494450caf9a6cb466d9490e,3356000000.0000
af244844507e467ab4f4dc8ac374d394,
ce8f3ac01f2c44cfbcdcc55aba038ef8,
2283b4a1ff2a405bbc88fca0bdde946c,
a1f358842f004083ad9f1e85a3ca6fc4,
b53ee91bbee7479f846b54e3f4f2e826,
592dfeed10b4464cbd7b13a1cf91b203,
df229e60f7794da78620cbc51d639322,
1b17c7cdb9234f1a9b8b10dec30a17cc,
5ba5a5d828c54a3a8b92e9fb38f3309d,
685ce5702f6248b8a0afad03afc11be8,
c9bc21ed2cb14d05aaac0448233d43b9,
b168382c9e0541328d55fbbcb83b6722,
6aa062aedd01476db33fe7a706ebb718,
cb0107d70e7343919347f00bfe363281,
e6d4cf2d79984a1192d2f00a26dbb2bb,
d8cb4aec9d374e8ebb5f7a5cdbb2f1e4,
530c73f47b0e48cbb7c84830fa35b14a,
a759b2b0276c49d9bb48cde3bcb7d149,
e96f64ba88644ee6bb80bb74d19f87b6,
18cccccbd981428c98d7d900621f9a3d,
bf48d7ce40364d7385e1a0641f53544a,
17ab2bba336d48abb84226933ee5886c,
86f17b06c31a4eb7be96e9f05bb789b2,
c9cca6cf55b74ba0b7a46dc7fe99b04a,
802df22c0e334bb4b4d6b20b4e2b0740,
b818be08c0f343d48266dbf0b3ccba74,
23be8f35452c49e491520fe112bfe2c2,
9be1d29c22544a6db758caed078c5bce,
d321076d34eb48fcb584372c41f22f8b,
41c5f64a8e5742118e1c45738cba5313,
668b0422ad004b5c81cb7da42499c677,
4c5abfe994974051ac58aac7edc44074,
be1b8e04eb0d407884773bbe5d60a797,
2b0b6f6e2e8645158a80404eaa862220,
0bfecd0cfeff4018ad84bec2278136d5,
f2280d3576524e1283657d7a18f33eb7,
27d276cf01374215a82bd819e62be3c1,
aea58bcd0b9e4bbd95282f4b4ae3e253,
bf077b528b434194880812b9a0e0c996,
d735c28aca384f368830ab577f5b6ddc,
25d3cc747e714385b75feb0dec802ca0,
06f57dc79033465797c30b6731871f1f,
aca9a6053a004a97a5af14fe277827c2,
abde08f9331f4fa3acc38adcce61ce1a,
5f8ce94c4d124ffcaf1384ac46ca87dd,
f30abbf8315d4b62a27c43f50618ca21,459540000.0000
f3c5fe7c4b124da0bfdbc7dcce441404,
6ba56afe43bf4b1d8a4782cc4c49ac39,
c1c5db42846540a78865b0ace8de5b0f,
24a17d79d1484d17a35503532240f4ba,
0230704483624589a55defcac928df7f,
006ed7d9e57645aaae6fbb5896883fa7,
f33043536227407089a1df2ef42950c8,
182865728f724dbebffe90dce55203f3,
1da04b8a899842aeb94c662847ed2b41,
a697173c5d4b4a10a5eecc4442651731,
0f5a1e8c1e214f1e840c09d300922b3b,
b029572c0a3f431cb6535185df2a69b2,
254990ddb12345f19b2e81222db0fa8f,
5c9664a2bbe74c688476e78781141521,
1984f8e2114941668b0dba8455bd374a,
379c476cd0c94124bf74be77e9fdf387,
24b4b8bff0cc491c9d55d5ec94f5f3ce,
bd73d76020ce435cb52f71da3f99e718,
c16495c9a01b4636b47ed5fdcc21ff34,
33e59f7bc06a49dfb3d3c314ffcc0753,
6fd654f1e98449f2bd585cec3a123213,
ff8224af27774e6e9b09ee56f4fa6f13,
0ae5d3965d4147febe89fb11b4ed1133,
5c4633a8df6e43edbe7d7e4200181db6,
8d32dee936fe46019dfcdc4a4e4b4bae,
16e96199b5a24fde9085fe28b5ee4ae8,
49618ab0d86f40798d95d542dfcd5eb0,
f64f06df4a7c41ec8c089e2a39b9f79a,
c3fef8bebead498d8bd7c19b00b45281,
61eaffe9ec40436aa39ac16315495c7f,
1c7bcc57f0064da19e123456bd22f269,
3673c5af0b98415d8e97899ce8d84e96,
3cd36557a7ae4ad0a7055566ae2e0faa,
d4efe27b7a5b47dd92c89e3b1412faf3,
44c904f0d9b0447689001bfa702a532c,
c75ade643d1744f398b3c88d5d1924e1,
d07b717366c64f5e864a0ef885ec5ac4,
53041fe666614fe8802dca3c2d7f4a64,
d4f1a240c5264846a545a73d02eb7b06,
9f2f159b62fc49459f62e43ee214dcac,
254ef099145541d9a65d537a51902233,
7fd4a2fc00ec4576acc8ee1f9e768a5e,227000000.0000
f8bec096c8cd4104acf6f9839cdba9e3,
3e1b1afa6f5b4fedae74928cdb1cd62b,
d4cd507ebd744fee86b42abf6e56b6c0,
bb9aed8c31bd4511890daf4433a20243,
68222f76cb814aab872c9df80d73c4e0,
286566459ffb404aab715ec825c42c8c,
4a347d9e54da43958396cfd82c01d378,
32e6a701f24e4dbaa648a8331d9d17a5,
b822be849dfb49188d4724e9407d62aa,
2b74c84d93394c3f866f43ff786a5336,
1107b1241c674230b307349a66d632c0,
e1dc337e128e46f8878fd2ccb4092d41,
4172a51f78904755a323467ace51c3b2,
e074746c963c40b9af8161de7c62a3b9,
ba65a6c3869c4d208f469bb762a6c015,
0314ad46957e4cc1a58a580a9a4a64c3,
be74f493739f4bd5bf9e0b701a6c0415,
113f06a4d88741b0a5630fc27b73e3c1,
408555dd15674d719916da950bbb3626,
f6a7ac5ee8ba46b592f862c727b4e64d,
497b75914e0a497abe5a573a90ea05c9,
1e0712fd472a46d3877ab77d2cd497c1,1524000000.0000
78535196a87148c98a697e3d07389447,
2e17a7dd82134083935f94429df009aa,
c1c9ec5932bb4a1db4435521dc6cb57a,
82aba802985b4b3cb26e8305b1a2911a,
81dfd02b878549959c2c90ba16422fc7,
2d7af094199e40bfbaa97e4ee7ca58a9,
cdec7aa77cd7420291a7e5610f6bf6fb,
03dfa392e0a84e5a9f904a1a2c132175,
859f82e006b44756ac10aa920fae4711,
f971059385564e5b93ec2f1ef07c7a5e,
6948c2a59eed432e91e94357261a013f,
33dd32294e3a43c3a4032b71b45a97bf,
b89c7f873e564f7ab60e9055ca452fc2,
2b9e6f3731ef40adab7173bf1ab629d8,
750b7fc456414a37ae2407eadde33ea1,
172235650f004dac812c71366abb7330,1575000000.0000
e4c2d827a264401a8f8a256c36604268,
7793e033746547bb85561bbf6900bdca,
1ea0b4f33c97463d8e064646468cafbc,
d32aba226bbe42c28e18c4b85662fed8,58500000.0000
fe63dea571fe4e889a53c0deadb89017,
b0cb6c7224b84add8b3583fb6d58dcf3,
98f324c7b9f9419b838dfce702e207d5,
859b03b336714edc8648c9093e98578d,357400000.0000
617098a273774463852b62eaf480d4f2,
f0664269e55647e5b406bb225c092dc4,
951eacc20554417daa3a638ff101c874,455800000.0000
51817a6b3c284fbc9b2397428fa83513,
28e61b3bd3e44c47a8128da0c88229da,
5cd4aff7d65d4e50877b14f97155c61c,
941479f106c64232a413db025774b7ec,
ef62381c457a4cd9b841c8acbbff6457,
a0ccc722b07f4dd2adcf0a653232e696,201500000.0000
33e58489521341c5a4cf93a6bfbdc529,
c51272b54d394e90b29f643d7a93053b,
b51928db998d4e91b32b10b4fbe869ca,
89df819ba0c54cf687219863b1ba5222,
58fb22e15d174d898de727a767012566,
2e9b2d638ff4427ea45def95c1cf68e2,
70a8e5db0c364df1b680b5d2a85cf753,
88ddba6c3c5c4dbaa2fd68d5d56354a3,447100000.0000
90581862a5be4129be3fbb5d69fc2aa6,
ed175c7a881f476095a820eaab2e99d8,
0d847e4f195445c19e8b12beac40921e,
3eb6e1004b18428f879eb0d6774099b1,
4306522af3c9496482c94cf5f507723b,
91ea2e28871a4e04a5a57fb1ac7ec62f,
f0fe9a9dcd11494294085350891d6c12,
d958d3cf79964e58a4125395b5be3f39,
e9d31f62fa3a4aecb951f983fe1ee2e9,
f36f80c2deb243e483d56d3bda0d69a5,
afc45087e30b428c9f2c773ca054e0bd,
1fcc0c6a8a3d46fda988b67544fdf5a6,
2b755c55c7524d62b674d7734e5b1ae9,
d3611d67314040369d9a54ae87a10ef1,
6397032537b04a699f4d61deee8ba939,
b6c7879954b54bea94a4099a222c86b3,
aaa6909752ce42d9b76cedaa27d4c4c7,
20c8c215f747463d802a7df887d8c5bf,
3e33f74e385a452483d8527120672905,
17b09d40f46c432098e8ee9a5a66bb5d,
c0b2da7fced2498b9fd4fcdd382577a9,
99a07ec08fbe47a6b02e97b2ca0b52cc,
c78a9ab6c48f4e59a541b1f2816f965f,
3d7f3cf0251d44129e51591c2bd4a8ea,
1704d6c733284264899244f1194d0ca7,
29939da0b79d4764a01b77a92359f924,
f16c185a515344489e1bb4616350c88d,
b932fdc264c64c82861ef9abbba80cbb,
1e15145e4797447bafc83b838480059a,
3af1392b92704959bcbd4fff7dfe0458,
63968ea7f1f4470f9d682e2568233b45,
6013aa26df63457a851f693d04c2a5da,
df64931bdfe5474db9cada01c8b86669,
a7ba9c02439c45b8ab77bb2fe1a4ee3d,
a5797d2dd5f54bf5babfd22c53985149,
3626bc28c58a472fa7b3b48553e6705b,
af5ae12f6a1a4dcd91380e07193c5c4e,
7137b4f0c04b4ba7a8d121b87b742ad7,
e89348ec265641338298ee2630701fd2,
3384c71499844dd2a7bb98caad3e687f,
450a0feff1b348cfb52ccea5024e9303,
b751c3b2e13044b686fdebc99024220b,
813685cb7f844360a3e6095d7054230b,
c6a86c30d5e84b9384d4d72bc471cce5,
a0b7d41946fb4706ab97dbd8361bfe22,
89fd811cbb484654b0ccdb2ec0add866,
adac0136c2734b5d85ff0f9f8d033317,
d25fbe91bb824c378e2e9f4f0ab3bbe9,
71c22437969847f5994722d7bfac21cc,
7d58a22c63c540cfbb8ffb65cbde7350,
dcd09221a2374f478a67fb47785cd833,
57ff609b807f49d5a481c297936eda4d,
2df60e5a48684076ad4125c0b956ea1b,
00f38ff25789473bbb68549b7f5d7829,
ff4a03fa0f5048c1ae699bcf83724e40,
e72fc74294834f928fa30d8666b4b671,
83e549a725524216b97b171cb0b135e6,
dfe3cc89c1574633b82e3993cf8e34ed,259500000.0000
4d104ca984a84e80b97f393959438210,
7c09d4d445c04a12b39133fbc0a9b0d1,564200000.0000
58fb8b36a6934ac2a53fb6685a0c7a29,
ff102c4f6daf4885bb13651fcebec31d,
fcf0bc34f79f4d9b8cfce22e202f7c84,
4892654002a748fc85b43471971df208,
13cc38eb5eb64ae593337350d53d41ea,1158000000.0000
7b08a5cffc4c443394e19ce92fa36785,
cf69e449f03f47b3ab3babda9e39bbd7,
386c0e20f0ed4bc59bf4aa65327f78f3,
b5230c276a284689b77d6bf5678ccbdd,
0b3ca75e38384ee9b8b7a2e0ec1315f6,
34ad99b5b7b549bbb97327a27d2ae94c,
076bbb341c554582b5a34bbfec03e3b7,
86b4a658ee15457cae128b493cb4597e,
2f8a80866400431f9ef68508d51ade83,
518783a955014e4b9139d9354fd6a6bd,
c1e8118b0d4d4bc3af817cdc1e878d53,
343f318603bd48c886c9d394196d742b,
8baa4174e6c8449ea3e65f35e4c77eee,
73e646043f2b42a6979c294203cbc9c8,
01f01e42197b46c7807034d2457b1234,
a3d57fb4f4ba4048bd1d1254eeb4d33a,
64563065ed9e42dcae1ac578156af3b8,
fd0a54e18ed74b77924620cbadd87eb8,
9ec4135b765446118bc753d8f16a0272,
8021a97fed80417a8330bbac1abca753,
80b49f97fe964e9ead1e07a697603d3e,
b5fffb5a87c740f4837f95b1c31ecdc3,
027fce11a35d40738b04b3b4de43ec08,
5608eb2877d14ecda2e79585b0748f6d,
60d61b4419ac4478bea54edfad4e3689,
ad01c9c75c1b429c97ed2356de66a232,
76259f448d9b4d169c8e4dff9f8e5d03,
91504d8a7fa242af96698ed1387de9e4,
316d7dc5872a4ff0909437efa061e6e9,
e772b761488b491081dcc5edb9c7d8b5,
8bde07bae30741fa997db0efc325226a,
cae028e797224d1f9f6c02fac7347d55,
df7fe0f22bc940649835abe90c61cc4c,
040ea549de944db8873672ab1bfa11b1,
f441ba25b57e4880a341eafb2945ab24,
0da32d7abb9b4010870a4065c1dbfce4,
a835c92635bb471580b7df860f35a223,
0b271daf23ef43e2a0b8b24811ee34b6,
9ef932d0bcc64a97a0faf4ee1d211022,
bb461950a1bb4af39848398f527d183c,
82cdbc9fa0dd4fba8383a0ede8de0436,
0dcc90c7cf994cc4babbc71359fc6abd,318900000.0000
63ea040662644b50bf1fd723d74ab84f,259500000.0000
3f3a6bb7a6b748cda4384c748db1aabb,357400000.0000
1446ae8da24a488f8fd3ce144bec3d91,
16b337a57f29426ab1265e493c18f9bc,8201000000.0000
0764e9eae53242bb89aedbb4f8568a9e,
8bb948ab0ad844ebab15cda1b1449067,
81b1352689544199a37d7f81258f9f14,
9cf7eec01fca415697d3b443c8e946b0,108000000.0000
fe49258abf794a229e4ac4330adf477d,
a3d4e8ded2224040bd8ac96534ebf74c,
46b9e5cd8eea4715a76267a0efd3976b,
7695ac8c0a924cfc82e38d3a8add16e0,
83b863319bf345e3b9c1c1796edf1e92,
60c7cfd0e75e47918799b25f1f5741c3,340100000.0000
24f6255c00ce455c8b073fcacf792b0c,
ae8dd5c6716046dfa600bffbea9eb7fc,
21a79840ce094bd0a39b52aed01e7439,
79e7c78fa3c141c696c027ab69e6692d,
9428727d10ce449b8c409e55be770939,
a53f058da98a4b188623ca18c26cb95b,236000000.0000
0c2eee7f7d174a86976efb9ded4ede11,
c9274a716dbf4f3baa096bf4fae92f06,
855fa72def56431abea148dd778f7d6d,
9cf1018a35ad405ebdde9eadc49f4555,
7d53fd7199594f3781d2bdf4bc683fb7,
4adbef48502348218228f0fd0135edd1,
9993ac279b284a0792d8563660ca297d,
8cb97edb16c14da68264274036c2b474,1731000000.0000
8d27e647cc6b4b8faa88ef89d4b19412,
12004e5e75284edfac580f482586aeea,
ca81b24e33574ef3962f44dee5ba49af,
a796aa70b25544e596175c7336e9cc7d,
7b156586e76c49868939f810f192eb74,
dd4f65ac5c3844e981a83b4604826f79,
4f4cf367ef17425c91d2871f651bf8cb,
60d09b9624724dd79a34c97fa89d795d,
bcae8426d803491583f7b81cf5b45c0e,
629f3c7b62fc4deaa713fb47fbd337d6,9158000000.0000
d86a1e99ef764a20b13696d740e317c8,388400000.0000
006d534e8dfe4b389f0e2aa7672661c8,
367f21a8a2eb46a28edadc2d0d817178,455800000.0000
b3253454daad4c1f9a1cadd51146ab7e,
42baf10e341b48238b512ac5897c3324,1061000000.0000
ef62fbc290bb4619bb15dd4f2d6a699b,
9394f0009d1b435c887e8533959c32fe,
7eac042c4b224492aab2ef81144a51f8,443100000.0000
58facefb91934311b7cef35608295476,365700000.0000
efc43e5494a44436a16791a15e080a08,
a51033f09a7a436dbd759b577356c25f,
685945ccf3b8403d94f1d350aca0d5ad,416600000.0000
2a6e514f3dbc4be9978211c4c23e4fe0,
dd77d7f9440240ada22d92b74abbfe1f,447100000.0000
6323aed970cd49ce93beeedc28402500,
e17e5cc55a9b48c1859bda3cdfc1f40e,
a52070b550e3475dae9d829ff2d637bb,
72dc9df415c849c28518c4317ea3ebeb,
d3d3597331474f759c280c4f3116a276,
bdd974bdec2d402cbf8f1c4adbaa56a1,
68e48f65d5854647978a47e557b8714c,
a73d5024bca0484e92938c15d259eb17,
88153ad77faf4738be0d5657ac545408,
2e808706ca0e4ccd801b417a93cde315,
45271c826c334b508fa5bb40e26e7d08,
0c1046c1cfcc407482a9407d9c340ec0,
555d60d628f1463892dbe6409f04344c,
ef74b7aab04342aca34e9b278b5db416,
34b2240fe9784cea86a6816ebaa4b1ad,
756e56d5419b42fb84dd6c10cac6dc0e,
8022d84dad5744f79be218a7ae7875cc,
06f53075ecf34a7993436c45bd5f0b0e,
714d88f883da407290c70c2c8ac74084,
585711bbb9944bf2a553bfffc5019b93,
292720c4ad0549a4b81fb2041be94dab,
4daec3e98dc34369b5c652fcb1085495,
8c41ce9f819247aab6a07e259d0be40e,
af03562ea72e4d01abb6bdb312970f39,
55613fb71f7548cab3e7b53382a9cc0a,
029f41c9424f4ac0a0198ce8e2cd55d5,
e9ed83b7889f4070a7edc5a37a97df28,
6df971eef1f3464b8f678bd04c51721a,
41bfa816b8c3438e9555c96e972f5ecd,
8d5426c72b914969966ecac6ca3c5025,
4f5b4a4eb92a4a4fa6e9be4cc7b5edc3,
e25e4dfa270c44c48f9d0aad887efd3c,
333744aa3eb54bcc91c2bc9f5deba39e,
700f2b87d6d14a8a8ed4ba8a585f7944,
4d9cab821d3f42fab202a4fe0dd69617,
55fb3c3d300b42b7aaaa23290955a54b,
5c8b4b27326e43909ba5c18d0bd13d4c,
8f50b86dfc084474bc5990ca8c9cde34,
0197c838b89c46bb916363a58199c536,
4e5ff875aa0b4c14ba9709612c0cc9fe,6843700000.0000
dc4e373eab704d8bb2549bddbf4b1043,
d087d974f7974d3391bfc14dbd5b8b91,
93db165422cb484a945d518ad09bab71,
2fd234adf30148abb578f05c4dc35a95,
44bfe0e02438409f9bd4364d176d622d,
f2813b327492438f818a50e5cbef073f,
ea78a3aaa08542728e641ac99644323c,
294eb23a077b404992cdd85f2557179c,
7fe69563ceee40e4920ff3c2bf96bc87,
0c7a41fba3344414bdaed5761e096175,
88b577a2f3f84cfabef401f9540a4b05,
137d95534b18427fa5a4454c05cb9e68,
3f40616b870b4edea81bf8f7040b81ed,
3041ce8300374f198d62bd4daea42af5,
e230f787cee248379f2242f6817caad7,
91cb3e0b5c9b4788a8295a9cde6dd6a9,
1b94ed30056643db8d1703a57bfce4eb,419000000.0000
0a51ef3502654dd7a6597eaabc2fe0a5,
01288230e3184254a7ec4fa091536f0b,
e661b09cf0d44dd795d736ad68c7a22f,481700000.0000
600c4fe6bab04d76816d6ff93d5ac166,
eefa26f053c44f529973ee05a92360a9,3206000000.0000
f09424456c144fc69bf590f83a033e52,
972bdbe734b3496c833bc8d29e5483ae,
ad4d004102364567997d9f107d19e4b8,
dc970a1104474fe891bd753b82eddd1f,
cc8c6aeafde14146bc2c7ec63f2d0e07,
f110689233fa465f90a3554429d6c79a,
41476dcd0fb146d3ba8973b3ebb6d1f9,
d10bbaf514a44faca416caced397b090,
d746339795c541a690f7af93353086bc,
f1659c712eba4cd18a2d76c9ef89d7c5,
0d7a938d990b4423a9ae1800f0121831,
fe44976c1d4940e5b88e3c50fbccf6cc,
1400c740f662478b95938cba348d871f,
ddcdb3ba55784886be8474d6a8c18f90,
aaff8f6fed1641858674dba69148d193,
907ca1638bdf4dcea32fb2a102d53fed,
a7895cf971b1426987446c16d418fcf7,
edb1a8d7bd1241a58908e4d873492711,
55b2774292ed4e3d8d8619e81251e05a,
135afda9722c420c945e02e4c5546cbc,
edbcf0629bbd4eb6a521ef4216c436c0,
c6782f4824fb45acab152e2f990a486f,
ef44e94dccb64c6dafec1748bccbe1cc,
a9dd57c9c7f441139095c738e2c7e4f6,1510000000.0000
dd83db7c20464144a97dd636e83d8fde,
aa1bc0aec86a4241b5749976028c10db,
da1c310492944872a7288ce4a774571c,
e57b0e242180437f80bd9b6ac5e671ad,
59ce057780f24062ae1c0e98e14eaf34,
d68c59a0fe9e413fa8fa9143fd5d53ed,
d1f5fffec41d4436a0cfa798b94d751a,
ea1e1d4a8db44216b69635caaef60788,
4de7fef05fa447fcab588790fc0313af,
9e70e2681e284866bf31edc123fbe1e6,
979d76b96b8e477a913d8ad04fb84375,
a071fede0de249ae84c2f30c9c5f0929,
165c1fce003c4282bfb66b6e1339a88d,
65b5f381bbb4414ca287d18a004c4d34,
0e0d30eebff14299af695b778ae89152,994000000.0000
1226ed34965f4d368c99b38a570b9165,
16e922a8de074ab59809e6a785512afd,
64754f79a69440c4bd34b51dccb0716e,
57cde2c3af114ad1aaf794ef8fbe4410,
691ca04c55974dcdaaee9fab8727eca4,
482460fac23a4d9e9a997ed394d18f8e,
d1d8dc232a38441fb558335acf2363e1,
31520cd1bf934ee5b40cf50b0ff2ab56,651900000.0000
d6ef6c29e2a34899a446d5e7712fef34,672200000.0000
e35eedd4b04b46099022b4eef01ec2fa,
971a073581e444ff8c17d833bcab2ca1,
e05e6dd53c3c4c7f80f994b937c39108,421000000.0000
2acf4aedf3d243378c5c91db646ab915,
91405179509b44ffa3ac0edafbdb40fb,414483000.0000
ef0a648a05ee46dca253270d2581ec2b,
723ba31f5a53447e9ecb431c1a2c66e9,
298e083637604eabb52ce0e64a0f2de1,421000000.0000
21ce7949d22a4463b9d242aa202c6438,
28df1c21e28e44078176fca5255e76a5,
60e343da3f1c412d965586da08d2ddc4,
871a5e444de949e192ae42f48c17a539,
cdf32715fe95402c96c57f6f66cdee40,
81b4128f9f024ba1a1de48109ee5884d,
a671d7552525431fb50cfadec927422b,
1da69299038d4586a43976f8f71f6015,
0cbcf893097b4dcd8f073bee0690fb21,5665000000.0000
7f88ec5c69654a37b866cca92ff1132e,
d79402d863d64801ac2708e58aff8337,
6335b25fae4643b48e6542fe61b8bbf1,
2af8e3c574c04731a91a7f09cb0ec42e,
8bce5527604e430abc1a88e363b87be2,
c7c7068a00d04d36a65053d2db2ac97e,
8838de1f04e54ce19b3e25fade1d7811,
9bfef24ab82b4e3ea7970cecc00d112c,
7a848e6bede343cf96e036b1dde0137a,
6fff8ae894414a2592466e949c22f444,
b5bfb0f6886c47c7b01eee7add7df454,
5dd6e8a908034bb3867f7ea3444b4130,318800000.0000
653500ac4b2a445ab261753b57dac1f0,
33c0d73ef80a40f7bb1f84a3228b2d69,
b62f2bc356c245b9baca4f92b629fb51,
4b08e8442b044c5ab5c0d3514b33f084,
4289bae6309e44fb9bd53e7d35c14063,
d88303d3d29a49caac5398fcb825ad5a,
6240a397e6044295bc9e51b063ab29ea,
ac7419e161564498b692131a74c5c147,
d59882e0408e41ed914ff28ae6b8554b,
61095b3e792d4a3ea022913163734480,
684d9c92fbb74fb7b7857acb687a1df5,
213b825a7bd34e318d89cf0ace3b238a,
1f646f7e8c574803b1bc0097f6617368,414000000.0000
56beaaa3729b4275b8840a03c5cf0788,
f0cabe801c154074876d605b33e0f640,
c5a57c71ea5641afb25ca7a678636d5d,416000000.0000
8e65b7ae0ad544248da25e69ffe41b31,
91d9cc6894924fbface3dc39c37b5832,
a3b64f1592114653bb3597082dc3f3bb,
58358d67c422473da849433ee3e8bce5,
dfbf0400c53b456986ff1417caf8694d,
b72195f043704f48b305f3f560145c47,
d8c5394e92fe44459cadf9d2589eb3a2,1112000000.0000
76398c8c8f7543cabf76563bfe7f1363,
0759104663064fe89ba9d9d747ea3919,
1399f41b907345518dd0b828c4099ae5,
7b3f6f39bdc348d3bbffd241a400329b,
1791069594344744b6668c73c930b3dd,
c4dd9c79a79b4c3ebebd0cc75217084a,
22c35444cd4a4f85b9a4b02b8c2a67d6,
c8d424b8231448e8a8f7857f48ea0499,
2694c215714b48638375f7122a89d2a0,
e66e473e876d4934829344b63a45fa04,
962464182fa444ed853ae1c33262a8da,
47f9bb2c8f834f8d9e89ebdbf0a21316,1434000000.0000
1464e0bb2d0640bbaea1e67290dec58b,
ea979de417df4da7937373e84ef387ff,
c1fb400623914eadaa30ad690f0eccd6,
92b35a3b5a3047c69565c7b19db14abc,
4143c17b8c1f467c9c02646a9d888ff3,
d490a7a5f1f94951867d1afcf9873be1,
b7a7fcd5ae01440cb4765bb8dea97e64,
be0ac4a862e0431790787dc890134d19,
5b7a6c54dae744758c798359e4d4fe74,
ad3833d073124668a4018cbe5aeca7dc,416000000.0000
5b2ef895512a4fd98c4508b71cf4e195,
f5a072dae6d047e1a9e3af0b01046761,
01ca057c55cb46de831f0b2662047503,
019cac0ede134279ad85780f49fb8a18,
0eb0948a12794395be31d98eeeea248f,
736917a7b8494a45ad6cc0b3be125ae0,
9e57424b1a43455da506bee9b8a4fd65,429000000.0000
dd71ddbc59f34097ac9d1acaf8bdb889,
862d37ad5594464e8a7053193448b9ee,
f1c999d09f1a4169af7493544ad9db88,
32a7b08050a340ca91d85eef5d5b7275,
ff41eaaebc5848cfb65cae4e4309ec1b,
9cf169c4bbb24914a58bba422d0d7e86,
6ecb617f81ab46108df2a188deeee1d6,
d5465a1145134efb8b2c8ccaf4cc20a2,
a5f3442e27664f37ad47ee1d63cba135,
786e5463499c4ad08e405616f48862a9,
9b74ad919d254df299db5036015da7fc,
7c656391b3804d2b97a0dbb2dcaf5a9f,
de255b2815fb4d858ea5adf886297245,
a90d4560fdba42a69a821a998462a6ac,
7f8e932d262e455886cf3037757f29d2,
ff86e29c09a443029c37770a36ebcd26,
b9d22cd602dc4ef9ab990749162da00b,
53fa0f10b7864c0aa5adf9a14d5d57d9,
9f121cf3f8984369a457a204505474fa,
ac40d9f6766d4f41b09eb89ff224b0b4,
12e0d46d0e3a4143a3cd57718b559f6d,
2c2cbb1b6b9b4dabbd6d69e52ff3925f,
3f16a1ee794143da8175ce75de5fdde2,
b2c78a2b4c5145fab7c9958d4cdc0b09,
383baedc376b46b2a6fea85b0ce6d283,629900000.0000
d39b1ca17b4f40ae9a4e287040c85585,
df466a9903ac48eabfa6db8c6aa8f48c,
3a29149825f249fe869efb6c35844e22,572700000.0000
31347d1b3829424682c52eacd852fc65,537800000.0000
8c68afc1d3154ff5be2554ecd0e3cfd0,
3cc870455396438180bf380f34da9771,
49bfcd04374a42479b163245ef383e04,
426f364341fb4b529e5d23c60e833209,1037000000.0000
aa07d3cff10f407792fe3a80e603b72d,
04ba1f1e893e4b0f82607edc12ff4e09,
91ec6c0826a84578b37660a143195d6f,
7239dd12e90546b5b82802e6c0bacf82,
78b29659e0dd43e38f5d6cb701223f06,
fb671f54415744638455e5a18ed46e1e,
7b565a2e5cca4e709ecfe2ded9a17599,
5d8e2982069047cdb566c1498c5f8cea,
073aa1ec1ecc4f52ae5cfdcd19073822,
d14bf37d425247b3af7c36d511a57619,
54174ffe5e6c4fa5bd1a9ca28006c72c,1027000000.0000
541e5f59a8c4406998399c13cc9c9f0c,
11e0cf7e07c645c6b42afdccaa87618e,
fb3f03cad4c74e9a937d9215ca6a6fc3,
bbc6f87aa075440eac7091f0902e6db1,
3c8dba20346743aba3e50c79721b13e3,
d5b13f3191af4ca1a1edbdae5bb69536,
94d8f4b9e53444b8b5c1cd71c8d3a629,
0847c9510f9048f6b84b22e8d75621d7,
e1ba2655dadb4a1590bd12344ce2b8f5,
d743ae6ec3a846ba8e63b7a31d3f454c,564200000.0000
0490d521b5ab48cfa84144a1391df775,
27c9c90c954f4e4c8df9e8b146dc12b2,
6094a39f73214bb89a631481bfdf24bf,
5d6a5f9d9c874f299edc516a3cc34b3f,
431cd95ec1f8470289dae4f55b1e3ed3,
b09aed91212446e49684423897a6b817,
d807e0613c0246c2ae031f43f789f5ef,
59d14819640b47c79f9e060ba76ed250,
524986cb3c634294afffa2f8ad9a283f,
eba89c98298042afa35908b7460eaf11,
bbcefa0862324ac4b192d0b4c777c00b,
c0614d2e784140faa1c2cf2ccfc602bb,
31ce44b97a2d4ce08a63c9ad9157f046,
2ccbb1c149c14f218a3584276b8f4f41,
2f4313485ad6471794d18a4485dec271,
c6c6349628dc4f4c90a487e8f2a3c44a,
0709e066f51b4b75a20441bbf2d5aa0c,
a0b58d02b11f45b5b39aabd8876d3ddd,
17a0801c45ff4aebb8acc88eedd30148,
6017f830c6d84558ac061c59e199c1f3,
5905524a42e0437b8008c8e5a295e58f,
4c27703c78a94eaf909a0b11964216bc,
1638edeba5c545299f7f1675465532ce,
334a937d4c4c4fa4b6b9aa0faa4e52d0,
e6bc6477eaa54e2ea2b6839fd6e8cb0b,
1782d4cbf62a48ab8b04b6433addf3ad,
91ea53b78e0d4641862cfdb8f4cafed2,
b9ea87f007ad4b0db5fb4cda77cc904f,
35378433ba6248a4ad61423bc1cbf96c,
3fafc2b92c1b4124bbbf6ae9bce261f6,
8a7154e8746346bd87a849ead54719b9,
8366e4192e1d48699ee0e67cbbd18c68,
319815ec2d26444f93e27ecd179c01dc,
fb362d19fe2f4fff9b2cc3b5e48344f2,
71409fb235564126871c0b6d2715c6b4,
aee9b4ad99ca42a088dc247d6baa081b,
70a7d47190e54f49bd2e3a25a18a6b65,
ff23afdad88442d8aaae88332b4cd190,
612465e7ca2f4cb19c5bdd1622c256f9,
83f62e5c435c4006ae84f64d3f623130,
2d68eff456324de19ddf4389872385db,
f3a13290712b4a5faf3d5077fd84ceb9,
eece83783d4546d59fa9fc6254e2d8d6,554200000.0000
5cada23101f5465b92382f162b163f5b,
e7d2634f7ecf4c9dba2e51f42f9351c8,
0be21b84d0a844048d1c54b9ab64c74b,
46ca7db76951429698eed6e007b736af,
9b0f9b99b38847e9b801797a391d775f,
f12dbfc4cef84d9e8675ccab99413e6b,
d8d97e7fbe694cdf9a23fe9ae9fd31a1,
b606be0a64284f2fb4beb73ede747e70,
8096c225f16845b2a4edc9fd99a5d28b,
ec7c8d5807fe41db8d53dddd1689856e,
8479e12ad62b449788f029d23bd51f10,
ff402b2b3d654b8593835e0371062127,
0877001cbe684c98bbbc3e517438634e,
4a84afa7e8804c65811d49807a7241d0,
ed8cbab818a845c485da1ef0d0ffb3a4,
e80191d38db9400da3a572ec96781f6c,6812000000.0000
686a30f6b18d4dd6b23390da366e44e4,
d9337e0a07d349c4bf906cbe80fc212b,
c35414727b3747798678d31f724fb1bc,
ff24c07d006d4b02a4b5f24440a70c70,
4548b08acc3e42d6b244eb80a159a99a,
9ed7a0d63de6483a8574c2fc02a3226d,
f34b6214c3f24951a2659ddc78c1ac47,
4870caadcb1d4c76a9dc2830dfd1d420,
3a60a0d342ce40d0b94c7236040033ab,
56778cf999e74b4dba3c33f7852a304d,
95fb5095a98749d4bfa77563b639e350,
a431f289e57e4440a070a2fa81ae1d3a,
c5e407cdedf24373ae1f209988dbbc35,
6eb23adf212c43449c8b6833bdd24f7b,
052b0890b8fe4513b2926d2d58101a48,
937fa7cf07bf4ddb84017fb53a4e6705,282000000.0000
0d2dfc3d81254013ae607911261400e0,
0a1c39ee57a4469e8f3d9d68f9e28638,
3948c25a354b4ca9ab58ce2975e4cc7d,
90cda7265b724c4a9b96b0db323737cc,
143c18fb73c240db8b6e4a60c0f5966e,
8f6e68440283451ba29ba4e8991e696b,
b9eea12b6ffe4e0b8ec0c71a9e855f09,
ebd490c2e1954b069df15121c3e7e59a,936000000.0000
9a219515179941d4984b002859e7a331,
232a50b92e024ac4839d9ea85de16912,
e2511250d2754e3b9e52c19bc8fcd04d,
f0420bfee8e547bf9feab51ae2f0bc9a,
47972636a31e4a78978c884201b0b521,
0c890b20edf24a65bf88dad76b5f2b85,
5c4aeff71cb4421da6d407204678ffb2,
3e573fc493c54dc6a667c49dda6a126b,1187000000.0000
48c24efa7dae41e8a88ff790aea93372,
258156d08dab446cb8e2fd228a10fe2e,
40cf69c0ac8b43999eb2fbcf93901f86,
febfb38c13af4df59f07da2e6505e4db,
57caf4c498214f66b7c6c93abd975ddb,
fe07a16abbb848369cef4a3724018404,
ce90b237010c40d4a2e29a393f5c4912,6734000000.0000
54362acba3c340bca9e92e2a09cbf462,
cdbe758a140b48c78062b94766be422a,
ec93d8031cff41dc8450dda6c3ded110,1568000000.0000
a9eb4520730340ecb2708af4b842f32c,
402de7f03bc340458e720366c07c1ec0,
6961b7c47cce4b44b0bd8cecd01ef405,
22b904210ddb4dd5ad4088a6a976025c,
a82754c5cece43d3b042926f0b3cae61,
f227c7eeb5ef45898c8619244ef744b5,
64b65f97e851474b8785afc606c6c706,
d9ee2df98ec64fa4ad80eb330ba28e3f,
ca694239db4740c6b2c427bd81941c63,
01ce3309e075449081cd4088cadff79e,
d9cbbd296503487e8be82601b6170d78,1580000000.0000
f64e3175d72b4ea09743c6c6500ddd74,
cf2afba242564b2e8a5fdf780e517f4d,
472299e7a38d4c148c89646adb690765,
6b3df0a8a72e4daf895229f142beb477,
9976a3a634cc444b809ef4443962cb31,52198000.0000
a163322312984135982042dd7c54a079,
a36fc024fca4426dab77e950e00316b2,1484000000.0000
b58d4b5912be42169f9b853a53c8727f,
4e3c3e30c7934e5d94b9be4336790051,
a8df219a38ec4e9f8be448b336fed1aa,
9c36b9e794554079a3bbd0277ee87449,
f79a5f00c6a54486804704c9f8c5ec4d,
1ff4523671ca4064898f91525cdade45,
461ea1a73767464ca882e18e91c1ae4e,
e874848d8d3e41269898466477b8ee17,
6ff0fa8914744043a34e58f4792fccaf,698500000.0000
f3d9f6c0a126497fa855f3f692a4511c,
3fceacfcdc6947cca638292be0c073b7,
de52787d17d44b6480ba31aeb71c8e3e,
c010e180402443669187567c7c2680ea,
817e60192b9e45deac9887c549f16d85,
6fb565ab57884b4f8c8bf4f46c696537,
596ffe48e5c54f95931549b5cf1af0ae,
95ab45146de0452395bad96630d2e1eb,
5f4dad3a3dcc495e8cedd67eb23404d8,
e722f49ef15e44f2abd9fe96b58ac71a,
49f7998beb4c4044b9d338c8e2cc2774,
a8899837612849e7a1f3c82b55bae647,
8cf94f1eaa024888a59575ea3f81f1af,
285dda2707df4e1395c554df4af3ea65,
310fb285e77044e0a82d23c61e5b7586,
b5fed38414e2453d968906768fb8ed3f,
312ea24646c44ddaa1e6bd3239a00404,
39913bda65864950a38306c798ad8831,
2b5d301f4cb64ac2948a43f7eb8f12e1,
a5fa2e7825294b6d99502613be9bec65,
2a497713b796434faf5aa6a2c1418ff6,
08e59e32d5af4e239b4f351805b13af8,
32dacd65bd5247a3996e0acae307d5ec,
a89d1e3e3b8f45b3a266ff49ebc98d05,
7179383f8ed946cb8735f0e6d2b09485,
592bab379abe480fa7c69b26919d108c,
869dce28d5c140b2b976401a74e7a130,
789a694de20d43ada556be5e6cffc03e,
96823b6a5d3c4dfbac53d7fb58c7fc54,
b6506176f4364d9a9b3fed28c56d0ce8,
13aa3d6870604baf860834f346a7826e,
88db62ada09e46f09e1c98823eb52b67,
caa4613262e24a5ba4011d9b9ebb11ee,
d32d5c00dd47432d8064e9fd1d70a684,
eb15dadcca8c4fc7bd4dc81d36a7521a,
36d0501ec7704ba0aba43e896fdc51d9,
bcd39e30cc8b454494f15be9d012315a,
bc718cdb9bd640189b32edeccbd46b17,
e68caf25583b4b0b96f7d8d66e7ef99a,
536ca44b78a44716958c98189ffb7c0b,1811000000.0000
fb0275d9179045a2b97a92c818f06e6a,
937235d3322b4554a336914bd9848042,
0ab3d572a7374defad00883cc65e922e,
9a645fa056474e638023bd9142b3be63,
c606fb776262476d872af7c80571d9fa,
83018934b1ea4adc8337cbe90c1cd19c,
30a2faaaea9146759a52d7f473ad2b99,
843d9f5a4ceb4a43a97533d66d041e97,
d2771c6f14f742139e9a4d0063e20f36,
fe36a262506b4e08b9de27f75c489b33,
151f10768aee47128ceca6a6ad92c2fe,
d4f885f64ae04896b1f2d44f199300f2,
b0850c1bff5642048e2ce09d85838acd,
c5a5dc40950444fc8103cf9b8dce33f4,
570d6c4378664021bc1fd8cf0b65c06c,
1e333f3db34d4061b73c732d47b80e15,
b1b337ce6dce42afba270de7beff6efb,
289d8eb3a8824efbb045bd61a4c716c4,
2c0cafa6c4cb4245966b9465fdffccfb,
2a87bf1034204073a247a07eca18ad37,
3dd379e060814dbbad13569d20feb76c,
a37b5d0f450f466faddcb00d268c5143,
ba8d7a7695f44be2a7aa07147aac22c6,
33d7e4fccb14415894fcf35fb5236df1,238700000.0000
8f0101e14e4c4d06a2c93f95016e18af,
83510d4c72674d43825501115ab11129,
81134888343248caa32a81221309c207,
f173d3ff6d87443180fccfae76c917ac,
9f688fc6a85e459f865e9a74c01df108,
4a4a21d856524baba9139e44678bad40,
ab5521c258e24a608dc768076b5fb127,
5233b0d1196140a5ae5e0d410cae3175,
467c5f010d614fd0af6bd98ca5dc3118,
b7b3978b5a37429b86c044eb4b62ba78,
0ebb228e3adf47f48f8c7adfee667a33,
70f5756227a34085906d2dbd6a14e738,
8eb55ebae0df483496a6e60d11dcfc80,
1e88e218443b4367bdc4d123c87ea15e,
a2f4f4a0503d40e68e1a0cddbaa74d81,
b481d42d76c44a9ca3c34c347464215d,
406e185e8e6b4057adff14dc31a1ccdc,
4b3be3bd660444aaaa7bad074a7edad8,
c704faae87f847e7b5ba287c5c52b7f7,
c91b6c7f344f4f90b6d1d66ce0e70c7a,
18d39c7c8c324ce094cf79a51fcc6534,355000000.0000
55f8ffed007c41d3ac08a468a7d98841,
6ee8db8a342c4164a6bef36212596d32,
7422bea864dc45b29095244513e41465,
b7b66702ab1f4c80a0754080deb87272,
0f98dd34ac474437ad0aa7b47ae5148e,
513b29d9309a484197adcb49dc250b11,
43f4789e08c24747986ffbb837ac492d,
d560f68c10fa4197b218946940c22217,
7b05ae76ef9f479a8d38774078ac9ab6,
1242c170dc8547f7bf35c4346649c875,
682eb94a4a044ed1bd8d660eb16231b6,367000000.0000
4e03cee00aee4b0ebfe1ab951b667de8,
fc66cf6f1b0a458ba301d3a1c1f664b3,
a9255445831b48daaf84deba20b0288b,
7736f57f12034bd4b810b14a65f39f5a,
eb72f7f0664e483ba5c4530b597f57b9,1217000000.0000
b714981926be4c7689bf98a01a46cd6a,175000000.0000
28ce3faa890a4f6c9cd3d2e761215171,
5fe63282312c4028b57bc52b6bd6966d,
be774ef321d4429ead4d900b95e03d89,1220000000.0000
3fc91fd501a54d8abaf680217864fe11,
0f5d9141da814fab9edaf01231869acf,
308efc067d294d4c8b18084351b195ed,
a870c0101177440783c49600d4742412,
e0e2e9bb54a744559191ca4d8d5d53a2,
3a03a7a94bd44cfb8e5cbc656325d790,
1f8f2b98b33b4c018de45f9948042cef,
35cf6eab267f4482a95d8d9d9eb8e866,
b697006993af4b6cab65bae5b413f6d8,
a7432b804948435e9d1ffd38ff5a5f95,
052b55a757194ac59e4dbd3ad6c0eb40,
8320c5221d25439ab795c1c88ef84461,
7c37428589e341ada6d215e8066f9b5e,
2e2fa157b0e54c4b8a54e948f8ad3c5b,1182000000.0000
800ee106938b46608b3ccc948369ee95,
a60bb6ccfdfa4230b398b1cb58c6faef,
d49c95a8f2714cccbf9ea2af9eb0ea64,1287000000.0000
55cbae5e970040a48fae13fcc27a3f43,
366d5c45d5f14a2ab0356e14b018d9b3,
f6f75354778d479ca9daa33b2ecbf12e,
09a0938ae5fd4994a9077542f260d483,
05df46ef525c44f58cb21402f336bb75,
6218350cfb31477387c6d69406decf69,
f3747500a9d8481fa0fb1bf81355bafd,
c075f48569a94760b23ae92c9917e722,
cff82d4f91fc465c9920303279931b3c,
0f9ac9f6e1c444dca693be7df1839060,
f0d2ae1f37334f58bf0659fe8924bb4f,
18eef5e2f851430eb43c9fa037772e58,
1b4719e4d14e42eab0152984347ddf40,
7426b9fe88544a64b729654f7a316fd8,
5c4ef62394c24d14ad9808ce4b573f23,
355c8f124e7b4725b403203debcab6a4,
86cc30e544264b818b57122b5e77cbe9,8108000000.0000
5c17848636f5426e8c1d76dcc46b1dd3,
209cc20f429148aba524ecef55c3f55c,
7fb07dd3c87a4aa2bfc601c1bff6e68d,
b46d466a910d4fdb8b5482c0b5702b4f,
ba19296036ed4181ac0c0a517b218b3a,
b40f4260fa694dce96c3cbec09028590,
ce1b99192565495b9e221e50f71385bc,
af73fddb50fa4bb2b91143b162dcc70b,
9dd75419efad4831b7c56b39c7fe8834,
f5eeee0b9103469fb1dde10963abdddc,
55e9dbf1663348e6a7f16b0fc2b1a12f,
2272d79720d341ad94e0d7d86758390e,
ac460d14f9174754a63812c3e4d6808a,
cf282c8ce4d3480cbf0e67f888e225d0,
2b1df6c4eda14a82b0f5ef8d763dbc3a,
e5ee8c09e1e145f6881b8aacef219255,
aef5b5d5ff354508bc5d73aef05e4dce,
e79e7cc59f174413b6cc1208decd1ff9,
e863195be8c94524a837f9963a9de8e4,
5af3775c8244474ea1c83c1455abfe29,
5a8f82b112be44e58096171e1a7bd6d5,
ca41e3187c0743bdba0b65eaf99e3a19,
8f9d439d077342179e5960dcffbbee4e,
9a6f1bdb8e234cab80faecc73e08507a,
0611e76c0817416b859c139ea4a7a7c4,
22a9c36c396242eba905d13a36b6262f,
906fc4c4ef3e4f68a22259aac78b05a6,
518b0f58a20e4ee59c3aac5301eb6bfc,
75712eecf4dd4eeca8e555ce37ea0a63,
7d372f6f8ed943d09bf4bc5f2bd408b6,
c43e9160fdc4451c8bd5709e2543d085,
046ad6fd7171498aa6964465b55b09f2,
1b5bfeecffff498889e53e10f1020e54,
78fa839a8d5448a69feb56d3cf315438,
0b50d81430bc4a6b8cf09c27cc7ffb79,
e37eda7a4ad44544b9b8991be57e5aac,
11236b14c57147bc80fff62566526eff,
6a3c21acafa74e779e16f912e45ce01c,
8c2b1f8d2196452fa8c3badc5ea18533,
c38a58d33cfe480cb0586054c154df33,
9aa2658a8a7c4638953def187e6f5b47,
867ff7756c43427b81a4d4ca78cdad3c,
b9b19b4da8f0492f843963d673901b6c,
27f7507f44a442018b409c09ccd60f41,
d023c7ba4b594cbdb3c7d069c7326a5e,
ca9947a0a44840fe818e6de984f3490b,
ee859cabde5743669d7646b27b6c3f9e,
3aaceefdf0c04484b4d61a56b56e7e6d,
930a84a699f2460abcc1180d3855316b,
ad41e886f09749e2b0ad88f815d0747c,
1ab1b0c597da4744b1b109a119338963,84590000.0000
95cb6f52477f4cc6b6dda198a891f333,
5fc5d33e6f9d425ea92d1d87da556d71,
f13e5fb4f62f4cf5ac91d1376040131f,
e80a21f95fab43fe929903a1edc90605,
333cbe74028e44739b6f9d3920ef545e,
d35e6c7682eb447b961c25aa30fbd48c,
f56670fcca4244f89ece565f19e82e68,
1ab91401795149089fed50483ffb1a39,
3b96cee0601c4b36863cf63629a3cda1,
1e73e3a02e6945838eb8b6b85de456d8,
6536459a3acf4fa9bd8a2708ff27f22f,
5b944d05b46b488290c80e6b21b4bc41,
6cf77736f42f46a19fc4682bbb3cfc17,
fa59eae2eb2c414892dafaf5b18d8d9f,
ef6a90632479432b9db58dab06a73027,83982000.0000
c8b016c22685431da630506130990702,
e782a8e3996f4b0792354edf78ba8772,
7815e03b00c846d5bd4af6acaafda84d,
f03a6413552147b5a3605a416998591e,
dbe3ad11bcb64148a03a7ac01008ece8,
aa09ce119a4a4441aa944668005fc6bc,
c39de39c0fc54916b8880d9b89ca22ac,
4a458d36938842658741c02584038cd9,
00187bad0ef347819f82ef855e320466,
54deb0e9e51f4d5db1e4f257f440899f,
53660a946e8b47d1bd8cb5b1a5aabdd4,
ecade5d9026e431f8decc567d9d87efc,
9f03e9a392004b65bf2a05f694efcf2d,
ad6424936b554c44af1d0a0ce9148e2c,
0a7e331f0aa44ca4a0a2453d12b65dfa,
14c44f1408884b4c86f1d259096af4c3,
d8a0246938484ae2ae776effc08d76c9,
e9532bdcca524a4eb35991c5966e9f1d,
94b79f5842184f349a014b4ffc8657e4,
4d3e899c01944d51891e4b5bcb5d92dd,
6425f0c90a15405083b2cf24378717f4,
0dee20c413f940c18ab0a02bf848dade,
51bfb8af50d94c0290c7f0ea2a783337,
6bf23d69fec24902841fe86c7e5f4913,
ca5fff9b90af4cc08056d4d310e05b11,
fca60ef753bd41e4a6d66682be715040,
c7a77d54c8c54efdbf0a0e20d1f9e4af,
48ef23e0386f4ff7bea4843fdc0db252,
494c5f27a69a4abe809e0d073cd32685,
702fed2b103741eba3f4823380d44c0e,
0fe342cce9db41579b6ddf38db7715ef,
740d5bb2a14348999744d1d6104e7e2a,
ab1c443a75eb481fa843abecd1358ff2,
3922a24a85f54393b451ed0968d858b4,
4d8f104a8bb6462389114e502de57b61,
8119286ffa0c44e6ae341d2b9461f867,
c70171e7187748a2b1a3a25774c5b73f,
8fbcfbe4595a4889b29c390c0bbcda9e,
13e0b7266a4445c180f5b005a8a7b0c4,
528bdf7be140437abb3ed896c04f7cff,
0f53f644f20e4c2599f348eecdf60f39,
2f0dd5bb0177438da142da3c62333e2b,
fc90416e4acf4fb083de9285445ba748,
15ab9c018f7a4297b3409fe68e9bf55d,
b182fd353b914e8b921101015cae111e,
0e114bf0a6244e34a8fa65793657158c,
9f779ee06ba14570bf7fd8510c3ec47a,
f6dcabe3aecd4f37a6543a10c6bd64f4,
c9f2873f849c498c9a2f773acbc7c245,
b82b554610f44f53a2421385569eb6f7,3368000000.0000
8cc3aa9f458b475ca56997f36aff78c5,
3fc1f64b6e2c49e09be49af2cd0a8088,
3721b9676e984867a55be9b5a7d747c7,
e1053f4ad0544218a3bbd169973ac6d1,
fa53e2c786e74391bd9dbfb0aaede835,
0c196eae170344a89db70e8257310623,
1674976a6b1b4076a637774f35fe930f,
4b7fafb8b336498abf9b34249c961a88,
432d25f3ec574fc5930eec29b59a944b,
716f1cb48a954fabbe38e730862767e7,
44bfa49794a14a9fa4bb77db2733e600,
3ce2dc2fd44e49cebc690629907868fc,
5664639d2df1494aa83541b9225330fe,
1b84e8dad453423a800786a6bfa92be8,
475fda80ae514cc5a02af880e78152d2,
5c2f400018824739b362523f014e0782,
1d38ea70746040edb15bfb9af1236629,
809e6b9bf0e04723a5d0ed527c57c223,
8e1513c7005a4670b9498bf81b58606b,
bbe6f247eaff4a4ea94a506ecc549620,
220dd11522cf4280a8de4e9f2528fad6,
61037542ba35476ebd3ea48be4f18358,
9416d904f82343878d4cf64fd9486636,
2f590d5109274cde9b8822e869df8618,
228bdf6612b646228423e43d960fa978,
649cf732ae334949b2da6985d436b954,
9ace429b1fcd45758f32844d38314bf2,
774406e0dc1941188647f4a996bee160,
273c9466b78341a59c6f15b44ffac794,
23812ac0b2b545fc81c83d8891ebaae1,
6e068e7548784c5986d23dd075a28f52,
7d954c549921434c85e1b768e2229504,
7cc36c079ff04a5cbaca8ba7747715c8,
1910a67a89084a0584851e5f0dfd6010,
91a25ef0cd7748458016acb14156f216,
cbc68ca5ffb4406ba0185824003924ec,
f380040eca2d48e78fd3dafaacca33cb,
0351c3a343724241ba51c199779d3b12,
c4ad955be5a941e5809f967e9dd9b12d,
67fdb7b5373f420b92674d346971cf03,
23563f83fb7142b9a684926884c62a6a,
56d484cc53df422b994bd3d916756170,
2bdee6e8cdf54ffbb16065162e691e45,
8f98d7432a444eac968c9d140eeea450,
391deaeb85534cf09cc55efeeba71cf0,
c14c2d86e00345788b3e4de70a735945,
9da78f2fa0244e92b5a2ee40fe7d634c,
2b7893620dfd4e89aac861595219931e,
251cbb46ddd848e1bef9b47513a5c57e,
852a8fa8ac0a4535a619aea1e4aa3441,
5d1c29f199de4e8b9bb753279be2bfd6,
fb2c2011b191478a9e99fead5267d9f4,
5195ae87aece4c26a092ee2d937348c0,
a5eb55eaa52d495b9c280a9fc4edd1ea,
2cae51cb0a86413c9a2d167db4adcd63,
2e4a069b9aa64a0787854aa97a5ca422,
b6f717dac91140f7880a00d148956842,
e34eff05cc544b77837e6b967c1fa1b8,
64a91a9f07434ecda2e40b22ca93bea1,
babe43dbf010497994f3581fab4530ae,
0c5800d1340840ab9eef6ee8dc190c50,
83a33c4570874192b58b3a49a8add496,
1115f31ed7ad48ce8dff75b2fe69775f,
9a4d8412b4b141388e2e2a7694944ce7,
3e82834c6f404cad84bc1be48edda976,
9b123816b566468d932ee2fb0d7e1fe0,
223cf1632cb644f59f743723c9d66459,
df90ab87c09f4f29bb2e27df4127e80d,
193c6581edf24e06a21c98d0f5d7be84,
1ef5e4f1e674477cad2f918d4d4e2729,
3891476801674d3fadeeb66ec0ddb542,
35e405253ff6434d9c34c4a7dd57a0b6,
34ec98df20e944459024316cef170d18,
2077554233d0417195e219694c4e041a,479000000.0000
7fdf0a2741c14f2ebb36967d5ae60a4d,
09147162d2dd4b40bc0b79cbc38dd85d,
9702fea3c0fa4dceb58738f8beda89a7,8098000000.0000
e8265db4ba014adaa8c0d028e6294396,9316000000.0000
d1cf699a5f1b44efaaafa8caa64ab35b,11197000000.0000
2a7ad2e59bdf45768e8e79428e37e5b5,8150000000.0000
49e8300710124638bd2bc381dac374b2,
943519492ba046b38e7ddee770252b0f,
947268ab0e574e09b25dc95ee0c32580,
212b8730d2cd4ca89c9d08558daac1b6,
8b77b651d75b4210b195362d9f40223e,3270000000.0000
56d8658e5d9341fe8ccabbcc83004679,423236000.0000
5793d8c6958648719b865472161758fb,
6e2c03e86af149928bfd7bc10dd91e5c,11318000000.0000
eb2f8109f5e5415abdadc68ebb9187d8,
7135bcad9f8f450fbff79bd75155726a,
d43953a959184d118ffbebcffb8b3ac2,
e2df7b1621034b6f899dcb9a7770d538,
9b6da476fc0949d7b24547b990d84417,
236b78b4c14d4226bb0fa88f1c31d6e6,
d8b9ffa6501e496e948f66cc176d6509,
ee94e183382c482aa8804934d2e83e66,
fb66d80f0cfb496296abe26c01eb4500,
49f8621fc873431bbf01f593d4dea137,
eb8f24613ad14379bc23f365a6aab0a8,
2e486f856ee248b7a7a6d810cd69ff02,
a8c964b411e84f6fbbf8aea6b4ee880b,
b2c852979ad54f0088c1ac66f6efcb19,
badea13501754b2aaba49cd98f737f73,
bb8a033d12a443b0b77a3892c53bb67a,
2445a1d8d97a401fb66ea2c9077d985a,
c2b9d33f42ab4d13a935f96f6cf2f729,
79a2038c699140be942ed0b6ec947850,
3a06fa5eca4f44da993747438361bbca,
00606b4e55d9465699cd29d9e099a79b,
12ba22dbaaf64090b6d8608aef1e5ffb,
5f8d6774a05846b8bef84d6da074d846,
4814efc8873f45fcb819e0fa42503b73,
1d2237f6389d44c3b051c7ea8ed12016,
e5d87019c4ec4f50958257dd0435e387,
9f7224a4da03473f8bc11626dbc57076,
54780fabe1d14ac894c21c243585b0fd,
8dfc0203a356489a9f1ecbb34250ca15,
f9b394818e4943ce8c7e6529452b8420,
1d2004a5574848fcae4db7ebfa6faeb3,421336000.0000
9a5d5209709b4df59a6ad84755d6399c,3477000000.0000
72b08c395eeb456cb1d742819aeea113,3206000000.0000
2230c5507eb94b24a17ecd2f0e2a2337,
7623d6061e9d4280a7c9eba1d0978aa3,
12b6a3638192446aaba85b90d551b203,
933fc78f13a541e8ab1cc60723fd8f7d,
ea2a0fd3a1d64c4aab19297b0977eb16,3319000000.0000
2b84cfd6295f4b9ab7061cbbbf936a5d,190000000.0000
bac05b0ea06e4601809e3a1dd312f024,
27404bb7d6144c3d9e8b2a238631aedd,379000000.0000
e918e6bbe8e64448a97b83efe35498f8,
33f20c78246243539943f8faebd74edb,
ad4f9519b89549a492312e6ad349cd6a,
9439bd4aba1a413bb3844481ca338984,
00d9372e73604d2c8f5a6dd97a51ed55,
707a60eeb23f489fbd1adeffa5e6180e,
2625fb0fee3b4503a6200af0243cfc50,8094000000.0000
a597d2f967d2485795dfbae1138640d0,
b5ef7674b50a47268fc87d4476f4d224,
6e8a300c0d1e43d68c73864458b26137,
2de8ec2896e744fdb5d1a2b7bbedb5fb,
78f60dbd50fc4a099a62928ebccf6e7e,
efd8df5e035a4b22ad9aad8373d7382e,261000000.0000
c06838af7f5c44fd9154646d278e55d7,
b19a47893ffc44628fef697766390dff,
5e00f8160625415aa527193cee6899e7,
f0fe42e315284e988e83d43e48153f09,
d78644d792ce4731a80a0a45020f16e3,
8ab36d7e0cd94f828ae37e2e43e739b9,
655a8bd36ac5439f90773223e297e514,
5b3f9ad8fa9544ed93a151516bc62c77,85019000.0000
bb176fc6e71344029171c02c6794b4d9,
2cbe70c431cd46628311b1b7011fdb25,
34564befb1eb4b529163c844584701b4,
41b6ea4093a840329210d46ce5ba22b8,
a9a316d5b1f247a0ab1178621231e1ac,
e4db5e23a2f740479d6dce36a8a0b25f,
851671abee2845ff926418c57a5ebd9b,
0e3a616f30524f00929422cbb459c1bf,
d95938d00036447b9c180092f61cc259,966183000.0000
8671edf383fe4e8caa78ab4c061d52bb,
468ed1e010ff4f7d9648140a43bd46b0,
48843273f95444d694e836da2fa4aa2c,
d74fd4effa8247c6963cffd3977609ad,
ffd95bfd9e1c400780f751c97940522f,
8abe3365cdba4391a7938952f9c8deb2,
e0e8f9b38d20424480afa11dfde6d618,
a93bd750e4f54f21bac18144f3d169de,
0dac6b7fd6404358808bf1434a515540,
c5e327e4a4cf491eafd62bef1d0b557f,4278000000.0000
c4f71b421b6e4af5a0d30bfb319dec38,4334000000.0000
08bc3727d7ab47cc9d9563ab4e750ce4,3257000000.0000
4910418462e6413e92b2f4ed9f0efeb4,
d719ed214955490c83664e3173bc9641,
c14200110e464920a4df184204794d55,
f03565dc2117422db145e5b49aae200c,
cd801e2e5bd34d4c87fe11bc37ff0dfc,
29f288c8485f4abcab8ead30ce4d64db,
48881b9b3c484ce5b3ff21023aeec3d2,
b2d1c2facc2c4538942da0933c0eaec9,
26f1372756d949dfa70dea5d0bdddce9,
db9219782c6047adbf900981570d545d,472219000.0000
619a91e926fd4e149e9871251169cf94,
44e6df90691847c9885d89c8451a2f54,
0ee397f7cb6a414f92c121ee9d9432ea,
c13b009d74644fd4a319a5920ebfbe1c,
11a7d0ecbb6b488b8567196234b69706,
364cd53248fd47cc964499e121fdc2cd,
a7acd87a40464e4e8e2fe612d9da844c,
9f687976154048bf8fdca579c433131d,
e031fa9d1c1945dbbcbaccbeb706c9a1,
f5c787da635149eb85ed1b5620fd8b6d,
a31902a1e98b4782a5394a521f452306,
565085bc98b243ee8915865a44e309f9,1866000000.0000
87ad9878f0494779bd88e6fa479f559d,
d7804db06acc4a47bcba8d83ec56c2de,3749132000.0000
28194b261dd54c1082a2983e3fcbce2d,810218000.0000
a94e5740c00c45a9a700e426fbfaf96d,480200000.0000
ac1b094e79814c48ab682b15bd35acc1,
02d6cbc489f94f5c9b5fd19eeb75521e,
00bdbaa3b7784836973b8d6cf7c97498,
81a3923b04564afeb219dc562fe4b99c,
3f0ec6ddc4bb4ac6a89a2d4204457d8b,3726628000.0000
387b1248145d458c9c102af6891bfadb,
0e30fc90f9474fc0b38fa850f749cdf7,
9c82e68308804370af0b4af74123fd75,
bda99962f7664d4bb92d366d88baaf02,
283a54b2373943c59567156e21c4b50d,
0fb365ffdae546338f66769acab9e23c,
ae08f5609473419ca92dc271303e440a,
59cbc17cccaf4abf810d90b721f6d1be,700369000.0000
e358f76b4dde46ac884892a0a8831ba0,371698000.0000
176e85a5ac404d13b5f5155bde00b2b7,
de66ea90d4884d4da6087dee31a59520,
2e66e672d01741ce86acc22d0d06867e,
2ce7568a662b4266b519a9cfbf01c952,
24e54ee411a1414791788b6ed7e417c4,
91334e3f4da14a98acd777adf8953c9f,
feafe0612d6a49509c974332c29aa5e1,
5df402f53fd34fb9840b82579aed76e7,
998e0a164d094925bc01d583f6d2e831,
688aaabcf17f452e9b10b1faad2c8996,
c34fe7183c144bd4bdb682232b786751,
9ccc14fb7c134187bc05e3c348e993c2,
093be7c175e34ef5bfccb8edb889ae29,36282000.0000
6f237cb594fe40b9b50df0c42b6ad806,36282000.0000
da6b69ed85aa4561a37f07c603f478b4,
84e3a1a5979149418bb06ad393d73ce6,
ce9e8e30b8ed46588d0d7ddb3509ace9,
670aac2f06d645a6b252e3fd2e7790b9,
d63eeb7ed60f433f9e51a2607167e360,
c687bc25585e46648a94a5c9e1afda4c,
bfbd2389f7184f4895bd482f77afaac6,
8dac28aa117c4bf6b5829e8f4b2c4c2d,
51257d96f91948fe87a6e883742e2319,
a9478b7b3e7b49f0812f775cab3e37f2,
69f5a28f097b4573a74ead317958f641,
4190001427e94ec381b4c8cfedc8d8d7,3319000000.0000
1d1aeb00f68a4dc7b791f0f9b8172552,
88e39c1a4b8847f9bc74eb3e179ff5f8,
223ce475806748f18d91543b67226eae,
090a35958ac9461a8106bb750e7a4ec9,
f5ac4d37bf1a411fbb71db6a9368308a,
d9af100bc91f43e1ad27e8bbd1d9315e,
47b3e0265be647539865213725936bcf,
51d8ba7bcc174f928f712b17e7ef75ec,
0dab7469924c40609108c5530d409276,
264549d5f7714efb9b049cd0bc374b01,
e957f3c194e0435d965ffde7128e74cf,
31ead05197b94f4b95a8618230e2e22d,
bdc85becf94048048fee3507a87f3de3,
47c9f8d102f9420780dcdc3e9660d649,
a5d7f65f1be3466880649886855b1eaa,
ccafc4e4f9e146db817669b6b0089d42,
72a2dcb000f4481fb9ccbc2926b44cff,
e59147270ee44d739fc13401821b31d4,
73dee18f57eb4cf1af383193a55df353,
df559e96221c44b389d2cc36de093bcd,
ee426b837fa447d2904e9488fa6af2fe,
9910191947c340cfa08aaff5b5a32ca1,
e3e723db742244bb906130b80f958ca4,
077af133839a496496e9290ac4774851,
65cf101f0a1c489386a5907f3eb5de75,
8dfbac9baabe4ab18dc743a7e38be401,
953012892a0e4e73a9dfa75e3ff904f2,
25ba2bffb2374d53a0e9406c081a9cca,
4a1b8d12d0b04b37bdb1cb5d5f971e19,
c17cf602b079443ba4c73e36cae9275e,8653000000.0000
5e4e4c14916348fdacd4da1be4867854,373831000.0000
8624ecc922ac4d29ad76f55b60711009,
5851685294474c3a9a337441c16257f6,
4390e220f3ed4883a4ba5a73fc2c4788,524131000.0000
af21f7e7d08643b18956f9697050fd29,
0a434c929441484bb9ae2edffc9aeeb6,
fab95587018c45f79863bebf805d2786,
e2d399ebd3bc4b1d995927dba8db7480,
8d7be58ae4324c8c8653763643bb984e,
983b3990746d46458555124d582b728d,381733000.0000
aede2e84e71d457d9110146a01b57b6e,
e06caa7096a346e0b524344e204a6a45,
578ac1eec9ed44278ac88f803e5942b3,
dce58803086348e59121de7ccd94da4b,8924000000.0000
0ae1107238ab46dc8218b6b373299294,
ef62ade716ab4ee09e1a4e782e1097b8,
bc1c5cdb9eeb45e194f7c673167e5c24,
36bfe0862b2d4d3aa561e34140861ac1,
78cdf43fe3fe4eef9f9dfd75d83716b0,
56733914cfd041c7adb4c3cd6ef62d78,
2af57ffe6e0749cba17e359a29ec970f,
36e4e30d46704a6f8ba7d280b8d03225,
3c00d3f18b434265a4128214cf5d82f5,
27c5ae176b0e44d6a1bc3aee82711537,103480000.0000
cc22419245794f658a8e8ed4f82edea7,
389a72af58cd47b6867e9cbc61a35ae9,121668000.0000
bae0dfc9089e4185ae0fe008add2f951,
9ac9b93ddf024e73a36427f95663b5dd,
c6e6f0d640244c988274d6aeb6699671,
af5bddfa27b748298788453affadd908,
11047dc12aeb407e846c05f7db24b112,
1153b3d4ce4c4847bef3282e51cb9800,
6474abc768cd4d3b92c6f5a4e8ebbe81,911495000.0000
7682538ce58e4500a6ff9c0a2d5d838a,80937000.0000
66f124a8ff1449a58d0f70dd611c4a0d,79015000.0000
c6dc56499cd24842a6ad5f68eb760731,656550000.0000
ade2ce25bd764954924ecdd298969192,682693000.0000
66246400b6ad4947b7f3ee3e4206404b,99247000.0000
c64a8035d929456e9e402309b905f15b,98525000.0000
07acd725068e4ad9aabe9fc9b5844671,95110000.0000
3a6bb231f8104fd092e5028c7dedcef6,
44af6d805fbc4bc197d4cf7aa448daa5,
8d91527848294459a9f134ad6972b973,188730000.0000
d852b455f44c42d296e3f2602faec8d9,94310000.0000
f0df08a8bb8a4bf8a1b372354e371bb6,
f7c13fdf974240fd888ff5c1573d838c,
deb4f6463aa0475d87bbc34bbde374d6,
dd077da822a449b5bcde88ecf7f0afdd,
31a2612179aa432993c7911cb3271663,
0bd0c8e39c7547b6a1b7afeae321f532,
4398fafc9bf34f38b3d7067d89813056,
aa14e3a591d94ee29c1267bd53071595,
a36bedfd556f4ec3b0f443925ef6cf41,
8893e51fcbd845f29c8679e5899e9b49,
9a039e9400a14dbf96a52005799b2a3e,
fce1ed30ecfa466a9eaaabfc99fd085a,
f453630fab3f4e3fb5444b1baa6d5882,
92e49f8852a944fca5571fb09bce734b,
45dab7dd8b724f4598bbca876abb5595,124837000.0000
16d3e38554b54815b3eae23b67ebdd50,
d2b1ee8da6954e19a7020b7d0630d01e,
d08aa07028d24b4484f1987232c2ed23,
08824919c63f48c898a60a7f2f40b8c9,
d202db28b9634966920456c847cd51e7,
0eb3bbc2a30a4ced873b97a9eceeadda,
8b103ff8185c4fac90f653ebae71c08e,
fe9e6932cf60483c98002283082fc95a,
f0d63b590e204dc294226164e9d13211,
9f2d41026bd84dec8ecb32b448407029,
9cd6276942db407ebe51caffcdd3f767,
8b8ee7038f1e4e2aae8e16076a18f184,1161289000.0000
4ce616df53314bc99b5585e18e5253d1,
f254ed641fb44fbabc5aeaca69f25a47,
9cc0661c3578481bbce4935ecfa9d89a,
94f7f39e26db40468c44c8c3bffda4ae,
4b0ff7b0d13e4b159ca2a48b2ff42be7,755805000.0000
fe44aee654324028b7a5c1a9dccfa71d,619482000.0000
ce8ab02f5e574add817ae171a0f7c3f4,
e9e86f7e664b401fa76cd65b28a8717f,
8eaa41d8260e443c831ba4c9b5004598,
9c9149c735a14caa8b95e3297b96d391,
ccdfa91580864c9c98bd2acbfe2ccdbc,
51ffd3fad9c7418c9057ad21b924d637,
2434f134852f4ef1a5114077571a5c34,
6a58aaeb61d94b1484d5b211242f2b2c,
168d2295652947a181a2ac7117e1d01e,
967d63915d4e4b5c88b337d447e90ade,
a393281e15b74eedaf5ba383c93c8476,
fba0296306b247d5a1fb499fdf890ea0,
a8ce191998504d5699b196aa16d1b3f7,
1ec0c029c54143dea2516c87b6ad0298,
a38932e6507b4ee3946e04fb554487bd,
8df588a182884d5d9bc2a153e1301c32,
d7546b9109614e96aa579ba54ed45818,
491dfc179ef6468fa1112c144fdc719f,
747f9f76d95a4fa0a06bc42b9b50e6c3,
cd8a1ed8c867414dbb68ae4957e99659,
b40e37dcdbbf4c249686a920c6aafbb8,
c76d2f516d624949b7fc222993c211c2,11526000000.0000
1162346543f74567ab59dafdc3970a07,
bfb9cc84a9024fcb8ef04e0486a07e0e,
743208392a8e4e9199ae82217921cff0,
ec95233296964178b79be1fabd50473a,72385000.0000
704848e676ef4a378db8202393608a0c,
435e9045ffce41d78d63d2459fb78a91,
259cf34038b349f1a1ce55a05aa7265c,
694e41bfc6c74a9aba244847d08021a8,
2001762eca2e4c989aa5b8201b3e3246,
8bef031390814b02b7038dcd8f1064eb,
820ef2b9f67341128a6b7bc2e7fa2ce5,
199675ac249848a882d6b668c6a6440f,
41b6122c5bb54076b6dac1bf674cd580,11712000000.0000
ff450f6213aa46b2a487fefa79316658,
7cd048ad94094e5bada821159d102d86,
574683ee4aaf4cd79a70f83e0b40edc8,
c40346e4238b436b827a0862a71dc6d7,
8db53b8857d243d390857aa288b6f67c,
40aab58c90694f249f65c66e0de6d847,
deaf17de5b934d7bb97ef64ab0f82715,11197000000.0000
8fef6a0180c240a9b51c6e4cb9402787,
b3ffa698c07945458818f498659e08a4,10617000000.0000
a187414fca8549a2b8f252c69a889d5b,70255000.0000
71f39f8fc1ae40df9ebaf6bcaa543f3b,
6d91561d3b83404d80d313f5771998a7,
5072dd8fea5646c79bdd48599b59ef92,
dc0c59c4a976495290ec8ab214b0d3c1,
8b31442053ed40eea3193d8ca2cd1463,
6485443abc974d5b92d3be30bdd0f353,
f0bb17699e384c9a818cd4a2683c16ae,
19536d9867304e35bc99d7fca8ac1182,
a6db1893cb334c68b9086b0291891706,
77dc9bfe1cc6488a989db021ca5f4039,
1734560a951647c98390758b3503d707,
520070be86b74bc08388e751638b2b50,70255000.0000
8a91296b9c82438d83bcc399d60554a2,
4c422429287442259ab8749dd8ae2154,
6a98df377e514d8cbe4cd80476d782cb,
b97be31e1ba649feba37d771f36d09a5,
04f98e47c10e452db6ff9a8bc7ab098c,
5d90b34b47534439a5b9cc4be90f2178,
ec68493d7be94667a9688753706146f6,
d00af327b6fa4f27b22ee40bbad1ce87,
6278d3402cd14bdd8d3ee4a8e6d840fd,12006000000.0000
461710235d894ec09e05a6ea38fb1879,
159a0c8c146346fe8f48e093bfa6dbb5,
909351037f9e4eeab3e381f89c6f91cf,
30ddb9755c164b42b21bfced8090aad3,1197001000.0000
6cd13bb283b34d40bd39d0b4f0d49d29,
52825d70b34d45c7947b69efcad111ff,
4b6caf774e794cd9be42f169a668a5c9,
ff4fa2302210488a893c735f19858843,
f7e3688445534665bf4b3a86a43f9ff7,
8d497aa273d24e38922b3f85655ae93a,886247000.0000
4b292deb5a3f4e7b8e337d0f2333e36b,880022000.0000
819bf578e4504917b9704609b1c89581,
cf7415aeac644716b5dc017fb178659b,
9aa666bc6cb849ed8dc9ab502a190c6a,
13af596b5dbd4a9fa8e867368e5b614c,
cffbf3ad661f42fabc9f35d6c5226ddd,
3a596d6c1ddd48eda6886a870d9c6a71,
a1d7e1acc8974edcabdb3a7a4f35920d,
cdc22902d032453786c1e3d64e0ec95f,
1524580620a44b7c9c141fe800389065,
c73a199d1dcb4aef9fcd872c5eacb3cf,
f95bd0699db348afaa79b703fb3d0366,
a0a31ce404ba4c38aa2c068eefea10c1,
aee292413367411590e79cc4925a94be,
e4c74be245d84e80b4879950e3b44460,
dc856231d94f47feba74686945ad0ce1,2709578000.0000
43a088042eb243d8a03fa6d11f12c6f1,
6c2d09b3431042d8b49f731469423b0f,
3ccc84fd21444d2a95c09890fb318b9b,
0c8c716e39b349af8cff2a5417aaf783,
b3e4bcc7afd54603a306e6904fdb607c,99300000.0000
15e491e81e824b4f8106e96509689b91,
8e8d9cc9367a47d0b2be4365b6f9f85e,
0759fa71372040309928aaedf61bab93,
4af1693caa57481eba7f83810a52df80,330546000.0000
d7c0aad4f4c74f62ad5b6b3820e5ca4e,318800000.0000
9b6d323dc3904c779995bc54c8e9705d,
92f6872939f84bd7bd27f970050bfd80,
0231a68e342b48c18b9f7772aa02a6ba,99600000.0000
97bf63ff51cc416f9695b5a1d3445500,
1f4acf1183454202a70730767b7afb9b,
280d2a7a5a4d44b0a2befaba645b89fa,
b9fd713a7536491a9bf6f2d1839fa9c7,
6f0798c6ff6841c1b81c84652e187bdd,
f098e0b5655a45058604d9bc465b3487,
444fb2dca0464c1fa131568d30181ef5,
ef1349e402a54ab5b3545d9b17eba564,
db061b03a0ab44aa830012d8c03842af,
d333de6c7ecf42ae9964ea30413d7a93,
f3294e8cebef4ed5be54b2739486989e,
609d0351e916420eaac9804258230ee1,
1fdb99231c5f40b9884704de13f13e88,
6ef6c4910672411288dba9ae9e206fe9,
28988ae5f44c4d7c829f85b9c1145633,
8e96a6b390c14321a3909726ff200227,
711ca66c38c147819503c0ab83e053da,
d8c92db6e6994d5ea10ee98e28a13b4a,
529021a050ae43d39f391aca11464f5a,
a93b577812ec429794f7ac64f37d1fa1,
9a22f9afdddd4501b4aeeceac9c1217d,
b5bfa52a927d4759aa5566dfb5714bf6,441000000.0000
c662506182c7410494b534b5c24a6241,
166167abcab84d899baf308c7b9e32dd,
3eaa2eb07d7446b5854b189458fb7d93,
e2b0a4437bcc4cfaa9d82d19f50cc8a7,
5570c0d6513244e3bd143eb792395b55,
a330953ba1c64426b2a950b7cf60b771,
0c62cb3e0f9d4e6a8c650751a98416de,
a47b45ba3dc740eeae45c963d37518be,260000000.0000
7355bef8805a4854a57a32730f342e77,0.0000
3b2d0030585443748c16f1a9abaa4cef,
b07d92c850a34f2ea232e83e06784029,
7b883ce50d5846ad97558a48e12c8530,
bc6d5a2b17d14a95909034e76d8aac84,
1fdf6c87d2bd4bd6994cb3052c98b898,
413ea77cdd3e4a7e926395f7df831ce8,
e7c7a15adf9f4413a358c93ee9cfdcc7,
f426d878fd6d415694d5cbae5ba23958,
0141e26238bd4702b4f1dfba573a471b,
84a82a0634a64907a714d07abd2c1646,
8ad043d1038e48debb26cdca549a2373,
f08ae290fa6f485caf426ce54f6d84d3,
77c579b53f844ac2b7df3b5b3803441b,
01db70525bce4bec9105980c9e8efd94,
aa8943cc7ba04fab90ec1b2d9c5bdd45,
03df9054745e48ada72a020ec4c9e5d3,
3c35719c0d25480c8a3b8310b33ee9ea,
c0e7e76c1e2c47b3af44f04a552c260f,
c86344c470ef40e3a3ce5abed6568e6b,
158bfcb8f87441e69062835a6c0197fa,
252a679e3e0a4557b7cb429f90c23868,
217fe50b228a4f0caf7488b9e5fc65a1,
092fa729b0c24225b1a64d01bd76249d,
0b536dc8e28846f097ad07c3ea91c106,
bd1abb67c03746f79b70c9cdcbdf3884,
eed79f52e192490989e675579a56b794,
7588994376bb4cdd89628e01822645d1,
ea6a641b125544b4ac47b820b5a3ee18,
56c4b7772e344dd59f9ace078862cec4,
f83dab1460a546a9b35e674e85e007e9,
96e85440cbc7400a9ccbebf74382bdbc,
458e17a13cf84e569f1f063071c4d58d,
7c40f85ee7c64993a6c880d6819feb4a,
660733af501346a394767ef6b8961046,337000000.0000
9b6f820c24874f7fb24e8ff929d3dbec,320500000.0000
2cfd2dfc3ec642ebbecaf8dc2a461438,498000000.0000
65f15a84ae3b4176843855469e6ce7e8,
aef3ce921dd24c30b0016d4b39af70a3,
ed50d1ea5b1b496fb59c03623eba5ff0,
1d35e1b5c1e24eeea5160ad29fde9f41,
0dde76bb4c72441489fa069a111bc135,
d3f5b679721948659616b5091fa9c9ff,
c28c4337d6f84121b5219dc47b5cfab9,
10ce27251aba481085aa6a09c57e204b,
3f6928c91c0b499d986f6a4c579f4494,334700000.0000
ee34b627ff2747a9a8b80e6f3f796160,
91751ddf6f09402281089b1752d0265f,
bad672aa2a614f128f3638c0dbadab48,
e7822833455b4e52aca0117751c9cfdf,
722cd1e8f4fd47e885ce62eb79e65530,
4cd5075c91d44d538b8ea0aed035e522,
5ad62bb1ad754e028141af4455b50fa6,
123852e78b4c4204aecb478300dce806,
acdaa445576f4437a5307be66d49b70e,
94cfd39163a34139ad9c71b8289dd854,
c3c8042da17346e4a342f51bd19a39c9,
44e3bcc59b354c33b7ad1b2f5df9b5d9,
b1deb47ed6c5478481d09d934b5b3fbd,454000000.0000
91862a3affd542a1aeb3e669c211a1d6,
b3fd73dd012346278ec3b06da6fe4be9,464000000.0000
73d6fa6ba2d049e89a0e545b41d80fab,420000000.0000
2c8f829001b2499aad26a02abe7f00c8,
fe257f93efee408db7a2e007c5587609,
5e2517e2821f4c43a1adf57073e6228a,363300000.0000
639cf5bfeadf4e01aab0d8725cc6633c,
b1eaefb58b7b444d90f2a224af3989d1,
d00c6276057c4c85b784d2e3a6eacefa,
d950f6b6b2984229ae22113a4923c6b0,
226c28ed1194410ab78965ed1b3ff230,
9717964eac5646afb5cc1df6eec4367f,
4926b1900296493cb6b72798805c4316,
7ec3b329985347f9abaea52bf3056ce1,
a3136bce4ed547cea7320f19cb698e11,
2d2ebc108bcc4ff18d9c890f101ab55e,
a1b7f835ad084a70a7b2ef1fac9c4ed0,
996f0cb9102d463098448ed1b37574bd,
31644d1c7b0e4c1da96ede48fb32a843,
6067402d36bc4faeb92995a0f32533e8,
2ba834e45aa54c02adc26b86b1c5effc,
72f7fa776fd2497895dfd08c0039d64c,
c60ad93f7a34478fbd09540ba12f6855,
b7b36adf163640f89a44b8767a4a6f33,
15e60f5d89774c2c9bb53d8db1aeb599,
7defd29398ee4e1e8af0d898f9deff5b,
eaf0fdd02b0d4053a7a4b8fcd1460331,
69eb819751e848d18948b4da7b1ba0ab,
1cd5a268add44aa69bc3d9314e622a63,
abca4308243446b79a68db5decd276b4,
aef1b766de4b4d9ea81d8ee9ebb2df87,
67c1626c43e1499ca960086b0a8b98d1,
b4e11315792f4b398202abe055f090ca,
444355cb16c641c7bf1f8facaea02a93,
d9411b721d51403da1c049c1424244d8,
f7416e2acb004e6fb8d2704b649a458f,
53501c72de7d4e8cb91fa1c936da13fd,
ffabce52d8bb4eec92858ce1decbc980,
e0bf45b18fea4bf5baeb0ac7fc04d8be,
3034464cd53f46f5861474bd10b6edc1,
7deaf735bb4b400881763d0611e5cbba,
9a3a04e4b81640b3b49194819519b92b,
62df1703156f4660979eaded616c8bbe,
469cb6d4866e48b98a4deb26b0c2817e,
65d44db83eed4bcb880240e9427619f8,
0a103dfc445c48c7958f1ef63063af1f,
7d257a554c2b469ca3b9f159d824e38b,
c2d2a4ed02094a40932c7ea454cbc4c6,
dd6a1f1df2c84f0dacd09cc4a40e1fb0,
00048877d1bc48e3a72223028b4d4e9b,
a75f36024bcf44caa1393e01378970fc,
365285da83504b2b84397f031cf0fbb2,
dcf3d27db6a1474f820345213d970cbd,
f8de73e0f15a4cbfb98308070b495eb8,
2765e9c2beea4880b1344c693f3ad4a4,
51817d5f4c2c4ceeb862067742057ca9,
c11119bb84a84503aecf6d61064e9f29,
525472d2d3fc4b71b66b86c6cc2f002e,
b1aaf68aaf024a34b6648de193c183af,
98bcdd2e45c8440d817904ac15c941ab,
de3a6394bffa413a863d46b957d12b63,
53358618b1f640e1a450f3d8fcfa79d2,
f7d879b4f2ba48a782bf61be59b5044e,
6908ce73067349b49aad597c8df0052a,
09808602d9924327b94a2d427d38e208,
3050c67f8d844028a657999737e11bd7,
27218d03da2247acb0b1227375efe308,
871a047fc97d4a19bc2779f536a023a7,
c762fdece8c74bd3a71afb9059a0491f,
5398a68110644ec9b54fce786c1bc2e6,
e931743f49a94d89b4453463583f9d90,558400000.0000
1fca0704bdee4a1b92ca46838d524863,
43f0dc54194a4251acf72bd392740494,
05d08779d7f247efbaef0e52d85f7a85,
a600157e1de34c83a2464f1e4f696cbd,
aa7705b8fe534ecea3f513cc487c6bbd,
7a31cc43aebd42a4a0ff8221d45c266d,571800000.0000
d57d71ff2ebc4dc6a9679ea0d6b82b3b,581700000.0000
046e4ada1bf1428388f4db699d57ecca,
b024c0ddad0f4d4582a4e2d93628c3e1,
0e20443d6479452c99d7311b62df34c8,
e7a76be9d69a4ba59a0d058ec5244220,
46d94961328e4de4a44f4c4f1b82ced9,
8f71f8e031e44ace8e025a7e8631df8c,
adb8ac8d36c5422ab288b8dd802167b8,
aa7eb682932b4b41958f1075a8afe6c9,
1479408a6283421e96e47ab5b5f473b1,
e84d8aa3da8247af83fce973dc557851,
dd07512a856c4ae2812fa30aebdfd9b6,
f30c9ddec2134f5c9896c80fa45a8867,
9302175cf4e74a0eb24b380902e16dba,
71abccceb378493da351c58e303a2706,
279864bf71c9462b9fefd27ad3b12f89,
dc51e762ce19480db58e58fb93a19ccd,
a5bec1d3aa234b8195edfee3f09911a5,
c9a28b569e474d8fb68fb8cc0f1fea1f,
07812670452a4ae0bea1dc68cfc5a75b,
3e0e61b70be141cea021822705ddf178,
8490f04fb4834f85a5c99c236ca4faf9,
df27e5f4ccd5468796950ac20619607f,
e69225bb66d7449faab6ef1ce57b6c61,
0d7d630cdebf4e59931f79637eea6665,
1b0ec7453d6a485d8649ba7b10e6a838,
46f6efd7a3814d0b83ccdc350be5f5ff,
dd3913b91fd245c4bed1de20e06e81d2,
eeb236e0d58f44dc9042408836649750,
ec859997901d49b3884270f9f0df4890,
ae838471679f42d99e5bb6c9c5ab0d5c,1347400000.0000
5ad50b3ae6744ee69d2227d5386d7eb6,
d26918be276742cbbd17be8673b67dc2,
d5760705e0e0400eac7d7690eb273720,
5e77548459fe46e8ae37c30ea1d08c83,
67a3d3c5a54f4a4cbe41e183e20d7fff,
6012b7a90f7544c98e35c1b1a70cb7ef,
04aa0557c95548e9bf8965848f840123,
62b3a74702584d43850cbdd234af3367,
7bdd3965fd1f4ab8b724380ff893437c,
c8c7b9076bb54b37ac9b987bcd903a88,
8d140ddadb0749989353f05dd52a0097,
aa100206f0b44d64a347434f1cf23085,
504baffe2565433f9445953970cb138d,1256100000.0000
3d25871b75444727955331734f96ba92,
d9d1b777beb6449cb4c8dc71255fe8a1,
e47067942d734b7f920d7eb1b49053e2,
50859b2de34349519e2c339f7c52c8c9,
dc06a4c0c70f498580940754df01afc2,
c82f479ecd4b43299b662b17520c2e32,
2b9d53ff7aca4c40abe1ae9cee0b9d6f,
4810fd2caf714cb79e067c79b4461aab,
d17af4266a76405c89a5787f14d28c9f,
ff0880262bb94ad8877580120baab26d,
d224e9786bf243848047e95181b45e3e,
acc7060654564070820e680a6826008c,
2e651632701d424f9e13da6f85122cc4,
05ccf1b6c3d74709b87b60845ff87c53,
ebc0a9b3477347399e47aae25349a799,
1b5845e5fbb3421084f82ce0a995c0c7,
c064c0b5faf64b7da9f0e74329df3d97,
ff19b29cec26469784a6324145509319,
30e9511487914251a7a8c2957d36cc3e,
6af4711a0f3d45be960965b725478719,
1191775c4e7e453da6d550f376217132,
53399c85c46446ba83f39f5ee01b0628,
b5a6152645214807b4c46d9cea6de395,
ea8903c8b0024f379143000726db6dff,
8269e7e051b14f27bf553f4982454a77,
a9fef88725d1479a8188da505ce3c8e0,
5d4d8559d31b4217a2c55f39cd936442,
06f25bc911bd4cc48495844cc1439c56,5000000.0000
c8ff709879184ba49b4bf7c42216905b,
55bc03da64324349ad150a2a0a74c72a,1637200000.0000
63e8c6e6ffb64376bced7c99abc87afc,
e8dd118960864a959fcd85b34d63784b,
fc67911e6cba43eba9cf27b64839bd60,
36705b4f6e9d4b74b10a8667f776d674,
bc1d9babd4d7453f987d3674905160e4,
24c251dab7ad4a0eb6c8616c1e8654e2,
03ae259738574c0bab7dad4872e2e5df,
cc3a62d026fb42999b3e1d44f597ada3,
3873a29ac7324563bb594f99e206be7f,
8fb4aa72b06b4e1c9ac5eededaf05428,
30015e18984445f9bb535425bbb4fa7b,
512e9c44f87a43c397179b396c74f458,
881102048cec45d9aed7a5ec6b02cec6,
b8ec2198953f4ccd87f0c1da9b9a815f,
48fa770868714ac794aa02d6c69642cc,
b647bca2c04e413b82c5d8dbcfd7a8e2,
2d556ea067054ab9a0abc406c04c058d,
ae722e8c9c6b4819a5e5af7288610148,
cca70c357c8140ea904bd10641f71522,
c564c8ad1499435c95aed66983e5bf89,
534c380753cd441ba0ff3243b1234362,
80238ce5261a4f88964d1ff69873b327,
081f8d47b1ff4af3bd9341bd6bff4e1d,
4cbbd829388c4d0094897291d52bec59,700369000.0000
47a19332c61444ac96e95cfff56885e1,
5faaaef3d38c45f0a571c32c731f3338,19439794000.0000
5b985d70bad5471c85a636d05beab30e,
f155c1347ceb427baf61fdfaa1eddb57,
e47a86acd9d243dd9e90f745fb30131d,
bbaab57ac3404361870b4aebc35d44da,
46fc0512739540d4a733795bed1ca452,
9c811f04679648b6bbf9cb8718c3ffa0,
42249e399ac4466f8f6e7b6f67db4bc0,
dcf439f2b75642b78cc2cab449ce7de5,
f2016cc55d2740c48437a06a414b154a,
446534a0eedf4565a46d5f9b12633f79,
c9c7069655f2448c9dc021d6053d8bc4,
73f74d8fb27c4f1693f2e2f2e0bd57a3,
60384100095849d8801c85b5c2e0c4df,
2cfb445ef3cb4906bfc48ccfb0d5ecb3,
b54b5d3d54174146836fe25b063fd205,
40a01d095bbc4b6b974f7cae3d2a0799,
b72505422d504e71826ca29e683305b6,
64fb919cd2da4592aee30835cb929194,
6026a3bf8b3e417aba5ae77710bd46a2,
5e811e081a714955a0f2dc8b5ae689d1,
a865228b44f04207962cc50903b35e73,
6f98c29d455e454ea2c26dbe6a4d330d,
19b698b220a94572a75f9f77d99d950b,
c6b8f0806496483a8b03332fce321557,
e9d956ee37d4437c8ec4506ff18b001c,
6805c497e9324ed387604d73ee13d35e,
e7d3a80e6d214637b29b1981cd4914b2,
ee4c8137636241908d7a5eb4d597e329,
f6d43b121fe741b39a47d8586894acd1,
0a044ae71b76437ca921374db7bb7fff,
7e7fbc9b53224793bd1ab15008eed5e3,
55ee6041a93f4b19aea802b9196e125a,
49b193331e3347029a3c0b4c71c46a4e,
0a6d1c17f20d4e29b78eaa9aefbc4efe,
1d8301529cc042edb7c709310b38fb2e,
33a591505e2843d6b4dbbaf9bd7ca55b,
29cf72b27d5547658d24881c6d0b232f,
f9422ccf15e74714a69ae666f4f6585f,
5284a084dcda4c1880060020d84f3c0f,
ba85ca63d26d43568b18b37ec9c5a1e9,
af1d8aad5e694d23a4374e86f197f4d4,
cd80d1453acc4459af3eb1409f094331,
7dcbcd3073c849d9831f76ff80e78926,
c33fbd241fce4518a045011983443c55,
345ffee4d2cc4e4cb31ab31cdd842936,
9e002d1e5e0144b0b64a4a2f6b3a7fe0,
a515f6e2aba84fba87f2feddde44044a,
fb2b044baf1f4b49bc51055cefade097,
04fa4cb4b6cc40c483135f7e10166b7f,
85d01dfd6f9b4ebbb97e2407a4af5817,
38ff582e46ae4f3fa787dc8ba1d03fde,
95a9496c0b7f464cb4cd094d093a0bed,
39d52e989c2c4bf28ea894468a40b16b,
ac36007147724e96b682bee41c561a46,
486833ae4897454cb486ff1bf999a42a,
64cecd6789f247d9be26ee3a3e78accc,
e6224e427fee4ea6833b88fe86b52dc0,
46ea7810b4ed45b29dba3b6a521b8703,
9ac8080653b4460085d8a7c2e50c4c3d,
76f9a7e877bd4922989424e149c75b74,
4e2343da15934d93b1d7cae522dc5efa,
3ac785ef1da34a8bbb1e4fdb0112a355,
5199d02232584fa2bb672cae87eb7240,
c89dc216e25c46209836e94905495d41,
fe35225c67c545bd85a20bda6a4fae5a,
9b1eb0eda230412da088ce11bcbc5d4d,
ed7244b64c134c958c6add4a9189a736,
62aba772c82741bca989b82a7500b9f5,
f0dc8c32699b4d17b25d23c498c61060,
7085db4865f84051b20425926ed7fbbd,
1c2f7100458b48bf9ea3a328ef5c0efa,
4e72b50689db4b9fa7b92c6694857bd0,
1d71097c59124b43b1bf276ef87d60b7,
4e626cec873741f8884bfda2c2e255e6,
e07a21c30b5e472f84f0a859f17c8f4c,
91d7e60cde76484c9fb4d5ee33c5c7d0,
107ace4489dc429e9c0df42526ca85c7,
682a2f44365741fb8921b8d350087370,
5a1cf53535ae4158b1bda2079af28bfa,
ea8356a6f80b4220ba167644b2351e57,
327ee842f5a641cba3a048fd7c892414,82546000.0000
f0f1e6625d404e81ad961fc96644ff80,
2471a6e9c3934fffbe66b0cd63747d22,
2ae6665c21224c4eaf29c71be098a07e,
ce7c34d082044145ae1accf33ad4c4bd,
36cfa87c6f1748819ecd018392cce41b,
d74da49795f9429b81eb99dc204ed174,
db6584c1464d427eb786dca1fec22c1d,
ebad815848b845e79005950c0358b8ff,
e0a69c5302c643a58076e0cb3d4783c1,
5b1406f0909e4f979ab1a339294f7a37,
e967739e4e9e4f4e9e232442796f885d,
c5fb5a45af1c46c4883f4c74bb8974da,
3fd1aaeaa9a549c7b1f2e0b5f2b11a3c,
34faab63b42946159e6c1a28ee134d50,
619fd3aaf9db49f7bfe3d36f6ab7621e,
fa8a3a8d5f044db48517990f9ea92ac1,
5583a4fb008445dc837e425df49002b3,
fb444fc5c3214a5d89f2e31dfe2f74d1,
6ee45322575d4f74b65f8c2d5a8961ab,
dd280062339d40f5a988822573011181,
45224ebc054f4f34a5cdf2e94e8e8d05,
166c1923811549128b1a9741e511ee3c,
6745782a9eee41309879ab07ed182962,
faf3e146250d42dd8f515d6836567f5f,
7e3fffa18ce4404a95624abba95b82f0,
238c3a04b7e44c3db158d2a4e620a18e,
df1c51d7854745f985268277b7cf055c,
e73fca43837946bc99f3c09fba2c8daf,
d71d48fb00fe4e74ab8dbc049f2a1368,
b8ff7ef589eb442884d61cc8854b4541,
8d6bf1b0354e4f978f5bb3032e245a98,
978c7e0ae15f401d97f3895acc57c121,2300000.0000
e1b74b5221bc41f69f35400d32868a90,2230500000.0000
7986add633104f2c9b23e25f60afd92b,
1e2e40bf40004666b0c1c9504842b419,2324900000.0000
f9fef05cdaba47a59540811fdaf4d7f2,
b57e4565ae0a4ad2afe50f181f6a9a1d,
545d3043ef5742d6a8a3bce00dadc883,999566000.0000
53d9dde2027347afa0f888023a849692,
a593f35f32f4426ab2751152c5892b42,
f28fa8971bf54779943b51346bd4f494,2499900000.0000
d0011a6f647b47bea4d4141db26fec8d,
5d5170c27b8b43729580537b71813d9b,
c99706988d374c47abb7a9fe8b04c09a,2425800000.0000
4631cccffa684d8797e3f55468b7a051,2712600000.0000
4b9014fcfc3544dc83b8012e90313ddb,
053def8a9aa84bc9a662dce19d8eb022,
2a6447cd7db24b1daa57575e2a1e5253,
78fdab84535b424890c9a2f0e76253a1,
3e51929d98754acc8c375bada3b7325a,
4b083301625f464cb10b613813f88ed8,518600000.0000
0196a51d128d4d7cb110ed6c4bf27b7d,
e7845e8ccb064c968d44827c92050d13,
d9edb1749d32400ebc5321d4f497ed1d,
51bb4257d4264482bfb5c53109946c39,
b503d200c4ad4050b10dd24eafe8cc5d,
179f57d35cce48d4bfb84cb2a40fc13d,
ae2c0d571b7f409695380eca500ae59e,
70d65a18e2584b07985a7c5b7adc44bc,
2aae80ec0b974e308883fe6fd2e0f84d,
314efdaf4631408cbda7f8f539e91fd5,
80d576dfe17b455eba790fd1c9051dc8,
2f6eed7c0f1148d0bc58e2bba6faa07b,
dd024f28fea049b5bbe02699a9eece65,
6bf201e58c5b45598aa76bd5f4dd5a14,
1d9ad55dc18341dfbb62a3b604e7d268,
8e32407a30554b228507a0715f77b966,
43c6dccf8b3944198fa821e5188d54a3,
1c15aa1361914a96bb201c1cf8881aa1,
8e3dce97834346ec80bf6db433c84849,
29972e833e004d6ebe39d929ee3c3260,
c0973e1c8a1a448187e3345014bc78d1,
85af1e7f2a15421eb726d94562422f37,
4257a909210446a091635f17b7e4855a,
f092ce7df94e437b88148b423244599d,
d123312c73bc4f59a557ab36cff927c8,
732ab735a9a64fb9b6b7c9c9cbe44f29,
a059f88c1a22448d817c2e45e4285e33,
6e154a6190d7404d8497819df181f333,
59801c34b3e7443280d99f3ddd279648,
6ecf068c58314e3cafefbd63f2e4ec4f,
199c8b4ce9db4b8c97bda4f1084f547f,
6fc04750152646bfa8f7b9fadff8d2a1,
ca30f2422bbb4d85918c7aeb51378f09,
89166eb7f2484b8ca58214966473fd36,
ed94690fe4c74c1b866606dcebed3d9b,98192000.0000
c17e13a8d5c048ad98674f728446f603,
43bb38e42a3945b7bc059b132e3784d8,
4a977c70d2844a318bc9e9605ffab5eb,
210e9e3e32254f5dbddaa52557d12a20,
d6590582eec74e6a9f15e1054f629fc6,
b7b1b081e03e4708a875954c5f52671a,
28d4f381832a438fb57d528539ab592d,
41911d1bdd2e496497c8dfb007625b90,
a3dfd5d29542490a92ce00e4118772c1,
f97d4392682c4576a16eb482acbe4af2,
70aa7c3b1f2145fe8b17df540d06f1f3,
ca9f09e67a4242a190e33c5d6f3d95c7,
dc7e31de348c4f039566fb1970d9be69,
a58f44e826ba482b9b862b68b8607ecc,
82173240364240e48a1f17554e0c312f,
187c992514e24e09a7cf4b6e6288fc2d,
dfde934cc76b43208ba726496306acd7,
5b69991e58a2434eabb9af41c6195c5a,
5368a13944d24c4d97cb84515cce6838,
5fc0427173e842a4ac3467f3430077c1,
a526bcf0a2ff48e4989d8240c63fc8c9,
64ea259b1e82433582f56e87069ef69c,
b32b3339891c49e89c4f7466ae76f9d0,235000000.0000
e3bd753e625b47ecabad2ba575a7f0c7,
de08920962074ed9aed769ee70d92134,
57485c12e78843878177fd3f187a1a92,
0d693b57e4204851bc0be3b2f5b04bdb,
d7f3585c78ef4f0683664b0976adf2aa,
ff456d15f19a415db11fceeddc6b17b5,
9f2c0b7e253f4297a63d424fa2c7b5b1,
e0d15881e6b74598acfb3ceeef29fb61,12866324000.0000
cba219b840384200bc7b1f79fb43310d,
b44e8b1ba9e044b5aa76ec18dbb51d57,
9655aa8a9bce4951a1fad3c20700f9c4,
0bea878d2c81438eb49e8c50a735a26f,
2aeabb974fd14a7fafe20a55d2bf20a6,
7bcc324fbe664fdcb1b648bcd4fe06d1,
3ae7cae154094943965f68711457f53b,
5ff1010554bb488893b1f438e1eaa7ac,
276844bf48b447fea866e5847b6ef0da,
a8212057904243b5b9806a049596de38,
c455970a71f4464e92766b8e4d5a693b,
6817f7b2c8834485b5a7aa174ce939a4,
b6a876e4d89f454f80e985a4b8501271,
fb4c9202880a4837b1837836a7f91a61,
016d7061ed4c41c4852746b5485e9af1,
81625b0da01a4ccaa6c87af8e2a02edc,
58a7116f15b342d6a110c80a30052923,0.0000
879e29b56f444f14a0e840500e1417be,
b64bc2cc456a4dfc90661d9ba0e66321,
fb10e3e0fcd4482d95cbcecb693babb3,
d68c44f37d6244f4b2b6f15cd98ffc71,
513eb7840fc2450cacd55b11314fede4,
145278159df44223912132395356edf5,
2addfd8afa0c4f0baaa0c5ef2d135d1d,
2cf6ff42feb24cb1ace6db0b0444e811,
fb3ead2d53534b73896cb497368ecca8,
ceca4a901b9047b983065248540255d6,
ec313632b2794e20aeb8d1993ed2d249,
c0de194070774120b919d981eda1bb1b,
81402ea871b649748fabe655fac93aa6,123724000.0000
759591e89c564fe7ba6d70b00df9298f,
04396375c1114770b84ab32d9a388275,
03be931676794851b3915702d22f424a,418000000.0000
7a95ab39e7f0431585b7fcdaf90535f2,
225a047adb48499187f829135a784741,
88f5b8e95a584f288f8294d34c15cae2,
080bd77f40814bd29b51e6333f27c5c1,
8a247e0cd91a49dfb014bf8438f4caf1,
87d939370a144152895839578b4f3047,146431000.0000
6534474b8ec949c69cf9ba9733fd318f,
00b24254767c46d3912a04f6fce372f7,
08ab624e77494909b707ae60594b216a,10000000.0000
a424a0796ace48dd9a56e4bac2d698e4,
06df8d30a70c4b01b2f9bf8714d4de4c,
f48a4bcf6f1240b5b9a3cd712905bad8,
c78e7716659347c59ae425b6eba7edb0,
aafdf2821ebc44f2a20cb8e3d0bcd4e6,
658ec6a2869d4b06ab8c104753a9699f,
b937ba92ed174534b1b1129016db7233,
523c60d6b6374cbb956b8f3de64c4d9b,
a0b5e7b651aa445cb10df5354690a8d1,
7b084f9e6b5c41228486d01bcd8a136e,
9fb24525f4bc4dd9a448be8837ff6546,
ef84de632c56465abdb8ddaa04ffb3ba,
9a45f9c760d94a518a5d7d634b07afe8,
3964b21b5f164c6299e312398912ed03,
3fa7dd742c3848258d499e0bbc5d2560,
3624c0146e78473087c07cfeae8e6432,
575f944d479b43ffa48267fd4004407f,
a099ab17ffbc492f9023ad41087b6469,
f7d4531d1a6647d9bd73f00829525fe3,
2d512e7ac53640f4ae4b6dd406bdd887,
bcaa4f8ec1ef4bdeac6f81e2c6586e3f,
a709f2f24e3541d3a06f6c46a80042d0,
3c3e9851b07646cdb9645a7f47b107d4,
91c880f75de44e0bb577fa91c0f9746c,
34c8de155b684e8693cf5f679b9767f4,
f8961248d7df466caf8c76dd5571ec9f,480900000.0000
7d83f0994bbd44bd902fc6b24a8af28d,
5c5d68cb688249e48db9e9cea4349db7,
8bf143070cf14de88ca4a717f9bf7ef0,
1a61cb988f1645c19dc73cf20c9c49e8,
5856049430d945e3857f2c3fc7c74ede,
fa7c4daf65e74077a067fb30fe6f1c57,
971c1396900c40b1a6916f4ec0d05948,
8ee99803a8ab47469c8b3ad15a6895c5,
3cf753a750564313b14655be31b0ef98,
191b60eadf3e4def818b7185b09afd13,
bc2fbd23c11244d988d4ecfbf9d1a878,
28fbf8ce392e40c2967962124c6f6aba,
4aba53cd38c64d1a83971462c221e303,
c0617c22d4ad4c92a046eeae985d33fa,
106e8e714b5b44f7b1898d283e1847fb,
f444a8e888e84dca8d027fb11e4ff868,
ab1c018a95774c98bfe4abb6e00edaa6,
aa6b334620ed4fcf8928dccef6c1fb56,
b963ae07eeb149218a4b27898f18aee5,
7b6486b4c0bb4a14a72b4f8dc238112c,
cf0def79b8ee40f4bccdb37eeee5135a,
228744556ffd4fd189a11e538b86182b,
11684d4e59844179973bc2747a2e3963,
9c7e6b7aa9b64b1f86c4f1653e5aa388,
934db244a89b46ca8b5559c771a97537,
5b30f10891914a599cacd1f5d170d8bd,
27f5a67e4e264828a155fdedf23ad346,179068000.0000
922dd5456c4149c7a6a82fd9cb81e24c,
6320938b625e419d80558a72db0e46c5,
b88effcac9d04372b85b5fa25e7ac96c,
772898fcb3b04fa0875eb8af0dab32ae,
b4758a1ac7484682abea9830b35fea84,
41769a9db6c843bcb7e8953a2bf93267,
db87939ce3ca4032b0b39f03f231335a,
3b42736d1741416ab2894feefad40580,
24b75774d880420ab5a3b361b439a9c3,
ead7104a2f28427fa5a63abe3748bc1e,
b3b95b2700bf4ec1a5ea402e7eab6382,
1b87356f21d74b67aab070f9fc9fefc7,
5bdeffd4da0847b481ec0150175cfb45,
90e5a51124d042be8b6240d0d46552c3,263022000.0000
16331a8a53d549a3a59f3b477f94b155,
ae2a46c47f4444b8bae488adae2deb3c,
d8d0c4ca56bd47e092fcfb900d79054a,
dae6c0c6e8294d9e8689563196c99d1e,
5460e9901a75465ca814081e258105c0,
c1c163e4a47846d3bb53194e3189fca1,272072000.0000
7a2beb45921449baa2542f7b9aecbfdd,
4c71bc7387f74f8fab04590e8f8b331b,
97437475b9cd4d96854ecb13bc91c63e,
5e8596e08755453ba70ab22d0fe00c31,
8c8bffe8320245c1a7ae46ad9bd971ef,
f5fded015e8a46c1a9128680a583e3fb,
829bccf4837a438f8fa2a9d4d9086210,
ec85be8c86184a728fefc1fc1499c709,
164911b1cea34a76913d2dfbc7d3e719,
b8a7cb88c7db4dc0a6693557e89880de,
7461792126d047ef8830a70907eb6fea,
d1eed226a3364bb2b885dfe4d2c2d32c,
429e47aa70a444b7969f9b3ecda2e8ba,
f62996ae36284e4c9b708cf07e09761e,
6427f2866b19488fa9868ede9e601a35,
3ee6be79ba9c46aa84118d179507a71f,
361a3a225d57462ca11166efca3b3e4e,
3b6f0d07526f4e09a6aa906563034f58,
d06c47b90e0f49ee8908f06b4b977594,
86fac8e84d964dc2bb20f60e6b6c99e3,
0ad7bcce800442a88e9efafefef6d8e4,
db7c71ca42c94fe3af9b8f3101ac1fd6,
41be71fd620f495794ee6d7f5a764bf3,
0cb5f2ad5f8c459184e0a4d04a5b78a3,
0f36c5f5627b4455b3600f10d5ed320f,
0d2142424a1445ba97abffef3289f835,
38ceb986e8d74f149f30023ff6091622,1155212000.0000
22dca76cb2fb48afb7d83969a15f1a0f,
fb88d78a3a4a4a9cbf33d99f629f573e,
c7b7c2f5088f4ed6a06a5a87d1272d14,
392342aea7b24156ad946cae024cd284,
97861e21684e4bb0be4bb3428cd69ebf,
8b2cb331f4e84d8cbd959cc2ffb31e6c,
fb884c0748a0436a80b2ed4176beb7cc,
4ccd1d3d971f4cf7876cb9c5a74e0429,
94b94320afc54c1ebf67005da7cd6250,
4d5bb82cdc014ac68b8e5d5093e6a450,
8343a027de1b459a9021f602b820866f,
2cb4bd5223d4454893ed6d1ca6653f32,
d73e546290f6493aaa790a8d2dba9084,
147a85dbeb884affaacfd38a4ad0a4d5,
0ef6218736e54ed7bd5b6801451729f2,
ad8ccb2fb3bf4a8b9b7c4e49f8870a5b,
9259de11f48b4fdea395177bca95da2d,
d085092b897a47d0be3526f8358d7573,
b94e080c7aff44108c2e47af36dbb6b5,
7a23a177ecf14e83b938d0256ac58eae,
f11a09269ae24b72bbc4faeb7357077c,
ff4b15a2d5e44a9b98fd70dbe62a5e8c,
ac6d78f99b90455485d24ac7c80ded98,
654e4c3e24bd45f2b0fb0e92f16dd5cf,
0760556840264d89a8f63fe7ec50ab3f,
3b21e9a6f8dc4aaa914a63347cc1f24a,
20c140d03f304a77aecf1208b53970d4,
84e665b8dc644e0f932d27979a8a3be0,
e7e62c69600a4e1895609f9301d4a5ba,
e48b7f7c889c406ca757dff29962bebf,
782444e7d56d4d1ead48bb75ecffe802,
2d70f384556a4bd384eb0dbba265fe74,
80c85bd786324dd7bace5df90a4831d3,
0cceea6dd9eb4d19a030abe6e5d4374b,
95b70cb8c26740c9975b72595891c4ac,
631883f78c8e490b9a11c7cb10b62e35,
49ea6cf1ee5c4fb8abe2dea95b910c55,
cda946b3a62a49cc87565ba0cb291074,
80df0f59846446f79ee821eddaba7023,
cdf368dc334b4807891c861427db0ba0,
4cb0433b34b0443d8b0f29255a59444f,
c5999b25a8dd4010b51f458f5efe4263,
b64f88f1f4c94f86bb2add46d527d7ce,
15415b8638aa4b9d8b47d38bdd0658b4,
86f5496e4981427ebbe19d5ece43948e,
8afa74b2fe4a4f71b9877df6f7d610a5,
9dcbabe8a6e540159ca26df29f83b560,
6c1ae88c5e53459cadef76d2e24d899d,
488ba545444343ceb4b41e614dbec26d,
68786abe14d24cffaa9c023904f83ad3,
e8302ed2e31a4bbdb37a22bfa7c56ec9,
fb89707a2ab845e9be8bd1471e838929,
65b5110a9e7848cd9a85083c93be4b21,
7681dd1b77364f03a825a268b0f9bb85,
24b7a5e176334fb68a5eabe3dd1dbf86,
b943be1e7796439a92d25828a4ae6e81,
d0c1c446a8e24432a261ed193d8898c9,
39c893b5b9bb4abc8e2e1ee9a830eadd,728788000.0000
12de3f10c5674022b4fbb11d0d0a0a80,
dc49998f863c43088ed5b9a228f488de,
c6a8ba43a06a45d0a362c57685baf679,
7e47391300da4de4b5c72173661c4a25,
20d29cf6b33e4af7b6ea9adaca721cf3,304000000.0000
0dd5d67ef8204b81966ac5f5a1fdb60f,1170000000.0000
882750a87cab47da81b6c84b7ba5c463,
3bfcb5afddce4577b0a317518f540616,
f0f0c1a1ec1e40e9b1660699c005b4a4,
dbbedd28c3fe47698578c5e1f578c989,
2dfd801058db4b99a31504c3881887d8,
58ade11d670c4e8a998b8f88bdeb4b13,
c068d4e7fd394824bf6e1bc6d7b535b8,
8a6f751852474957a149c93b5def823e,
90adf51e6019486a8fa3ac4f9f7095a0,
85535ba00e5a487f875b2986fb85af8b,
fb74467041f142509dca5aadb1397a5f,
95c03f24e1a9492da2aa81b49f49aee4,
7f41ff98e2ba448db9902049f69fdbbb,
dd0f3652a22d427cbe5923295802fdc5,
bbe7f744a1ca458f845fc874d7081534,
af1de385d0b64f49b8ee7550b83f9b9e,
63d93e052e4d48b4883a0fc78ec14442,
8653447530d54e2abeec7b76bd315649,
f52014f91ab04d598d99d09dddac5aa2,
76020c22f95f4d56b32591c7dff13c41,
512828f478a942ad85bee430f720e80f,346946000.0000
6a3f889f6bf04f3daef5af562b3aabee,
37c2886b7607486cb335552bbe68c76a,
83d2d84dc0634a4f97b31f58ba200d4a,
4333b438dbe14351929d519405a1a3eb,
8d8a531908714f8e908473b49765dd2f,
905341552fc0485b9e86da19348504e6,346892000.0000
0cc768acb5314de0aa85ac20b4b6c6b0,374843000.0000
e4b0683b81014b55a021a0b9b9a70376,409890000.0000
b104579cefbc43b6ab6aa640d3db5f91,
648ed23e39274d6d92fd8a405750a4b2,
0be7ce4acb894101b4bf905eec6114a4,
b79afe6799714a37a3e514e151682984,455500000.0000
6f18a3511cbd4a389e4a5c18f833c00a,
fa07166121d9459b8fe54bcc408e0748,411986000.0000
1b77ec02885b4fd982c1330870456550,427865000.0000
cbb0fa7e016f4087bca260a9f7028be8,587405000.0000
f1124b0d9f704c32bc04f3bd4fbe4fe6,414653000.0000
eb7a2f1d9b4048c7a6ba5ae3c06caca3,
7b0dc90f1b1d4198bbb42360ce6dc70b,
285be673c3bb4e4ba3cb033f8d1eb3c6,
64b0a728404a440c9c76b6e37aad6973,
8c517cefbbaf4f2a98c5e5e7f19d2885,
0ba0322c602e4c53a0aba124d521fbef,
dd38f74c135f4dd09accd0a36b0f338b,
ada41dc312fd4a089f14a626f14aa778,
9017037f911b4114912b210355212f2e,698122000.0000
d0eb42e4420f4bef8395067e6468e2a7,728642000.0000
78f11c3ec1e34153ad203ecba272eabf,
511c51af2002409ca969f225fc4bddcf,
cbce18513fe54eb494c674d0c8b15634,
349bbb45c58241859bcae099b57de79b,
4ca6c750e5d8487faca6226c396b0f25,
cf16115a1db1403ea3c1a7b3aaf7f613,
aea10a6fe20c44d9b3afe3b4034dc867,
97cc58cca11f404493ce97097f3d4af4,1069200000.0000
463711c73cdb4939bdcd21770ce4104f,
3b1b3897d9fa4a1f95de9187fc7ef47f,
1bfdea2c9a714aaba1b97353bd1e8756,
63fae2340a7342028d3180e2c3cfc25f,
9dd94ec6e64f416e9fc36813e2720b39,
f481eb67118942a79f83d9a39541af90,
64f381f50b6b4dd8be2a38ef31d1aa49,
e61b26990b5b4f8da75cf3b4a1261221,
6434510146874998bf58bc4b16ff4779,
5c1c4c6fa744470ca79f04c1109825e0,
88909ecd8d7042a1bd3efbdbd3898e64,929000000.0000
bf8556f86bae49c394264544b94d922f,
8aeb8d72c24042a9be25dda5b1f9b699,
f1f0bcb628a94cbd91ece89369e4c2da,
0dfa8969c0e9493c858dea982f80f184,
e9b52e4bfc204f7491ddbdde181163e4,
9f15a2b53f2146e0a138fdf5f8803abe,
e2107519a28e4c5e80688090a4403c67,
ae63cf51e94248a6acaf1a0bcb1a6341,
68d58116a9c7412e9d4d3a1b6b0537e7,
4013d1be4ac94bbd85c241b2ef41589c,
97da10971fd04429a7bec1ee7cf4122f,1155212000.0000
29e7963502aa4ee59427959a2b5320c1,
a8abecb919c149c392c5c8a0c02a18a3,
62cae184b7b84b6e8fedfa83e66394d4,
f8449db81ace4e609b4dfa7e3849c838,
7283324e128743008ec9ccff6e41f83d,
cc7816884d13428f866c3af754fc0a66,
f000b2e452d44b949806c08ea0ea9758,728639000.0000
4ce90f3d59164d1eacb04667d01ff41c,
6117952ab7ef4729bf3941b1e2669601,
040cc4ffcd7b408e8831ea2ad6c055b8,
aecf9e50a9c2416784cd858c381d1e9c,
ce1127c94a5d4cf4861846c3d821f468,
8d11eda970d149758933d61944baf0df,
649c89ae89344e3196e5ea87f5ba4d6e,
2f9bcdb277e844f2bfd8455b1142200d,
85af64d960d34d3daca4230434f7450d,
88138b3a2d104e88a74d24c50d825c7b,
470017ef1c2342c79c6a2644cf2e654d,
f04e4a0825524750a555dfe2f6ffb522,
04c8c8434afd4f47a2589b007224eb1f,
45c8bb4209dc44c09197f2ad48d165d9,
656d8bef560a440eaa6ef6932b2b4d10,
2455c172dd1c45d3887d3ed13f9df448,
ebc03abe22ed4a1aae518623a528764c,771455000.0000
749ee988d79348df8b2c20b857ee58a6,721587000.0000
0162145aa3824bb590611698ef292ee8,
711d5c95d5964c16ac4dff4ccae4069f,
281e4315cbef45bba578e4c30a2f6d45,
c9a9d0391c674f06a4cdeeda62fcd40a,
d6b21048ab884a728991d7ab13fe9c22,
fcc6d07008dd42c7b11b53c86d45117e,
e74943591d004b4ca44c93522792080f,
16e128d48a404791af031f9e07669714,
23eb90458b534c2799d7055569c0606f,
7beff0ab2dff431cb66a779275ea5200,
6060f88a1d6d48909bd38e2b0f77a230,
6227529deb7046b6bdf2c80b00871e4e,
38f6ac9338864217a6adf99c86047d94,
525c8aed90f84c898cc3126c3d27895f,
309146c691fe4f32a885a876ea29ceee,
05c56d207de34101bfee4f23d30ce2c2,
b188ef5abb0a46f79f9f4e197164562f,
535a54ab79514282bd73c3776083f547,
0ff0b5ea74484de3a0c9831504ca5d52,2132000000.0000
1d457cfd7c20473c82b20ac36c53cb08,
aee6b6e8144c4f3ca0514ffab1f4ec42,
bb049f5a5ea64cd4b9acd06d2cf10659,
321c0fcd5be344698bafa2c6df4d2d2e,
e2a8d26bab804933a1c9997d1409f009,
70c3c2ce71744923a8426b4c2d714408,
12e163249d56444e92da14ac53f7350f,
41a476ebe2884faab4ccd11423bf41f9,706591000.0000
a0a190f10bf54b5d86204a8268472967,
714a9626a9014fd7bee9deba05058469,
ae8a51c90b214b01b2fcc8b693e90b27,
b86ee585bf12451db2708b40ac76bc92,
d925146eaa70455d80c673d8eef42d09,
8c8d299a4b524ef3a7cb64eb1834bf8e,471000000.0000
fd594c45fe044b28b9e9aff750652b9e,2000000.0000
9a35eddfff074003a6036080f404de9f,
f7327e0eec5f46a6986b31cce15956fc,451000000.0000
4dc1c30736d6449aaccc00563c1c25ca,3000000.0000
7ffd6787b9914b43b3991afa6e59265d,
9cfe493364ac48288e60383172b65384,
b2ed76a97f5e416ca4c6efffce5795d2,
2345599e6b1644f5a918569ee10b3bba,
6bf9c2cf1f9442959ba295791c1ba51f,
ca333d9535064dd5b1ed8146d59fb30b,
97d078a758c94f7abee8ffce33e19f63,
e5ccc8a1305942689e6a92caf5cacf58,
686ce81408e74961b0c65a7bc955a47d,
d757ffca04584a29a800cd6328190ba6,
685b1fdccd064ef0aad3216676ae473e,
1dddbdf0ed9748fa9b3073aad8c4b105,
7500379a1ac14edf9acd7b71f2e9afa6,
ec296ec25bf3425ea7cb0a0ff07c4522,
0297666d840a41eaba930a4aa67be0ae,
f44e619644944ca0b3683dc70a77c89f,
2121e971e59a41b8b9fa910391758c24,
3274cb5809ea468b8b0be95d5457c1a1,
7e7590fb5c1442d2a640fd1db01065b4,912489000.0000
e455bb4ec92e43bf870008cf79be6f94,
909154f52caa40eb9808d49a7d0121c3,1183000000.0000
3faaf3ac033a4c2f876c33f6d4be770d,1047000000.0000
ced2110e49c34cc58eb6d0e5da4cd737,1048983000.0000
df42d333a9194f0db68aca086fcbaecf,1083683000.0000
2f614eb67c43449a98a0d1cc78b42935,
f2b91382c54a4dc1a7997e333e03d1e8,
8df83e63dceb4cfc9fdaea05e4f246aa,
8f68b0db15b741069ba754166a90828d,
24ec67d2731b4becabea498835ff9f28,
41b1df9292344951a7c1b3ea52739cbe,
dd27bc65a3f44aeb9d77c478445fb5b6,
16c120cf52a6454ea6a8cd804b4f7ab1,
d767616581004f05aac9c569cb0a4f02,
81be828759314bc68f91e60633d9adf1,
a8ba37097c1f458bb6f4cf59a8d02971,
fe9ac21abc414bb4b255573b7baecd4c,
c303600f77c64a2994e642494efab3a1,
4875e7d059c04dc8a6e405dccf5238d0,
74a7c194a0984a8bbdad26d963fe02ad,
759ec1cbe7f94a66af01a723444481b9,
c5af9ab194e94083940279b8e9e03f42,
cccf01419088459a83d46ad3e6d4aa43,
f79cddb2bea24edb937c8180e83dd014,
2977c2795e0d400aa6ed0ea9ad941a25,
c317e024640a4da8a8b00f708c0c336b,
85ad08c460624a21ad4752e4f281efd3,
a2760e4e43574dea94a6c4fc0054959d,
a620eecb303e4a9b8cc3a8f205925cfd,
efdbf1623f7f44fb86b8625e56a953cd,
5833bc34c4ee4084ad27cdd0b97de737,
c44e8512bf5244cb84a5238b1c352d39,
363795e887a5442cb3cded9cf15ac542,
cfba22a7ef3d4dd4a56895b3a43c4bde,
5eadead30222499082c63f05823a5db6,
ac2fb7824f8d48d592680159fe1ca360,
139ce21430c746238eced20c7ee4a2a0,
aab131bac7e14ff6ac695d57fa5f60d2,
129b9971b5654accb9379bf3fb7b582e,51000000.0000
9277d3be2d9944ef93dbee62ee65cd20,
81858b9ee8664007b130c43cfe6efa74,
b182d9bbee5341af984efa9cfae2eade,
a811c62b9e7542c3ad350a494a72a678,
f9e1b39504e94338baeeade1ee162e77,
4d7c808b93f142ea80b4f79f0a695d04,
77b69ea42afc4a56b80a4750b5126e23,1188000000.0000
103c0eaaa69845e8a08e37a54f6bedc9,
a79ff39cbb274e55ae17a41119f71687,
c0491d582a4e4ff49cb480809a38c656,
ff4473dffb5245f88ce85760d93895ac,
c518a3f988b148c29e79fbb8fc95cfaa,
01b06f55ab1543fcacb8ae70c8940ef3,1095000000.0000
6353f37f71c444e7b9cd866bc3b1e9cc,
4f5e19d478cc4a8798f3bb573e2f47c9,
9b89c4e109214c2ea330be3c342b956d,
5a564dac156742e1ac9662bf84d2c9b5,
6e947d58b3794ab2b956645d1a50e309,
b48d28541a0046ea93ac29f85791ac39,
aa71fb3a75f647038b73b80725401ab3,1868000000.0000
ec049d0a7be741cd981424eb2896d805,
d22fd491a0664f80848de45507d5c54a,
98e0b5917fe645dc80e6930a2675f494,
fd0cfacf04c64d32b8d3602f97f6b99a,
79b8af082d0d496aa11f083a3e4402d9,
0de8770a957e49f09c6954ed3a687c85,
7f7d1c5c16b64c78bb32a38bf1e11841,
12d70d92866642fabafd2de5eb2d1d97,
acbf3df639d048a19708d4f113265a19,1966000000.0000
4d3e5928548a4c3080744abfe08a86be,
c4e863169f204f38bca7e11895b8b6df,
9bb2ec5d2ee54e8caf52676008a220b9,
8188020439494e2cbd47efca1dc0ccf9,
ed5dd3b864064039ba67f06f6902e7a8,
7686bbd3661145e09d4d6fc57dfc1145,
c740a44542ea40ddbe8c0c42f9233a17,
c59d9a0b4b9544e8aa04788509021385,
731d9c58b54b48dd882a0516e3f70641,1898000000.0000
f5b5ccbbda7b4563859ee21ded0a1809,
b8a7fe9782314bbf945a366e4cc70873,
71b68a9c5e344973b70a90a32668210b,
cec11fa8cf824673a04162ee89ea35ab,
579c27cef8ba4232a7d75f456550415e,
23dd16545cde4d769dcb7bcbf4034699,
afc56be918b541dbbb1c40f4b4093cf9,
5eeab95056bc4f6db37d199195c30a25,
c757f419d0ce4039a040192ec387d426,
6e2d9cab239c4c87829f1ae8500a6047,
a3c3823fa0b34a7785c88c4893a4d46e,
0889aa8cfea94df1ae3613cc844c69c5,
108feefc038a41238cf42242fbf5c48a,
f616ed692d154be8bb5906d19e85376a,
3a48aaada7974fbf89785e3bd903832c,85750000.0000
141a1dc250064ea68ee23b278c265b73,
ada1bea47e3444c0af8117f121c5dad1,
d2859ce9c00e4b5fa841bcb71316dc6c,
488e82d06dd6456d9ec24bc15f54cb45,
34ac6c6ea9f8432aa17dfb5e47f632c2,
bb152646e85649aaa9cd5171700dfdba,
85d816afc1c54aa88d48bbd2ca7d1948,
d06608b10bbc4161996d72f48515ab91,
7ed9cc019b4249f4b8ff12bdf140554d,831000000.0000
f7f63afe839d42c1aa0616291db965ea,
62c664eb964644ac8f4a11f04f7776cb,
b35bdb0c22e84bccb66fa42b396a0677,
fede0cfaf70243fba8be187079f313fd,
419796fdca1743699584ecb8d2616f0f,
5076671ae3f84065bbef284101c24469,
507ad34478d14098bf12ab8f9bae73c4,
b7f461be65d3450fb00842d24bc58548,
457600648fa9467c93b85ad2fd76bc98,
af015255b6744c90922cc00723a0cb7b,
f68c2111a77a43c189b2f97afa03bd31,
a6b19e721be449f69e77d5b1ff9c8fd8,
f1b9b768ccef4b34a05578a618962608,
82777ddf17434d4ea85b5ce8c4d55718,
8beeea22bd204e28b6e9debeed3a9a67,
a9184b34a8eb4babaea98b880e60bf28,
1b0abcdab8ab482fbc33b0ddd2507bbc,
965ffe465b8d427b9f9af9ba17275eea,
9b107cb2681d46d69191a1ab2c121a2c,
3d8198db86b2471bb58da0b702df0479,
12818d87bc8c49428b14bf30939d42b4,868186000.0000
d19df8bf429b4ce68179e3841234fe89,183000000.0000
30ccf665bf3b4fb9aa6fdd8401cbed77,
f73fe7cb08aa4628990c74ba9d134fb5,
788543600d1d4e99bf619c402f33a000,
9a100fc1524a4a609c4ed68d7a0c83f8,
b43cd9588419434c9118d3391b3e48b5,
3883f76fb0ad42a8b2e9d306d9e92deb,
a789c2a919bb4fdcaa3b6b1a9f22e0a4,
8878e144745b4cdabc25ea0bdfc5f4ba,
8ee060d6f5f94438b1fcec7163db05c1,
32f7e36c0ba442e7b9323044d4880a2a,
021097a9bf6747e8a25712688115cbf8,
70ff2852021c49a28d31c31cbb14f484,
c9572427a80e430c805ee7e8796d37e6,
08184e518f5c428cb8506ab9eba883a1,
1a9c706254a4414c91cf64056fb9bbe2,
3ffb300c58144520848503b0451b2edf,
8baa328fd9284b99bed93c8124a987e9,
60a60da7a1f14f9daa1fa15a6ac1922a,
cae2bfa716b94b52a885076ff687db69,
820c89d582db47308bffc2c571f1f345,
d831b87427fd482d8eb7cbef61d981b5,
940a4f7630724fc0bca45340db264c13,
08c2d1f7e99e414488c660ba678828c6,
ed7efb3db26945cdba0dc849a03005ae,
9371e1f184e54d7f8dd59abdcb998c15,
5b355fa0a67142ad9716347c511faf60,
5e7e2e0d0a094773a35935c879889722,
edb2a17d909e4c339f38578acca85cf4,
a2740c47366343ed80fde5668aed7b5b,
25d6f7c72ee94dfaad79a1af155277e3,
b86d7f59e12744678f6f7df3895104f7,
37c7aa959ea545d9a8b149b137e23696,
3c4b200f48a14c6cba6705b598ca1cbb,
46885c8322654a9a84692a6534761f8d,
4639b24ee6184da5916e67ed0de3af47,
2aa0aab5bae149449644a9e360be362a,
90e50a2b78ca45c9a739f9e283e8c63c,
4d137c9ce8a0426c94d22dc4841767f4,
9af9cc09384f4546a22be7d73bae404b,
72e0c0106a6547deaaa469a80aa292f4,
e7d1bba1266c45ddb01653025654f275,
b40d10d581924f2bb5940ae193959a5d,
b970f56be3664f1592b74d098bf715a0,
8e83ebbfa173491aaa8c962ccd9acfb9,
0beef85950054862badf5260faa749a8,
11a0291952a44fb697d47f646f4909c4,
23c61328c1754f009b073a232a3dbb08,
5060aa7f7b364078ab949d410fa6c4a7,
e1bfa40d8d9e4b769392a5d2f338a7fd,
563dfeb2b5e24c3293e908204df123d3,
811562078fea4b7a9f184c9f95b6c94b,
d71b6e9240e6443092c417a80ccf6104,
bd389ec4f594487bbd1a0c516a65b854,
df33708aecb04baba32258f9609cbdf7,
c61f0272a57f498eb89b536f2da3721f,
7c844426e61545f9956b965e2613bd7a,
85e33d42fdf24468afe84365959dd4f4,
f6e5a66bebba49d29d06eaa4589d058e,
4946f7ec9d314ff882a10fa8a96cf7ff,
6ce386575cd34648b4281d6c83c7fbe1,
ae1d2f58d1f346ecaf23d0e20a873bfe,
b11247dab4414c3f87c83d02e06e2edd,823007000.0000
836406e0a69c4b0dba52179a0169ab12,
8c4fcc718c804f8d9d87a4f9bcfe021c,
3c46cddab8cd47089f03a8007a0579bd,
f4d28c6f8c3b49a29bef7329d37a1a70,
f81b46807cb84c5c90f2372325e74ae6,
50070367354148e28cdce1ca5d489243,
133d1859f5c64c459a14213ccfb96c47,
f0149521d22544288287f8ea578f5724,
4dcc0a23ba234f228ba1d93dedb78af0,
bed79c1a11fc4fd8afcbb3badcc515c0,
5aceb7e7d4c04121a17ee9cbc6014d92,
c98c5122f18841dba6b442b7e7f1a859,
1cde2c9bf42e453394d20ce027e6ecda,
e8fe93a0620946c29cf0f71a5f67e4f4,
7766da017a05495f97ffee660d74fdde,
924bd53b4c97461faefcd05349cdbe0a,
62d79b13e83c411e87211762756bc11d,
f31661092a5248fe858bb4ff0fa9e5aa,
69d42a73de26413b936fa5c1ce5b2ba9,
5948732e0759464fae554c05df23de79,
5b5ebb0fe0834110a4edb987c6de662d,
8da68305938b42b1ac8a4e3f3ef8a421,
54338b12506e4ffaa09669b812eefa9b,
6c913106fe2b482f8c1a255ad0cc7f5b,
a118473cfff245de8fb02369f3e0b745,
691491ec147240b49b2512a9f8805b7d,
2c38641d271e4b68b90d70c413ef1125,
8477c533181540dd8dee96e4463f579c,
6cc67d2fc1034a95ad4dab0e4cb634cc,
ded1b5c2cb5c4c5299a273d563987b86,
ff654fdd7a1e49159474411100d7b8f6,
181e2afb5db741edab2ede3413d089d9,
8c45809e7a4440718e341f9e8dd5a3ae,
5cc404d74c1f4c658fdbdd9aae67d586,823007000.0000
2a07f64e708c410bba9ccef7d520779e,
d348e65837de4551adc48a583e8ea60f,
92709f63508a489384ae2a749a7173b8,
1311e40663784e11a95c0289381b1588,
25270e2773e94775ad94fb17f81c3d8e,
eaea8901d31944d9ac52971470aeb565,
9c261eda74904617866c7f397088782d,
b5bab004a34148b1a322d562ec46cb41,
fa49c3fd4b0b40bcb6eb61c73e2fcb31,
6f3acda69a2d43689dc7b3daa7f4ff4c,
c7ef6521522844d3a33ffde2073ab64e,
c75f53ee591d4e429f9a287e31f9aeb5,
6287191e63c448eca44ae382741cfdb6,
106f7eb81fc7415dab65835a7ea3510e,
a9d18d6460b54eb8ad24de6e4c77f363,
190cddfcb70242d79471476635af0e08,
311a7989cd3443eba0899998a78b30a2,
9bfc9042a7e046b09ba0b161e6a6fe80,
89c213b6c06a4769b32bd7b46d616f4e,
efa47c6a14144133999f74252af474ae,
58598475847541b38c41ba0bbdb33721,
14a927850c1649e2bbc9b3db128912cd,
ffe7736aa2864d9fbaa33f285c59b99b,
180d0c7782d142d2a78afea821ebc72d,
7bb6eb7eb68348cab0c17e528c2ba53e,4625811000.0000
5540378cb19b4697aa7e0f6fdc426c6e,3258966000.0000
2e8ec0c04ae74f348160af80a15de432,
6888ee4e3b4341b8a83b0f224d3ba1f0,
4b7f8ba180334755b42f46222eb2a2aa,
89d5cc36815a4bf4a851d3a1bc31040d,
41905867eedc412ebff3ae982e29de66,
23cc447b34b1439d9a330f0cc28d46bd,
2e7bf03e188443e3a2cd9f0ec64acbc9,
94a0e4a73d6e4b69be2610ef1c3a44f5,
b33535f211fb4c9dbae1ca148b78d2d0,
220f5b7f33354cc0b4ffe5330d0dfe30,
3931cb1a52954b0f9110ad35b20213e2,
3b23d9cf338d445da4fc4b338c8c3712,
10624e30b6bf443b8a91cc1d0a750788,
59d8c2d30b2e4ab1a8d5177a78d7ed2f,
3a87dd5d80594db09cd8884d3eee6649,
693bf5c39a394e65961defe171bb5241,
dc2cb1961d064a23865dab629f1b6141,
e58f0f7eb6a944f3be712a20a5f7e24e,
63b9048a78bd484a8e9647b28fcdaa2b,
e7c8e3cf3ff24826ac7147bad6cf759f,342000000.0000
4d0c021ccc4549ad8e9c25c25acb0375,279100000.0000
fd81bfd807074366ac3dfda0f0dcce45,336550000.0000
f3471a9ba2814e9889ff417bd1249e1c,
1c36cae41cbd41a7bf9ad8276eac5178,
c1635d96efdf4f5a9e4579109d5d5a0a,
678774d0684d4410bd25fceae2309d9f,
7a71215b66614c5099c21f2eaf25c834,
56005bd9ad944e5c8cd553ac7a2e553b,
24058bdfb6394bd0a58aaf739ad50437,
024cbd47d87d47e3ba82a8a567930eca,
9a33f2a7e83b439f9c73e84ceba6f919,
26d2fa3a3f034dc6ba5f4ec4ba4ef2b1,
a23ad974261b4f54ab88e00aa836d4e9,
ec233d8176be440db0c3a925a8495ca9,
c71f9d30e1c04c6fb62487835163140c,
f8862e72a1e6444cb9bbe1c81c09aa5a,
879c4a74f1df4e3cb46a0edea68a5ea0,
581edab1a32446deaee0d64bd9e78544,
6c46976c14ea46cc8dd52476e8780abc,
27d935545d5d4856a9a3438bc4f37043,
dbea9b5441964e74a4bb3a347d82d729,
55e7c30a819b464b9b08860752f446c8,
57105d17453a410a9dd4ccddf9018e87,
bb4226ff65ab43be91c200694f7ead29,
cb73aa34aafc4eacabbb30be3066481c,
398065f268ac41a6adbf4d66d9778668,
04403a3c83d743e69489b2f62e9bf7db,
ddbf308cc02f4326b7bf224bb77dc415,
bb0e8c335226484298ffe8ade0d711cc,
f1f3cc5834514b4582cd2a121d588d65,
d6451f9b3c604c0f9ded67f5b151c15f,
32f5926eefeb4bc7b9231d90fd2aeed2,
d401d993bca94b9aa0834cec562a25d1,
d5dd20c75e0c4de0b76d14994f8ddbb5,
37c0baa955504b8a86186088048861e0,
ac0f458ea53b447da70eb9a34a358748,
c5283b5b53bf4869ad35a7d429400175,
16d8447ed46e417c8c15826ca0abdd2a,
82873ebafe6348908d68486c64d12215,
022fdc990fa94963a5aa618454a21e4e,
1eef315c4a3b42f088a28d7c2e1f6f13,398000000.0000
aa022363568b469f816250f8eccfa069,436000000.0000
475ddc69b6a34d1b808c5d16cede448a,
2d0f89f1e57c45d29527f37b26e2fd2a,
17cd6f665f3d403ea5ad263d02dbec89,
0e266e5f5dcd4428874d34dacf029647,
96874db0c8b3403cb770e8eb65c4e4ed,
a352f1b48e6e456e9986618849417505,
de94a42bcd7940fb923f63e1c08e38a7,
e3137c13c0a14117ba9fed9b7d1a6b8e,
1e3932d651d54f6e9ef1b35cd7faf447,407000000.0000
ab887b4b091f4aeabbbe33631528091c,11645522000.0000
d7804714076a4b78a896d2d0c674e1d0,
ee5d3980cfa4413aa2b5e46477442ce2,
46ec7e12cdab48e79f071a1ffae95552,
41d70495dfcf4e9eb5e68298ed004f2d,
7af8b619110b436cb34425e8891e8d26,
2178b7ef15b040e3a06a9a42758889ae,387000000.0000
96c155dca4f24037851ee1df0210aa8b,
9ef3e82a9bd24046bd55f08cee2d089d,500000.0000
7152ef96f14d424ba16e5183eb4cfe1f,40768528000.0000
d9f7872573de4dac9321fed294c3454f,35565377000.0000
cfe3d7b535734c56b623fdb2eb41d55a,34568564000.0000
c1ab65e19c3542519f87b37204bcc4bb,39565465000.0000
19258346ae6145c0ae688604a628f682,47514600000.0000
142d648701804afab1c4a0153efec709,
ea2792b784c545dcbffbda2beea2b53c,
4143a0aaeb8743e8805b850a917be591,
1e206106b8d64e68a89a16085420b71e,
6766232eb8e042eb8292a02330955d74,
3ae6f56ba57941fa9c0d91a0d369cc00,
97eb788c0ab6437b9617107683ed7054,
272c28dbcbb64174b4fb7408597d4c06,
aede5d84a953418fa6ab16ad2d47ceec,0.0000
9bf1ec8c3dfa44b8955e3ccb7e35fd19,
790d4c92013c4c4f866c69f14ff6d246,854112000.0000
dd588136cb4b4605bfa4f5427920b4ca,
942c820706c34d4290f327c194f7c81c,
e2e0dec281da4cb1bc05eddd6df1b237,
33470178075e4216a4bda42183d27980,
b250891aff9840c79653e65c35f5bf0d,
ec38ecfd5e7e4b02bcbdcb1cc92db553,918874000.0000
c5bd69290c1b487c9877f7e025068b21,
88c52cf111d0487eb6a45938ee8375b7,
33330fb8e99f41cea2c3de3bcbb7da87,
9b2889c4981042d78802992bf50f031d,
a9b7149117f74d299d0f71bdacbdda56,
d88eee353a814c29b953692a635a7344,
8d80d6d050804b52ad476edcb929df20,
365883824cc74cada2ac8c7c9aeb97ef,
6f4cbcf7d3ad4c7d9a298acfe1d5e6a8,
b566e183c31c4ae384766d6b14778fbb,
54ecca76ad5c4f2cb0118f10410b2d9e,
806d1e04ad374306a0344200cd6196cc,
21f8f7b973d1401c98d063dc7bf79912,
8a13d424fb32433e910fa9290ca146a0,
0f955d87537d4925a8ed8a1a1e80a5e0,
fb34578d6d59451caae7dd1e05b0cf29,
96842d4d6b0c4007834b80819916bb1f,
b44d77d5ec2d4e598b70f92561a1b233,
7d8a8529f334456ab2636208b81f6f96,
2ae721b14d4f483eafcbd668ee06c742,
5edd57ad968b4170ba9b8184e0840122,
6bbf00b63c304c7eb312b730a1045d98,
a0e613f3654a444b95227719e024862d,
4f5e7a3f9f1f4fb3a59c02ca12f0999b,
9c5ba98713864482a1001240d068e973,838081000.0000
aeaf101ef87345cf89625755e7e8412f,
687b08b523c2460ba46c883bb918ed66,
e6afc66203284d198b6c7053f9385736,153808000.0000
163bea252c2f42a08ecd84335a7f0179,
a651d20fd466496abfbb82756627cd23,
7c8c50eb3e75492ebc153623d1616f01,
f3ebcd140e5744f69b89e85061a04387,
9f72ee49875440ec8bd242bc4dd9d118,
97926b715de44b499526e9f59e98fd56,
370615bb6b934c9a94e692c4dc8ecfba,93827000.0000
63f6608c147244cc9de8b5631dfde0b4,414000000.0000
37f157ddf2d448d8a9b07b0a57a2faee,147742000.0000
a028436290d24438a6220dd1fb74c4bc,8494000000.0000
45bc4f24df5e415da551704e560612bf,
488126ebf5ad452da6a23e8c9f5585f6,219000000.0000
0adcfb9a0c5a4f4296e3c8cca9919aee,
4b3c837286b24ae8a94e77a1bcfaf7ec,
f6a9bb93245e48abafa4bf01ce0aba6a,547126000.0000
d8542627d2f54875bc441fa36c3c66b3,
027d48b8b70e45ce891c745f982e4808,
51ec1b252d9e473ebef7ec401eb981a3,
8344f86043a8423ca0343ff423245115,
310a76e508fe4053bb147ff66e364ac2,
67fc7c3232d241d286032fc3b61dba0f,
a5997434eb8e4d709f87207ce42e4bea,
bef94206cef44b8d89959a9203d7b22e,
b2466288c2ba4590a198f4181642ddcf,
9705c42a26854723ab21585cd8a9591e,
18aeb73ebc384a98a39c8f86d1733142,
dd06ff40c16c472db29396ab87837279,
4329e61ddb7942849cdcae7aeea6a659,
3ae783c48cd54d55b68f1e8e6fe174a2,
f66b6ce884b34240839c01204764a659,
7fa33cef5d454928abcd18d19dce04bf,
1249fe5612a340babbaaccd45b2ecdc1,
ea27fe168c274f48a99535ce19f46c77,
5e4015fdad0c4ca6a6d0e500d35c26b1,
3ec2803ae47b42a1a791e124fc325d34,
e5a1c1097ed142f08e31aa60f1f98c23,
cc0297886d0243f28e747d2cdb522ec7,
062b7491536f41dca3aa6c0f7d918008,
007e7310eefa4a428967adeb0ac2aedd,
34a649e72d1044e68bc032d62593aa79,
8818a05d2dee4d579be18df63fa33a31,
6dabc8bdd94845cba7c128fd8a26ef86,
e0fd9beff6714c07af57944503eefb35,
d362f11e700644d3b3df726d50e04786,
78d7b30a3ab945d3b1c4e98b8f5b0509,
90c94cce2b934481901a5511cca4fe56,
25b40e68579b4d92ba9cdfae5025139a,
4335ecce77174832817baeee1875ddf9,4217000000.0000
84af363b0a114925aca0a40a0518552c,
e340e3d71a5943a18b99333734efbadb,
aecfdb45dab84fa5b2850eff5c5207d2,
6257ca0a8aca43d6a7ee6a230db26b4b,
59bddb6ae0784217bad63a0f809048ce,
f1df5e0a79f34ecfbb666a675e63e53e,
1641b4fa02de40d1b273af8774198b84,
0c5e8617a2cf476bba8844d5e9f0fafd,
a17f75f3b35d470bac5bc050576ad5d9,
31bf6863431c4836ac58d1205bf368b6,
66e3b559c1324a399bc658e89b3cb0aa,
032b114ab1074de88df7b4e22e3ce179,
d2fd632f428e4009b0dd8ec1276fbd4d,
ad1f5335d6d148ef95d77cf9d7940c64,
3b11c63e85ea4b328c6eabd063356fd7,
ed88cea6db2941db8812f498a50e9411,
a28e70dd3cce422ba41ca90730833028,
967037721e2946d0922d974f455d526e,
5df16a98113d4c6bb5d329f11b7a6ffa,12215125000.0000
cd780381f0ac4e69bdea2aa1907961e5,
3cc5d37ab9ad4392a787ec3be642ee74,
a459235051304530b925f03c0c5d480b,
2b73b55cb9c74fcb8ffd991e24bcd71f,
401d10ef08de4cf99c4dc5ebc2fdce47,
798f922f3f9343d18b9bd48675bd0261,
a0a345a778ac489790248e49ce218249,
442db92f6d16449d98683f5a31220565,
648752560376493589758092356288cd,
4330fd8cde244c5e91c66b2eb5693ffd,
7b02a59e62d04f1c9d8cfbd3356ae890,
b371083c947e4d52a4518c8de614bc15,
dd2d7ba2de8c4815b610de321e202162,
9db66fe06ef64326b69b12c7ebe7c315,
f2795f81b5f440479581c53140b11e66,115000000.0000
b96f935e86a9434a96c179456bf51ff9,
c7091e0753e247539a580723272dbd21,
2b50bc837a4a4d3a8fff6e2f33e8b535,
06f0d5f69696472ba0c2dd11a8358579,
06d474deb15d49778d9bebdaa0ebdcc3,
7b3ce98e74e245fd87d1ee4c50aa60cd,
3613be5bd988415c8512d0f3d253da37,80819000.0000
19a25c0c39fd47d4bcbb5bb909adb312,
b62f0f765682467fbbbcf45ef9ef0bbf,
c3a13bc54776440589373d21182b72f4,
8306ee277e324826be49df7e8edf5324,
a833ea975d264d4789e32ca93d37aa67,
9610372b363d4672a4f975e152d847ce,
09af7025267c4b7a99d474d7380b1989,
6383d48df78941d3b808499d7cd7758a,
a95b53b693834bd2800d60962c44cc2d,
d54162c4f5d6494f8fef79d09a5c114f,121439000.0000
5ee3eca28da744ecae8425e320b6c55c,
58622ffe1be14e728d20716d98b36592,
9e2ebe8d6a434f3b957b74c328679a68,
4f246542e6074278b791e7078724cb22,80544000.0000
9a63800c97f249e482373cda964afd42,
cb1e483ead2841b79a095c00a0b089bd,
814de2ccbea042b1a84b03d9716bb10d,
5c74c47fe38b4d0f917dfda6aa8f785e,
5fc765c0d1024b139b849aaf707e14d4,3000000.0000
f7928d22a0ef4cf09e5f07c3b7afa400,
afff1fdd503040ba82409ef23f0ec237,
09ccaa0d4b1341e4b74c774743caf223,99102000.0000
4183a47af2eb4a0e940d13664ad1b1d9,
36970b5b187745b889d6f7148bd0aa1d,
148507b295f94f19b7cf834935bdef03,
b6ca65a226a84a4b92d257fb8af7e91d,
975654b97c7744a99bee566b6861fd02,
b23cf1e52be3480596f319b394404e54,
8910102d4e184a93b5e66a2b0bb6bc92,
c8329396de414624812b6051e08b5add,
6259d44d91e84e9489042b1f70313264,3000000.0000
ab6407b100114c14bcae52a7380651c8,
3a08d7d66b6840d880057c5955fed1c4,
8c48ef50622c4e8fb7da56129c6a9f7a,
9e5539197cf44ca0a5d90b9c632fb78b,
a43ae421771f48a89cc608a584e37b59,
273e4eae76ee41589788bc1966479d14,
4014eb0a6538445593c0278a5f004261,3000000.0000
97ef55d16c674f278458776714c46f41,2175000000.0000
721d853a8e7b446dbddde333cbc3eeb0,
30b39faf33b04baf887727f824bd4f3b,
3798816a3e7a4570b4d06ef01d93ba11,
e1c1c82556864bbdb3d71936889c070b,
f3f40616812b44c89fd58a049af91bda,
8aea1d56b4234aac8b66d13a515aacab,
7b171d3c4b5b4bdc9676ad2fa440153a,19694884000.0000
793b24faaf6e42169b5989c3e18ceaf5,762000000.0000
9655ea22898849acad3000fb7b9fb2eb,912000000.0000
20f83c3b55e0403fab77388e9accd8a7,1110000000.0000
7c0a99f7dff54b2d9f8b799f7cabf184,
2bd905d00fde44e5832e476b3945ddef,
fdc48b49c7ba47a1b82cd76719c062d1,
46889bc0c8674079afc014223c8bb934,
d987a5ff061d4c7e9391e3669c32ec85,
373a508783cd4257bb37e7d77d31ebb1,
478c223045c54815a37c768ffe947c90,
7486f3021ef64cc2943ea97f863105dc,
fa0fdc136e6340b18ed2a1e5ad85df72,
5fb4abc78ce64bfaae6a0ce384939e8e,
9e866e648abc471b873c74971f3bfce1,
8cdaeafe14de4daca63d5b8212c91632,
4b72645f1f7849d689ad2368cd441bea,
f0a162e498ef4442b2d1abfa4d53d8b5,
42b88cfb6c44441cac4eb63a640b28a5,
d48bfb265ee7430b91cfbdc577440083,
f2261fec0abe4eb49f2acd73878136ce,
706c1e48f04d4474ac1dbdd2fef42074,
54cd58ee30aa4adcb7a571e4bc6dc0de,
ffcea7519a1a46558b9e9bcccd263a6e,
145f72c73f4f4152a2db7eecdbe61ace,350000000.0000
cf4a602c13ee4f0cb81aad74aee259dc,
81efce04d4bd448bb5e518c2c8fc497f,
86fe5c8b1fde48bd90ebe42ea2a9e89a,
7d12eeae191740d1adc319df7f9bcb94,
956e2bdd2cd54ee6a52ffcc507f81012,
abb8fb8609484c7eaec861ac3f01cb25,
b1ed603c42014a51ab042541bca1597d,
fcac660b6b204b10b30f0e8576b4d461,
f6f2cd59bcf44d0180ae42f66c4fd97c,
36fb6a0092514cf7ac91c1c35a2b2928,
cmrqomsby002bit4fl3fjxh5k,
e23f6316dd11414b988513355419a077,
fe23d67dc8694d09bf3b0af815790eb0,
418ab05e89de4deeb5ac15aff185cfd5,8094000000.0000
dd042f599aa140b982534381af7ce101,
a8ab7a61015c49839562b855967c9df1,
f99826ada88648ccbb30638c555b80b2,
45320ba709cc427c86bb500597ed6f81,
09027c3f8c1d40ca98625f1655de6d4e,
80ab8ae26b8e4b048370c7cd1c9229dc,
3ff28414fbdc49cc94bd8f6dbab22fd6,
2d58eddda63c46cf8e4f4a5605fa3d90,
0e65ec943b1b423b881b462755590220,
081d4c3a9fc34b2cba1e6e97337ec690,
6357ae804f75437c90f96bb21559de36,
eca52d0af39343a399bb92c69be8819b,9232000000.0000
797bb4cab9de441fbd3f8fec7951af9b,
4e506d46f97446b7a5f0d7ed84394806,
497129ded75545408be17d4f67c607b7,11835143000.0000
d360d97887dc4e42bd9f9556877b2405,
dda20e9dee584c5cafb80d69dc4e0099,
e08bb8e155134adb9a77e8d362d598e2,
232a127d8a964741b020e2934d639415,
4c540d85924b4f0385739b97c03c1001,
88b6cd01db9942e3991a91c873f2f485,
0f21d331e80e46519183d30c2c11040a,
daa93eb72b8e4590a3affdebe1d67f28,
e7e9758ea70c48ceb9001e4c90e89bd8,
0beb8745ed034984a385b806fe36f8a9,
7b74936d41a7464199fee044cb77982d,
47fb62a229384655bda4b6a165bc8282,382000000.0000
6f04d7e74dfe4cdc8c375b9e02e7f504,
7b59e5d10a274712b5d3ebf7cb673ab5,
cda174d4d4ee4d9584f570af869bcca9,
8aab3459494a43e1b840fe7f15643d1b,
9314c3b6a0ac4c78a221c869a734b56f,
caeade336b5f43bd892e55c13b05f436,2145629000.0000
5ffbdf236421463e8973fc95b37972df,
c155673409eb4318bc5a0fc51e73226c,
519058aa37a3406e88ede347025740ea,
46e6290040704131a18c5a31c00168af,
f65c9a81049943a5a198770c1922399b,
8598e28c8d6143c89c9c7bbf42962103,
54dc60f1860845d2a09e918f2668229f,
fdd0ae0cffa649a18f48116293b362a8,
3e68df6220994135983450872340cbfa,
38fcf103e66a4f0a923d57122ca7e581,
15a324af9cf0465eb3ff02d3e251d4e3,
be8037dcbaab4f5baff363d29631cf4f,
ca9e4909c5db4dde948bbca2c5b16bdf,
46bb2f02f3b547e1b357e9c86465044e,
a8e2fa597ac5493b97c2a9c5a72de18e,
601c762f363f4c019b011833ea6791f1,
724ba8916d234be3b475dd51b6c2ea47,
4968d79ce22742448048b401958955fd,
67bdd92f4040480fbe914e3df511eaa6,
ef94d83f036a43688b4af95faeea556d,
f27b5a0016ed4846821b49eec4cf98dd,
274d464c9a8f4f68b5d5ee20c0d4c80d,
dcbeab87f4164e96b4c90ff047cc6cc8,
c35eb92a9952465b98532114884a12e6,
19348198c39d4d9d863db8515366e233,
c32087e5d8ac44f6a28b44c457ad6ed3,
164bef18b7c44994b7cd096c1ed3a914,
36cd694d341147f0b5db57948855f77f,
f2071d086f224d08bc72fcb35642dab6,
c7c008c1051e45d497f4544b15aeb24f,
49306c92e9a14affbdea205ee50574c0,189000000.0000
6827e6cd1eb9427db00253dfd16b2745,
242a8ac353a74fe787ad69b41b364694,1459000000.0000
6b72ea928a764230918a152d05fea75b,
2975357de9e6429899013c4fdb919a78,
547add345fc6430cb496bc42205b9921,
7ed6686e757b4997bb0b7d28325c5a08,
354d6c17f134406cb34727cda5efac63,
0e912a403a5042f5920a1ea51b30298f,
d19599c49daf4e7aba04996360604fea,
5f1d780ec3fa471694709af933b33d8a,
92cb09f2572247c3bdad20f1ecba36fb,
6bd6b5379a8e484f9e476bd6605bbeb7,
ab844e08464e45d0a90389910f3df883,
f6478ea7199042f8afaeb5d2679ce0a9,
cbec127fdb0646d399051e184a1c38fe,
343963b8c9684f8f83e48318e457dac3,
50465fcff1ab4d43997a8a078f97ffbe,2288499000.0000
9de368087ee24d8f99dc45c9fc8cfdb5,
437bec7f0b7d4b71843823569dc09435,
8408dc5688374a1689b8996a1c6636b3,
68888e792d4d482d95b39af17cff7a17,
515ab2ddcbc44010ab07395de04226cc,
8949213acaa94e17b12901c57d82ee30,
6b31288b16c34198980aedf90557b92c,
21c6a85db2774e07a2070c2c8f03d983,
fa82b945ddca48e8823fb49bd2031942,
a629136e66784358ace7e80b92ca08be,
dab1afc5b43b48c7b71f6fa1e84c21fa,341000000.0000
6a3c247cbd1640afa923cdacc702462d,
ff3c680ead444576a99f87d74b81dc36,
04e2db3bd8c04621bac3a3e272e4ec42,
2f77373b66244bda8a8c3f71b1e88774,
31647d09ab8544d1aab7c8d0031c96ee,
0e913bea4e8f478691318929afeb388a,
3ddb26f14b704ab0bc8c91b8a8abf7d4,
85c985dddbcd44d98e86a2350728789b,
23c1a1e6df16467bb1a681c11261609b,
ca53036f2ced44e1a5fc5a947cc99214,
760c17c45b94475b9e31dc7f32b19fca,
0b59adecffa14d3893a045191dc86750,
af0465b9111a4d40baa37af1aa57c55f,
d70f01d5c12a4e18b12cd7d881e9ca33,
8e207a24910144d0b7e03d9ca34adb24,
3398be1864454a9ab36428e4bfc0524c,
5083289e3321473bb6793b3daba8039d,841000000.0000
ccb818da4f8140f7a7691e8924e8c14b,
33ddf27efaa3492b995027ffbb51315a,
054cc715b5e749b5b6fa1656b62a2357,
bb835a4fdc074cce821b65403c727aba,
24c4e55bc03c412baa134581554569c3,
ca71feaca06f4d6db7eec0214b0056c6,
f8a723bb58214718a629c78a3fbdb0f2,
5aee6acfcfd04b5cb9ac3b68e85bb43c,
9233985b618544d1967a19f9dd571371,
93baa960475c42c7b4353d00b4ebeea7,
1941de7d69b540ac9d2295fa43c1e249,
39ce3469d818406aae1a76d943943e2c,
0cdb41de63f94ee5b90ecc89e7d89b4a,
6b017beae30341afaa6d9ea2bbd5bf11,
5556e6f590ff4caeae8b673f2ae393ab,
079f155ea2294293a68299a9d49ef8e1,
ba83bbfa78794e83b6719da1ab025a21,
cc00068d97d34b54a2ffd84355700db7,
395b238633244b778561628d7a965d1d,
43e3afb320bd4f2aae70f94943c3e5fc,198000000.0000
463a64854ee04743a6a0f080d847eac2,
e8fc329276284a00aa6ff37cb62f8e61,
ddbd0972987c45f08173271c2e36e05c,
6fda55ee1d624c67b16e38b09bb5bc87,
dc0da93523ed4bcba32f7a1d6ffabb49,
d31923a75e4840fcad42c4d8727f21a9,
88bf252e407043abacaae787a8c4e5bc,
d4040817206a422fa806bb1d7d088aaa,
0e51be4cbe504f399b78372e0d02d9f8,
59557060993746afb13863094be04671,
40e0e59107d64380bc694bdf3afa5a69,
c7b3c9c683cb4664b9a2b92c87a8e97f,
417c55b4af024d95b55b196ee36a93e1,
f6830b1f29a347a8a2db205d405c373d,
4a46244c91bf4df0ac95d20feb092d39,
adb2aadb215b4ae5b10d29a22ec19376,
f24a174797da4575ad2ee9885cc8e69d,
5df384f28abd4bcba805a41aa580f050,
56e9d1cd572e46328fcc0b9889734f41,
904291784c6946c4a3aac25f30d1c4d2,
f7eced43c3e046c9ab676e8c3169c859,
ac6e387d58924caebfa78a6955cb1429,
58aa4667a21742179fbe5c172b89e0af,
b1700e9d498f46afb5b8cf85a2ea549b,
d2ceba56919b4a89ba76b9777a0eb100,
9cda88d5840248faa18b3e031ca8cc4e,
13630e70f3b74d9facd5074f73b78e3d,
6682eb4778ec46e985c64fc1804a9c9a,
0f79fb569c8142929e141364c5174f01,
11bd7721ba0b4c1b8e90daa835c0d052,
56171eeefabd4cd6b7dbe3511cad5ede,
5577f14262064e18a05a36adaff713f9,
0a7a234d4f5a48ec8be061c033987716,
a65deb1dc58e47a381492dcb02bbcb48,
af337a4a871f4458b35c4d63c6a19ffd,
62e9f0ca834a48faa1e9f39c0f095514,
29ddf097b93149d593f8acd7c109e53a,
965581d8d3a94f838f553f179dae7a3d,
2b65ed98311d48dfb65e05bf9705a6ea,
9ee5943c30c149b88ca29153838a57be,
2e42ce99f0a84c199dfd069179d8b8e9,
2d5c5090c4924eafbfb85057ac1ed9c6,
c27294f325464e879b12bb55de39b521,
0a5c8f94ff834d698a1d5dcc46f7fe55,
2c44b50e234f409c8a91f9cdd804782f,
a5eb40ded0e94f47997fd0e16c8dcd3a,
0239d9b0dccd4f7f883bff260942f4d6,
0817c58a792a47368af4ee6b15f12c64,
fcf89a8ef467410b90928996d6d3a7bd,
27a832681017441581e3b1e9e6383b6c,84590000.0000
91cc1f0f10a2405ca05d034973089415,
074ba54c89754da48b0a19fb1ac4178a,
193e17ae42b241d489ce1c0c168b53b6,
76790820148b4e30a4b100ab15887390,
0daed43bba68423fb66d42f6b7bac19a,
71a54552c0d14ffeb29fc4307b3916ac,492785000.0000
fc0a7586c5874317ab5b969399de5811,860898000.0000
ca7d9a8f6cf945b996855e6546b41910,
f34d405bb77147f6981b3329d432e1ca,
e0611f2ad0af4fafb9cb7727e93354cc,
170b780b220e45e2b1c62eadbec3ae66,99102000.0000
f3c95b8d706b49ba873b10feea5bc5cb,
98feacd33ba04ff88a599190030e301d,0.0000
d0dc385aab5144afa06387b471118b62,876864000.0000
a290a2e6f9b0451f892a19e1d8b1f81b,861153000.0000
45958ee18e4148ada95f3fbd3d6932ba,876754000.0000
dc3335e722b54b4da53bf761201955d9,163600000.0000
fe66b9de477e432380f0f27872fe16c6,229600000.0000
3ee484f1b2d0408c90ae32cd10c49400,
9a7f5805a3124a3ca5da0b1a22d3beba,
36e772f9a2074039a582cd08d97fcbeb,
71ab2bc0a2e74e828dc71b47b6fa23e2,
00bcf4cde6774859945fc2a66b422068,
2ab982127d0d422f9943b42165c6a082,
e2d2fe08268e4d50a850d77bcc0d9a16,
fcda436314e74922964e7ad4bc160361,
8ef7689337b840c4b6ab1170f6cf2519,
8e3e9a85f15147c78d4833cbb8577327,
a10cc782fab44c77a0c2f3c0da9d3dd0,
55b3dad9a23e4e54a8e285b34dc87af1,
34a0d15530b74de18df77e811c05480e,
6732be6dbb6d46c48fd8bf86512830ea,
fc633858e8554871831d36896f228dac,
3e1b6846db854bf7804328d3593913a8,
63e7db44fd364dea9a40fd2829c862e3,
de3f7a482e334589b459763bee20f463,182000000.0000
6b6c55660f794f21a5dad4839e556467,
833ab4ae43b4486d910daa2fbec7402e,
db23446ff96e4b64b09f61dfe84a2571,
6d9ce8d561d440109c57d59ecfb70971,
e075a000e8ba40289a582c02f8f1246d,
b0d896b32ba84840b8e0ba3f5fbdf8d7,
abe74369f3c845b7a0fdfd0d3aa8608b,
e53f6247f64440a49bd97290edef538b,
91af2b8821c54ef88086d887c501198b,
d7b0bbc0d2ab4ced94b7ea9458fc5ee2,
8981dc1113984bee99d0bba836e4610c,
4dbbcaa90cbb4290b833e37c71a37cb9,
d10060da13834f558b1bd1f29e38c31e,4262000000.0000
cadbea8b01b34abdb7a6510e4629076c,2851000000.0000
f281821b5b404d41a94eb951657b6542,
155a401436e24ff781be9d25f2103de7,
ba18b43efae14d0e9a7dd0a0cefa19ee,72262000.0000
c855791b896a47e8b0a803a61b3bf9ff,
f8133e9861e546feab31644023ad279b,
b0ffc07281664d259d94b1b7a05da33e,
49ee57684eab4445bcb38399fec0e5d5,
39d76293a6934176be6d691c0e6662cd,
7503e5861e74487ba02bf657d5ee413d,
f2ed86768d394c46b1541e25b7d7360e,197000000.0000
f8b0d52cc3124b509eef00053a3af4ad,
f902ff91bb31411697e61c17aee7faec,
534e63e794f240cca4326efc039f60fb,
e6d23dc41f1a43268dc1147ac5118d05,
2697e5d7f5d14715be599dc15c91f657,
3ea449861a5e404693e910dbfccdd079,
d1015a2bd83d4479a09df05051f1a652,
1174c755b50b44a4b2ecd2dca05fb577,
a3118d5a2510479c845ad08c2c1f21ce,
1be7dbb1ca81405f953cbef9a75a60f9,231000000.0000
c95119edbf5741ac8e05edbbcd5405b7,235000000.0000
4d53ae6528ef45a5a5425ccccff09ee1,
412fd8e286c5475284568308b111aa5a,411000000.0000
7f46aa98e57e4da2b66b91792180c3af,
021c70d3757840d3a41de2cda4caf126,
4bd407899c7944eca4e5b02af437c894,
0c094aec969c40169df288c8fb17cf96,
556e2959a1a0410698285130d57c17e8,
287cf415b2bc40a48560e38fb5dad6be,
a9454eae37d54ea891e4c1e15c5775ee,
d3c23b08bd754e9ea8024a83f7d5be88,
94ee03eab6f8437f93da71f6481ecf90,
6dc03ae535634d6d9118faa3532f38a5,
f81d8dc3abe64c33982e58565a7e1ee8,
ae189624648447b2b15a83ec263ad9c6,
69d6ebcab4ba4c8d938b7cd2d272b0f9,
63f0dbe647a948fab22eb6c607913837,
249fe59796bf430c931897f281c3cb87,
0e435056ab864bfa99a65f6e5f0d0ee5,
24d3c70bf5e444d8bde01cc755338ae4,
536ecbdce1f44ff38e3d0a52df3cfccc,
276e9e95b1e74cefb5695b1db4d5c154,2329408000.0000
fc07d2fc9003459d91bab04ba406de89,
aadf318c39a44088b31a8cf30d05a17b,
2080e0b84fbd4ac8924eb6b4c1276de4,
b65882e55249468485e9f3b02ecf8a1c,
729f520950ba40068ab46b24e598ae90,2373017000.0000
d8bd4af695564364bf4d5013be8a7e0c,2365079000.0000
c89dad22979846d8aad5649940725a16,2365470000.0000
93c171e8f61b44ba9a6cae30e09bd8af,
f0af9e815f64478285ac0c38b384857a,
f5accaabae0148e681b61a84239fd898,
f32ad0e4feee48dea3499f5c35e85f9c,2345706000.0000
934ceb82b1b44f9e99300bad22588c27,2340651000.0000
bc6816bed05e41f1b230a1d18f46b29f,2212920000.0000
1bce232e176e4cc18ba2880e25764585,
9908ccbce3a04947982ab7ca712bff03,
b324de12d537463498e08ffbd39838dd,
903c3f776cb3489bbd7657cc7e689230,
e80f62d854704582ab9380da21aa4cfa,
cd99383480ab412ebef159ea6e288bfc,
876723f8c1f54e9eae4a1022e36c61c8,
099e43cc200342c0a792718bbe835051,201000000.0000
e9d10074d2ae4cf9a1e457892d29cef9,362000000.0000
ddeae8780dc54bc292f3146f9c3597f2,
6b69c2f6704e4dfdbc5356f1b7c7ad2c,500000.0000
6b3d1c1d79ef4a8b9c3c32b8ae6f46d5,
f4411350a8e94424bff8137e1f923b12,
af916878c9ba41d6b4e03513b8275da5,
8f534d8a3f974bfc9628202bf5176271,908000000.0000
f688f57dfacb4331b4b98c14a328de7c,854000000.0000
804483788e594af7bd1faf6984ec5127,859000000.0000
2fa68a30b73f479d8bf371047b07eb6e,
02bb3bf5fd424d11b843bf237cdcc507,751000000.0000
c6bf9dafaec341eabcf7f5cf9b91c505,218000000.0000
f1a0ef509e2f4957a02da5cf9a2f1ebc,2175000000.0000
dfe47d130bad4ee9a36540c2d12f731d,
16f442b3b29c43748b4bee280a5a90bf,
9a00462fe3a542169eb593bba53de5f7,
738b215ec8574d3c9e1074b6b4fad305,
0061ca0b3bd14698bf2f8fb9845d2957,
e3a94b37c8ce49aab95a992ed5836b6e,
a1e8917843204261af8ce43598e80eb9,
4843e0ef08a9462797afcde12bbb357a,
48167a65f4e74f218e66712be332cae3,192000000.0000
5382f808624c4f5686fb9ed6727b375c,
515f29352a154c1f9ae9d6a633bfe7bc,
8c07877eeb924548b8513bdce3f86737,
5df7a9147691439caa4492144b61ce2b,72511000.0000
837ff122e4c7483098962f4bb8cf67e1,
d9a9a7f9f74f4ec4ab0ae3c598d02e04,213000000.0000
0c414795d8cf4433a9d97645ca0543f4,216000000.0000
2df262d820da4bd8bfd83079f9f3b03a,182000000.0000
adde998d15da40329cee321060259901,
5f9fd211d2a1484ab8111391173f9b90,
4bad1c02fc2949caa8408b4beb9d3939,
b3234ee06a1244e9b186752cf86ec5e4,
850b8334baf74167a500f7c7b57d63a9,
79f561c0185e4782aeaffd23802599a5,
9d046e1d17fa462eba8caf9a44212d92,
dcdcb434e83f43e38a3ab7aaa2751aea,
9e261fbda7b44c56a795268a3cac1d3b,724000000.0000
3388ecdaf0714747b65e7f25c5dc5fad,703000000.0000
f2bc1e72fa38464987ce382bbcc7ed58,692000000.0000
6d4f797beb2644e1a53535ff69da9ff9,813000000.0000
d0c0de89d5314963bdc6d9a2d8d470db,
205ea74176e949eca20be03d1e396a3b,651000000.0000
1df6a8a2e72746f283a97cb2d9c835d8,680000000.0000
a21efb7bff5a43309517c0503549f843,
eebab09c1836421baafadd77513d41f7,
c5f0c842424149f8b8e34af97ab4d54c,
56f959ca940741429c5ff88dcfda9da8,
3dcc6f3322df49e2b409551e1fa13fd9,184000000.0000
08672409a18740c2833ab031f0063263,
b9d087fab4e74c24b9bc3fbf20124e03,
e49508b00939414a93cfb3824081e62a,
33ff416ae52b43d19074234abf82f584,
9917f85682b34e69813eb7cc709d2432,
db6de454daf742eab60dbe314341f15d,
4b7be70e3fa0440cba441a3fa8fa79cc,
68e629ffbe7644fd90cd96450245a32d,
24ac5c9a850041c782801d221de5a5c3,75482000.0000
74f4ebe174f445bebd38f3c2fd44783e,
4d9205e59db34abda86799e0c242d140,
a3cafe9aeb1242dda64d5b1036c73d95,
475f4c5f476f4ecc9975442d2cc84e90,
738995f0fc1a4a1d8168e5c36471f261,
28ff33a5ef474823ac6822879831c3a1,
dc5f35e06add4e519174b89c708ec3e2,
3518c6f68cc04d9890ebe2edd0e3a997,
6ede952573334205b1280fd620a08d49,
ac2f7a655bbd423b9cc12ff79235ab9f,492242000.0000
aec55b540831437aa3196bba85fc0e09,
40a3aadecd414c3b80080b94304ed0fc,
c803a07bfc684bc2a20c7811ea2c30ee,
6ecd771f22f74c86a43fb5f29ab62858,
f35a78c7f2ba497d9bd9db213d12a4db,
2e9e06973fd742be9150dd2e2f366452,
e35870c456e04951a2e9fb5136065f65,
74116be59b09427982576f35a0f33705,
5eba586ad5c8417b8621a5cba8497bd7,
ac952fe7c78b4cb196ffb60dce4514ec,
d63d3bbc2e594e3597ed72601c119a07,
4c2c23511e1843a88ad587b2b2a37563,
4bbcf9f028f045ad96a18e7274c8219a,
cb436ff0adb741eaad52bb39b1954c92,
064c6aeb6f9d43c2a5305654b2aaff3b,205000000.0000
3fb2acd4ff1942fbb10a47452ab48fd4,
d3e8052d9b16466b87dd20fd5817bfd1,
9cdeded947d1455496e289338dadc2be,
a8c5ef3b2810459aa6320dee9eac12d0,
69452559538347f882317cb4af91808c,
c43081f839b4418ca1b877d40fe6eaed,214000000.0000
0bab389219874edc9df30e79ed6fdd8a,
0ec6944177f049d6ac5ec3b2259583b1,
ce14715851c8454c99e5fae767dc5258,
61217e603ac04646b74465fdf107c6d2,
825635c7f20f437b98ebfb739231a588,
cf3ef8c19ca34eb2bd694e0549f0ffd0,72771000.0000
bd4b1412f7cb4a0f9936558bef37ef26,72355000.0000
bc3254c45aa94349b2884add22fb49e0,
426e9655988d4b049e543b1afaa7db87,
364de8fc61034ec483142503094f33a9,204000000.0000
cfbf5ebca177473aa0ad4582c2b99884,162000000.0000
7aa16ad922694ed39ab357b6634caafd,
02d126e338414f8fb1de289c3bbb6b4a,
f5d10cf1a2d3409bad0167c5df5448a1,
fabf930db0f14bd9a1e66a2a03e69a5b,
42abe2ba5b6e4849be9fab0e2f06f5ed,475079000.0000
bc3d0f79c97640ffa754836a0b6ac690,
0a6eb179e5a64f1a843f17800e610685,
fae579a04cd64b139d56893f4d2050f9,
4eb32c3f4d574cfeb2df62021d8ba853,
719e561fab294bd198719e646a08e71e,
c86991705c5345eaba16c2b8cf698d7e,
f0b7d939b41d40d1b92496e78335a136,
fb18d9bc71c746bcb5938c1968ac573a,
c75b81357e714443b8f680f0be9a3623,
e89cae15a00c4416a5482d5dbe157a1e,
b4236433d7ab4631bba6e52d61409528,
8731071dc40947d597bced13a861c408,
3eef909d741048c3ba6c176f39e8a050,
56661502edce4ef18edce1f22d9f9658,
be58e07633cd4218bb83e5c766b3c854,189000000.0000
b336af60630c4e9e84925c9c0750d094,
0964ebc6c23d4a4fb8b4ae9e01504789,
01dddfaadf274bbfad4fb55207f4543c,
2d7f6eff784649e39aed43679b13f23b,
54106d04041a4935a7e3ccfdc0e72964,
551a2c51f1364d0e8b016ae750ff1929,
ed285293b5c349cdaa5a9cda26475a4b,
e29ac41cbc7a4d74b73ba72123d09efc,
e5645b684d674b6fb3452eff417125a5,
7f98ec1645374bca81c21c9b0739887a,
aba0ab6b9ea84a4b9288c04c4d0e527e,
c858d44d8bc64b03b79f671256720842,
4735efa095fe464f82e70d3bacbf6407,
fb963c48118a4f5d9dbab840e1c687bb,
7173ce9c608148809387e8c2db695313,
f39d295c13b549c7ac0488193886db3f,
2f86ed67c58b42f4a541ca8d99eef1b2,
5eb82e7e2e994aed9e8bedfa77cd4dc6,
a4e9609bffb84d30a32b01e7eed9d050,
c739bfebf46340f19e61c4e774bccd34,
6d9bba6ac6f24e60b3fb09ca59ba42b3,2333669000.0000
809a644646fe4a19ad0a44d628458954,70369000.0000
3f07c0be4f3a4a7dbb6cad9a3ef26074,70714000.0000
c1544a1e2c464687bbc9eb47ce6327ac,
52a635f136444deeafbaa467061f518c,
15627d54a1cd4c25b904ed65f7433f92,
35899b0464c74740b27d745bf4a485ae,
e5b55384a1064c7f9781aae29d339750,
ef6539da6cda45a3b50ce42c42ffae18,
0ef19191f45246f3ab46183303e9c3de,
d1fe34e5fdc3409cbf46737165f46a3b,
743e3a5f22204fda95d16419addb6235,
03fbafa35cb540429af6cde8b7af562f,
670f1f1413ed49319cd37cc000c1f946,
f6eefeb846db4f27a6bc29e4aa5132ee,
f931a6cbf32442f992030bebd7ff5edd,
2134f43a7102453aaaafcbb07bd1c168,
c2913a66c6ef429b9caf2b885b68e526,1166000000.0000
3fdfc0d3c5514c5abce992840a2c381a,
3381a947a7644b09aa1663a1d0802df5,
24d0e629808b47189d6770a73aa0e767,
0a51017fc2884bb2924dd7a635621863,
ccd5c5bf94654cba96ec746b5bd3364d,
60318393c1db4c87a3b644cef6ddca53,1088000000.0000
c6d21a7a812849d5a3f552ef7e706555,
8c71e7d61bcb4c5d975f6748137fab3b,
e591951e60e843688d2ab12747e98c63,
90c70d1e312049efa28edef8caaf8f81,
570e7b62973841f88f497f8be4b42cff,183000000.0000
aaecd75e514f4b7b94c7630bc56fe091,186000000.0000
77d8a7710b4b4265a522accfb1087298,264000000.0000
62493219eaa04277b43200a059e43ba4,1088000000.0000
9b85e8a786eb4a1784072588a4cc1046,10000000.0000
30b6feed8c45426ba78a881c68b3a889,995000000.0000
51f7f0f9312648d39c231ec1742d3f0a,
504b6c38be71464388796f264218c10b,2288499000.0000
07581884944e4b9abd294db791c07770,
8692358e645a4f889c8942bb5ea06088,
ba1cef8b5a354476b327dcc877b9427a,
2cfac81b35aa4c02af6c56bf67c82a44,
3229a9dad1ac439a990f1952e9f69aa2,8000000.0000
65bc78df19c8441aa0ac7653fb7cd276,
3e988b6539f2469b9b0b1590c729bd1b,
2b8cae22c5fc4b61ac0a2aa7fae9f08d,2304814000.0000
26b086c3684540d48ed8afaf43219304,189000000.0000
8438702348e74809baff4ab5bfa3c117,
aa97370fd4414ce181f2a795dee5725b,201224000.0000
02d27225425a49a2998671c0cc45b971,
bbdf2867dbb14d9c99c8f6b1c8b2fb81,
89b8c8016330411f921582aac8db4bc5,192000000.0000
5d5dd8dcc2f4470eb7fefb56e796c0a2,
1c6b53cd641148da986be16161628d14,
62c176776f7c42e98a688f3c75108050,
b99f90ad11b744f18b3732691a93823e,204101000.0000
56cdba53a84c44b2a341b9527483709f,
52d50d1b96044dd2bb50343e2dba063e,
7e7f289f29794d77b71e4576789270ec,200254000.0000
b98c14f561b840b18f57e044c555863a,
ba13550ee9b14ded944cffc753562277,
ca9d0ad282b74a1cb688849d8a5c6ee1,
2b94dd10bd3542f3ae1c6efc1c61ff4f,
4c83332fa31a40bb947829e961b5f88a,1031000000.0000
b01da1b391e04952bbda9eb0b6051be0,
d1b98ee9032a4938b6c09243bdc81c84,
1081098dd7134c6b8b7d01f2f6553118,
2fc530fae941412b855b132da06ee9b8,
9dfe244feab247c9a30df801c815b070,
81e8c3dd243c4081803a9ed2c5724b23,
eb4d1526f2484e51b29ab72002462360,
0c41ada5d28a4a93a05295c5dff5e263,828000000.0000
59757cc3ed844851a7c4c1d83a3dea16,
9f884e30cc0647318bc844b5377cc24e,
a264963315d44a2191f6d6672b401516,
3ec6751a656d4af29f378305b71df681,
0b0b478d30ea48cdbfc816225b69d6db,202000000.0000
edbfd8ff69124525b8a6f269897e4cad,
cf764386cd7e43e58ddeb7ac89dfa643,197000000.0000
32d82a167dca41998d760c1e4a62aa0f,
df6dbabd615a41ae9fa585f87f91677c,
3f201c5860a64e44abb1666666d44ecf,
8dc66bc80ca74bb99090af9669838230,
62e4caacb7aa43678736d2aedf56cb01,
3691385aa1284cdeaf407d1b0a6b4c25,
7c2a50db04dd413da88dc8fbb5c5719d,
9f47119efe5049a9bd76aded1c888382,
659ba4996d434e309ad20ba2ba6d06d0,
2aa3ffe57b8745d5b004c152e10e2532,
6b6ba2a973dc4300852e3416937bd5cf,
5dab10be81034b7088d4dc730bef77db,
39a7c8c9f80c4d959d771717a4cdf08b,
cf64da9941c54008b075d845f3d5649b,
855d48190bd042c2a6652a8855ee10fe,
23f9889afa1f462c8b96707b8fea186f,
9f94a93850174146b10f477efa546af0,
8c925ef6c8bf49e38bebc9689aaebf38,
9e9dc4030c4848a68a2870bf756cb43f,
cc21b110b84e4a2081aa10b904cbcbd3,
9065ac0940674c2bb64a1334af6ca74c,873000000.0000
5f13dc1f7e704220a3f713b2ba9d86c5,
d1ca0bcb782c424e82af8306551bfc24,
772a1e68cbe44c6dbb81703bdd5a0a9d,
62e8cd803bd14511a1f3047d6a0c2155,
f2bc7d4472364a69a918f7375e8ac40f,
425afa0afe694176be8fa8b5f6e3c240,
f459877a44384f549b5e5ab56273edb4,
26d4e91ad57647b1ba3a45111c0ce4bd,
f047c97e161e4aafa184dde932391433,
c8e90ba1026a4071a1f0c2ab3e910be9,
fc660c7f5d394afe9f7be1c6693e7e95,
0419634099d744258270004e4f8dde40,
93791931babc43dba5d96b55c7e49079,
f9837a5a07414886887d153a21519e57,582000000.0000
5cd3a58adc7047d997a9c70349ed8f0d,401000000.0000
20ae4708626742d28d10889732b0ae3d,575000000.0000
b97cb95e0b7a432ba4753da280c7f5fb,
bee35a15d3d94b83a5f3f1add3c9b439,
c9619cdbc5974c95b5bd8d6641997bde,4254000000.0000
7d4c86a9ca264935a00b4ea6cee5b382,
d4f96a84da7c41989ff6ad3b108cbf21,2343529000.0000
c582b8f94a5e46649de851e70048300f,
b4dce239a6fd41f48f4f72b3d13b4226,
a723d2a1e4424260996c7cbbd864c100,
06e4620237564fa59c6449e6ea56d201,
dcbb04af2b3a418c8bc484474e03b07c,
42accd969b004ba9b2fe91bc7dfaddf7,
b2ad0072bd8843eb907c8d50183a915b,
a879c64e86a041ed91536a5c7e6bf929,
55c763e9efea4b9da479d2bf3dfe3e92,
da75205b59694fc48a92a68eeac19f88,
f12ba0cf9f2d442d821d3866d212d4b3,
8c38776e983045f8a381404205e53b25,
1c565814e36f49f9810f05f2293d0e3b,
5f4ba5699c174f199e7bd37d49a9f0b6,
f3f34ded2e9540c583099c1daa3cc595,960000000.0000
7ee4cd6c2f6749d29d1827ddf2323ac0,
2c0ba0191e32420bad20f0dd9e79d798,839000000.0000
fe7ab06e8619401fa52798f41effc099,
e85a67d8a8584acfba603e8a2a2a176f,
be27db3eaebf4d44aee82d12ca447a74,
9e3443e6d8bf474c8665e9f95f68770e,
c46090b21cad4296beff200d916a9fd1,
26fdf7692c6b431f8f4928b4fe40054f,
5f17a927e23c4e8f986ea57088fa90c6,
cec9a9d0b54e44e9878ff89483301ad9,
2c11a16b7f4c4bed8baee9a3d9f308c3,
efb130f470df45d6b278853a9bfa27c6,
4a6816a32d414f92ac72cf2b668e8511,
9c44112e61384b91ba2e2a3263608313,
6a4e6f034a4a47cbb31c400f76070b2c,208000000.0000
b7903c580d36447f9685218e0575782b,4065800000.0000
19db59e625ae4f06a18f26ec82eea860,
baca5422d79544e1874759fd0b3db00c,
69ed4f6c86a549a1a2096954710594b3,
2b7319786c7a4010ac300589b6a810b2,217000000.0000
f30e1946383e47b79d699cace0edcac1,190000000.0000
7571fef781dc4736b72a5b191fc1e3fa,180000000.0000
942db1bd227c409ba122e51e417e18ad,
3c5e9ab19dbd45f59da7785962b9e9f6,
0ba776c8e8964eb8a6fec430be2fd9f2,
c350d6d2821246c28f3f6690f83c9dc8,
160091631bf14bdaad377e4238697b60,
46a436b09d8544e49c89482d9200a34f,
461bc06fa26d4fcca1ef6d9f842f4fb3,
18cd5af121354e3fbe0cf12f2fdca09c,
5bc1b8ebbce54f96b5d0bf206da724a5,2199208000.0000
783d3b14b80d46cd8ce19810583084d0,
d0550943601b46319926747f14700344,8000000.0000
7cc6ec8b101b4cfbbfa9c3babc2b46bf,
8f3049b1445a4f6fbd9670de4987f5cb,190000000.0000
27314e2adcf74b28a390089f1b04a263,14000000.0000
a22c48fa4613405c959bcf981ded6087,9000000.0000
ecb48b4785b94f5c93f37f32485bb4d5,
c78049d861f94e03876b5faa00822712,
9093556b863a40dc9ba2248b695ba02f,
3e7cfbe1c94347ea94a8d90c11585f20,
e57c69c29dfa4fddac679a0d6ae04aa3,
00b364af3aab45f9ba4122259a129f92,
ebb8d456245e4db3b559c40151cb9c5b,
b927d47c84734a5ebe5deffbed8e3d55,
9328a56ce0974d5e936f60522fb9be85,
423037881478484580b4f1c2cf3f07a0,100059000.0000
15a9393dd8a84664af14718d6b8c4d1f,
60e0c22bd18a4371a057924d6d003a98,
283befd075244aadb605f827c9ec3d9b,
a27d5f3289a04097b2bd728ee762bb3d,
901779b94658419786bf50ff243a6de8,
fe1e5f022c574de084956e438a1c106d,3701248000.0000
24c3050ead3142da8f44faa817bf30f4,
5d4bed66e17e486eba8c2c39f1e4d617,
18103b247d254b558525682eda350f42,
9b78862340154d25abb25ff37c1edc4f,
b0ef5bd78a8544858b6616b9ced2c257,
63122de61f5f462da35b073d55daf1f7,307353000.0000
76ddf535dc634bf0bd6c156e48fac297,1431000000.0000
429d454c22f0418c90d4e82679874292,836000000.0000
e43993f3f44849eebdfb44df8f1bd5f8,1030000000.0000
506160b51cba48fa9949b60294b242ab,841000000.0000
5a78162755ec49f794c9526535cd3f89,
75c90178b0ac410498c79a90d9fa92ef,
0a869c474043475da29cf39cde65e6dc,972000000.0000
99fd6ad23df840eda3051fc26744f100,
b948e8fdca6d4c1b9a03e77b4fcdba58,10300000000.0000
ef92aac3601c49f6b3c37500416ae256,
8209b9ec75174543baee76c7839dbc4c,9097000000.0000
791469ee812548ae8cbcd04411c8c7d8,
d2dc388193cf4422bb7ad043909b9d3f,
fe99cc763eec456f974c809506784d30,
52f85fca10484c5992915189a0017098,
c13c3cf71d3b4bec8c99be3e0018a049,
1357335b50444ce8b8ba1d64b2f366d1,
e16b93369d764ff6aaaeee1c1a451580,
abf8543681f740e58a6d95305b4edb47,
b021e30584524ecfb0e5c4416d0991b8,
b82c8f5ec79d4684b5ec7826173567ca,
5b900f3c4add4cbb85f0360cbbda6fa7,
5fdb9cc182724e349992b983f03acaa9,5757000000.0000
349f864a38384e59b20c10c16581cdd5,1854000000.0000
5c771d63b5754463ae2dcb707c73f309,
f9434def5f354ef8be0fcfec50e9c151,
277db7d93fc248799014185037c2c971,
a7d1a88321df4dd5aefce47219196268,5726000000.0000
98c83128ba794f4a9892a09408dd21eb,
8813b888ae964243a1009cf3f3751ef9,10359000000.0000
663a222bfe40423abd929f1bcd1df2ca,
69363abcc78b475bb02259d4349f182b,
e02f07bb72f540e2b730afb6fdddc592,3887700000.0000
a43837f52f454d26a8242eef63ac7f03,1361000000.0000
a1242c4ccaa843a4b86b3cfda360c107,
e12897d0e62744dda542b4a748653f0e,1052000000.0000
0ebe6fb968ac4215a0ca18c85868f58b,
b37fa0e3c73e43c69e6b12ef2235eedd,
e2aa4e3975054972abd3d3a8508d1be2,
9082c4810aa94610b296e19c5d931105,
17bdcff306ff4034b33b6f1927fbcdce,
d25db3f97b5c42d08fb3e3c62019ea4d,
a9e2aca0747042ab89768ae96f7d02c3,
34873fad36404fecbcf3857661a0b167,
79bb76d8ba9a464290dc70b873bcb5b7,
f51bbfa19691421893392a47edeab3a2,
9c055f09eb854e118bce0a3f11b141f9,
4207c5d736d049a0ac51730cef6de6d3,
c01b96c794ad4fc79e5bf72a386a5a5e,
b9b2a0f16e60466583e91c6fe95d4239,
a815aee0165e4346bf2dcba4ed984a1c,
7e9ab3af4a6f46a5b85887366f9dc7e7,
47387d4b16464212bbf0f19b1b6450a4,5656000000.0000
1be8a72409c8443bba1c3996557b79cb,
e69146f6bd804550b5b562a837906f37,
b25fb7f6a6d74a989f5378b81537b274,
75345860664546c1bb6ec79c821e6dfc,
7794d95cc0ce47deabef6d436bcf0ef0,
5fe56585924d4308bb13fee3f088a7de,
0e3ce0797e52416ab861f8aaa922b371,
f49a305f116e464a98d38e2c7cee039c,
35e37fdc8e6f4ce486aef46850410efe,
c14084b3ea004dc89b8b4181c54be870,
4f42b27d620c4497b44ecd9c78534518,
d1dea0ccef3a430d998bc8dd3c10e7c3,
0d22e186f6dc4280b39d119ac06c315c,
cbc128dc3e2743d78f847d5dadafeaa1,2939000000.0000
08a5b11bb7c947cfb8baf78a008caa2e,
ec97b31897714bef9e42ec891443a140,
7fe41dc861f7427e81c4bd8e15dac469,344000000.0000
c1aad6019edb43098ff9b395b512dc2e,1730000000.0000
ade0c69b90344279a7cdb58db27a1b68,1941000000.0000
95a9407fa1b0487899b5b76999e91354,1349000000.0000
66de921d94a143f09f626117b7d375a0,4135338000.0000
86036b25b91b4e91a6b81e7040b1d2f0,
e088d2d09a4c4e35b25bb8ce62a25ad9,1941000000.0000
e631589bcc7042798a7211896a645be7,2026000000.0000
a6765bfa865643be813433bbb9443916,
41204100ec7f40f8bbcdc471a5ae9b7e,
733168d91234443ebe3e95db54e92deb,
8cf0941d34284823bc06ada2a1bb8fc3,
62b39acfcfb54e75928535745078343b,
b638388adbed45e398644d29dcae008c,
845911e8dbe04a2ebaa2121bcc22c0d9,
ab37a1ca81c34c919f273f72732e5912,
7270d5a37ed34516b463fd37bce407ec,
8eace42dfc494f6581f0119b00f9e985,
81acb6eeb8cc4b5dbea4c83fe76aad63,2198057000.0000
8104da324e9b48e8a06091f07360757e,
e322b971e5ab4731a15414ee4f388aff,
aacc1a8c16af4d73bbee717c5244ab58,3627578000.0000
b612507d27b44dae8fd691e7ba8c5f86,9000000.0000
83d596392ddf4199849bb8881237476b,
b4bcc062eb394c6a8e03f9cf731a999e,3056000000.0000
19d72c17a9b34e0fadc7a4e94b326108,
d5b591de28724edd940e8252d9763f16,477000000.0000
ed5ac13c5d4c4a7fa991bca0149a6dd1,
65e2fc6138194ebbb593d2699cfd0fd2,
66d9288794224db4a33b1b34d44fef51,
538ca308a5aa4deba3e8d87e229682d3,
0da0828edc23402684fb94a8e7a6d32a,
5b5226b10b664367bbe86310ac87079d,
06c0717962f54b708173d884b77d4b3c,
723ecb7e9b3e451ab2bf0844b910fe23,
60ea1838aa93487ea6ee919ed45dec4c,
5060241a920744d1994f782d5da5ef42,
c814b1cf8546493baef9e4c7bf1152d0,
0a6eeb0d72b5452687a735d85c666ec7,
dd2f6aaae6834f28bc722e7f39ef01f9,
192b53a8d3e8419689b17d51c77c7279,1065000000.0000
a9a45fc3ac5d481e8952fb0215eb1c77,
274f2d8d77044db1b996d1b08a81f364,
5265631c777b42718d1b9aa9f2221cf0,329700000.0000
e94470fbccfd4348b600267caa92dc2d,389300000.0000
3443e281d82341ceace2893c10dc1d6a,441700000.0000
6dd6205f6c784b38b9ef032435fbcad1,1616000000.0000
b24a4fb75d194763b5d296e7b3dd4a6e,
46dc1136bbc047e0a5d7076b833fdf3c,720000000.0000
58cc0cf75a5f45db8cacca55a54598fe,
56369c8629914497863b3e1701c9385c,
667fef204e694ba390667ccd5bbfae1f,1744000000.0000
9d30121fbf7148478428286877f8230e,
5bd52b677353419090d4580d4b8210c9,
dbbbbf4998444937a7aaa35db6b9aa89,
c9cf5b1139754e8196af4fec5a561c7d,4254000000.0000
64d2b09ea0db4d989ab1c31daebb7803,
ef4dda4869824c0a84969e1ccf0f9a32,
599799986d8e499eae838dc07a551fe0,260069000.0000
4e56d7c03dd745919f621cd978f6f79c,600000.0000
bbdcbef3659a47fc94e4d4d47900e6a5,
532d9f665d8a415d9bca0298b80c527f,
4dc0859aa5f64790afa8393e5c6c0604,
6114e6a7bd7e4fbd9f20a706a046eb79,
5e58eb10274643cbbf20a971f2abdc1c,
f599efbf97cd49b1a46a1996f09dd24e,
c8ec8660f0dd4167bad7582b7a0db5ea,
677a1d893e254e3f9845168197e77b83,
8b1443a76d60455781d7aa51e8766bcd,
cdb119d316054da882013cccb271f9e6,
ec4f40c63ab3481bb000fe6887809ce5,
b7ef8da40a0e4e698a43fa87f90007f7,
7d2d13dc64a04da0853014ebc6704292,
67526a4725da47bb9242a4f18153d85b,
484ee2e6330242fcb052da6d6fc4871b,
90cfd49686404a67b8bd8af5b265974e,720000000.0000
9a4f53ee0cce4b30a3b318a4e612cf9b,0.0000
a4a7c35d8af942329df9b63623851e07,1616000000.0000
7d845f065abd40e6b1edcb752fef20d6,740000000.0000
deedd9d5a95747898217e32d9de57a74,485917000.0000
6a9727f50ebd4ede8d92a8e83fa9e2e4,
0f350dac70134ff0a36c31ccd2fa7a86,
0dfc462d49f64fe790386a14a77ff1cd,
a8c283334bf7445c8b0b48ef83bebccd,
6cab6d6136c746c298d61063a3858d9d,
88af1c44963549ce94919fc7f5f63476,
ce99377212d1497097440eb6875bc985,528813000.0000
2d785797a9bc4561911113ae8966275e,79742000.0000
414cfbb4cdd64fcd96e563fb43eea2bf,
2f70eb7dcd9d4ac5a540611d0baf7b27,
ddbe3b5b69694938a4f1190b80ec70b2,
db410bcb80d44934adfd7519e1d44c6b,
85af365f3aa0476995660dcee75392af,
5de0b5612e5b42cfb6f2924d3f4a051a,
8e3a57ffa7ea49459d373493f1e99f6f,
c96483b218c44c4682dc1d1a0c211686,
c595a792ca0e4f9d86f407406956350f,
8ca42eaba6a04e4f8e12d57bd651f47d,
3782c109abca4f839059b7f2c36f8595,
a49d7c4d76e446239e706773edb744e8,
37c10aaac56244aabf9f72f29cda5a00,
9082d400ae1344c485367e0965610250,
4ac6302b4c394e2b94a182259b934e89,
23cb1ff993cc4a83a64a2eb2b7110931,
b599e02e079747b198602367b89d55df,
3d81ec50a9644774864867866446e017,
77a4e60e7ecc4612bf6be0dd3f787eb9,2230900000.0000
f39e419f8b784917afcdadccccb929fe,700000000.0000
0615441516744f5faff5537a9f85be2d,197662000.0000
e1afb4c9271c409fbacc8e3dcffc1925,205646000.0000
a6c24f49b1a4421993b5e935d95468ba,98074000.0000
6d37f1bc46014a329aad5235e223ab8b,2307284000.0000
2ed178c7933e4ddd900ac70c60756273,
f402fb20f4e4479c841c786050b88287,
488655fe2cd2412a8b2f26aafd859078,1100000.0000
c8bcf54c77b34a7b9d9113714c184d9a,
6934b2b5e4f6402598b9ec16d98bbe6a,475175000.0000
f79f08b00cae48afb1afc0d4c586147e,699000000.0000
f2d40ddee59745b9826a611b6ad76a58,651000000.0000
b400d7294f994dfab04961bf1928266b,4402000000.0000
984e822281ab4ea792ed6b4e21794829,618000000.0000
e2d5efa6fa4e40f7bc6d6d4418d85c96,
b1527844a5144f2ea73c741e73e2ada3,
910c3b5740ad440f950ee2c8cd26122a,
bd1d02fe8ea04d088f7a0177039289ef,356000000.0000
0ccab54c12034c4bbfd13bc93d7b2cc0,367000000.0000
65881e0457c04099933b86cccd2f6a98,2524815000.0000
3d2647971e1f46c98457e46ad7176887,
dc7eb268bddf4edf8aeea66ccdb56510,
6586b17f21ad4d7db832643241e3008f,
34516f9d4e304d8ebb88b9da78c9f80a,
5df3c2b2bf674cc88ddb8333abc42db9,
cc4244b8680f478494c622db100bc804,323000000.0000
a1cc81c5ebed4f208f85ebde42db92b7,
fc2f62620b4d47a59e682d4ceb3b99b9,325000000.0000
41bcc3e06a3d489586e107590fc173d2,
cdc809fea5554ecbbbf2dbc41ffff79c,
933439575bd84f5d8e6d369f1cf521e4,
378496dd4d1143b2864f667a8986f914,
9d32f7524d674c098ac7ad0616385c89,834000000.0000
f8006ca3df3c4f9ebab2f0458b92ef92,
31280d21a66a4b58a067decb5e25fcb4,
17ead01e50d84e58bfb82bb21fd354f1,
b99435c1687c4bc68b83e9639b0e85d2,
a58cb7dca991405f83f44d2f5ec011de,
f78e86fd62c24b369d905c4195973a25,
c02d74b8ca304950b054828bff763146,
f4edacf4dfe54051887b238c541de6f1,4124000000.0000
5b6f9e8f5767464a92cc823d37889812,
a9b76bf8829c419b9f88f472857a6d6d,
682746c334c64c92b2737ea7266559b6,
91d697ef5d6c4270b9d767de141cde56,
0b97e9535e7947748c5dbaa2b92e6bac,
f52343134c00406cbc94fd4d3c41ac70,
a1abef26a81645febc70bf6d2af7415e,
a33ec6443f844dc691680c5237521723,
e9deb47d506143cea67a162b22348025,798000000.0000
bbd00c0be8a1407fa23a4aa651235b23,798000000.0000
33e656ec6e6945ee92de286b658ef825,768000000.0000
55363ae8da894fd7b3f29a2b3f9cb60f,768000000.0000
acb733b37d2245689e3f859fe5e443dc,
637791379e404f008c33234bf5ee1c71,
871f2662b5614f2a8f6faefd9752b153,637000000.0000
73388b2d51ae4bbbbd4ace3ca2dfe0e5,
d3147cb2213f495993969d073a3e5e94,672000000.0000
540465dabb2c4315b686316bfc29494f,
62121efc2d1b4f709f886cd72b2dd8f5,
877a3d317e57408cbd44cc3deae6684b,
92fb8e067f2b4a6b878756afd749da09,1123000000.0000
bf9b0f0f8ece4a4fac5ee121ba42d03e,
d197851184b4460987efa1f46d04e4d1,
6f5116e6b49b4936949ebfc0aabf3430,
de795d0cdd24460ba95530586fe3e1ff,
d2715bc253c049cd92078f1e941673e4,
eec869e52c1440479db4a1fa03ae2a9c,17000000.0000
58fe931dc98b4eca945131c1d774a5bb,
131ec3dc58f344d1a85a8f0e9ffa94f4,
e014501e6e9c446785aa38dabebfb0f6,
e71db31c192a41aa990291df8994817d,
b00e298ac0b24bdda8fa3fda18b72605,
7fd4c0d108b74e2c83584e0c5ce6a2ea,
7bc78c55d1674b17a66fba405e669b8f,
2b2251a1e1ec44bb8e9374b968a6ea08,
52347afc0b85424a9c3d06f685db3d7c,
0c68ada35ba946febd0bef68ca347bb5,
b2a8649d546e40b197889e08f3677a1a,
6a71386e4c3044318b16c267ffe3ef0a,
262a2964669d4f28a7f0bf6bacf6ee34,
8287f741083e4c2ca4397fddcd607fef,
43d6061e4ea54beaaed5ffd4076bd496,
7486d4b2b428411db283aa5242e248bd,
2a57c1dd3a304dac818f82f0c6f904f8,
bf5ff405b9424ada8fcc4a5e626f0280,
17690ddad116432997efe9e20ec61be4,
67c7a42ad78c4ee78ca213f70d469e80,
08dad11404c14b64a01158635bfd3450,1288352000.0000
a2e90d8184d7403c9bc5b1906b5ab5e6,
3adceceb9cd34595b6e9f6078969ebe8,75965000.0000
6f546f53c40c4addb86ac4675e2beac0,
9c78060175e24c9b9991be8331308d1b,
f8ce796b45e744f3915dcfc541a7fa99,
a134940fe4b741008b043454cd0b3433,
c71acdc31f904b45a9f7749af06108ff,
1c3086d69e5440f49a61096aab701d97,
68ba3f14e0924b03a15607afe01b7733,
4995d62926664cb9ac0c3294005c9fe4,
61e6587bea35413b89db765e140f139a,
fce4a95e1e1947c1aa48cdb6c86ffe47,
a146787258ea4d32bad537137153c7d4,
74b3b94b1f474c25b626e1c72c2e7077,
d4badd5a25a24b2eb755e69112cb8e8b,
d5afceecf0b64c618da2275bd2f2895b,
246d03f75d134b948f90943a91a481a1,
5ac2e719c06c45b98f64b2565e72ad5e,
23199b2e298946e08c7bf66112691737,
7284dd7cd87f41aa9f50d583da0b8406,
0c488b1b2ba14fff81ecdf5a2bc56f7b,
1e100c5f79394387b2f27921dc662625,
91a75a080c3e4b988a1e2394857b34c9,
1590e8c9c4694896b48683415278c74b,
5c6de7a5476b41e59143f55f7105e6a2,
cefca63e705f41ea86472e650de7f051,
9230c1bf7f88426d8ab16a9dd1af2743,
7148ab839ce34a20bb4f0a8fbbd84e49,
c5f042431a5241c88f4971b6551ce8b2,
8d7e6ba89ae641f3959dcb0502395d24,
fee0b73f17c5481e9a15d92aa29cde07,
81f62008a7ae4a01bda64b8612664030,
9351d16695aa4f72bc9c8a18bd4ed15e,
8c516d28db944b2e936f801d5a1ae808,521994000.0000
27fe8a2b85c0418ebcbba87d07573366,
a4442d95c71b4f8d80e91674af68f75f,
16b4ece8cd7c406f93e2ace6d7c54a21,
8ca4541e022646089f7503e2ef1e0573,
a08613021f594880bd90ec41c903fea0,
e60cdd90df1a4c15bfc8c62d96732c4f,
84a498cfa9264e88b3a4d5fd9743c242,
c8ef60f8d35c42e1879c7a71ff6903b3,
c2c1b67543494a02b69627f2d151b972,
0beb4bc5ea5741f09b82103fbd8cbec6,
00963a665f8244efb611bd8a5868b5eb,
bd425fd770094012bc497350a1b61b5d,
f52942018e574d008bb40693fa3eada0,
e5ff2f317f1346909e56a27103010b52,
3df1c244f4dd4bc8a9627b7eacb6e694,79138000.0000
e0b847248b7d46c3a2d76d7296472837,528538000.0000
0737527ab15c422e9a563b6083bbc124,
0c5ce7d9b4ca48db9aab4cad06d426f9,
81eb231ae9d14a589f4374ec587dbf59,
fe3c3a2893ff44dbbd2e992709546149,
422855b9a40443a98e4282df65b09576,
087fbe5a78024d26b874410b716fd339,541963000.0000
a9ee780177e341378cf15de228f74fc8,
738290d768194ce2908835e02e274222,
6ec5df9d550b44adac67d61773c1ce5e,1625414000.0000
88b3c3bb928240e78058ecfb8bac716a,
8c0ff56ad94d4ed880074680ab1c4746,
803aaa3c569140659b2292e23af70088,
74ca0f3f1104478697283e896440f7e0,
764647d0c6ce40c987514244def3ad18,
ec139576ccfb4b98a2a4cf42818c435d,12539630000.0000
99a974cdafeb49c69aef1a6e7815e935,
4c058e28390e457bb81dfb8333bc5600,
421568e08292483784d98b8a3436dd78,
88113cee9fcc4b679d2932c014b0889d,1622074000.0000
607c174f23a7487cbd1407d86d6a7cf2,
cbe7854957f94d828df61a9d15f5f538,
99f922cc9de9481db25130b570a50548,
4cd838fc16ec48ceb00fe9fc9d4c6fe8,4334000000.0000
3240590bb4da48fca772741b9842623f,
276fbb6ec4c348cbbef23d61a03e2560,2235000000.0000
bfbc410cade146ac8c380c19421cd834,
09fa3821b81a4e2aab6b604f3dd6f938,
c443606101c4479c892685d7dbb51209,
2130f79d563746b08b42f10f40f0cce3,
9ec80e2ffad9429d82b6a03cfcefa396,
6f415ae9a64d4a858a174e21b4a4b36a,
68dbe39674934ddea8660ee8a8ac3666,
69c6734e09b14b6bb5ea473c73e2a779,
762e2d0bc06c4e2692110a1699aaa9b4,
acf780058e1d452c9480a243de99f8fa,
7ff753b635d64a368e7738cefb5b785a,
4d04630b5a3c4f318ddbaf66215985a9,
0d3aea0c629045efad7575712fc69c8d,
4bbce6c8eb494e1986259a019bb2c5c3,1023000000.0000
c1c7b50d0e3f45f08da0a78789ef52a2,
09d8ff0534c048c5bbaf72cc64b48cc6,
3e06489bd57e4fa09f541fd419f046c7,1051000000.0000
556a178395a74a40b706d82c472556f1,729000000.0000
1d5ed0ad8dac41628d456b404e0cf09a,
18c8ba25632248ce9984b3696359526c,
c6e7d6f938064d0dbf60a2230a5b9af0,
721638086adc466c9c96a7219a952440,947000000.0000
185b6aa3ae674ff9ba1ce781c597b682,
dba774b6ab0c41e7ab3eb2c24078d8cd,
53be2a6bbbec4d328c5f88aea748b425,268000000.0000
5a4b6fd5ad0b40e686d0c43b1b8c6bb2,985000000.0000
bae012ca8bdb41c8b14a833b7164e2fd,
1f0863b2b9e044a4ad45d908c326ac52,
ca2a3d542c284d578522c1c5c90946db,
e0c448e171624f3286a310d5aef1d6c6,984000000.0000
398d13f06b95403c91d2badbd84ef316,983000000.0000
4732a29bc3f7424bb67c66af5157fb85,334000000.0000
8d0d1c93a3164802940f0fad0ede8a99,339000000.0000
011fac6b2f7e4542aed904e1dc48d1a1,
e753b7ea15dc49d8b7f3f69a3ee68b76,
9e67b4a0951a41b585d777c7edc881f6,
6550e515ce6640aba474281ba2fcc914,690000000.0000
936a94d5386b4d71a5db364815e0a67a,
e43ba5f0cad84e588c1d1e1812bfa8dd,735000000.0000
1b5d8db76f2d4191bf90b7450f0a00ee,
03b5fac43fc5478ba8dda64f6d03b3e2,
86007f5599c04cef8c0c1a50ca79abd3,
c6ba7853074a4c0da504070d747bc507,
41fce93251cc4f988112b8b082caa30c,
4cbb5f4563d3448aacc0ba2eec0bec18,
0e8bfab310904a9fb5fe6a8a999094af,
4b87655e52f14f729c9c002697aa8f31,
ad4361054d6641f49eefbaf3af04d41f,
20857f4071a441918a0d7b3f1935c318,
d2f84c54252740179ffa98c64fb8906e,
6bb5bb7252944f1595f30accc1738f04,
f9e0c496c0d84123a59341f359cf4f2f,
b7ed3dc0bf7240e39b97174d465781b7,
6b55a4e5237548df924c368fc194556d,
9799d22da42c4ccf897611d330ceb56c,
89371762a43847c1ac9f88ace0896fde,
f4652a2705d440b6b5d71e4cd39f759a,
b644091ece2449198e81c12fa8f2d431,
dd09883f023944a4a79a3eafee80e3d2,
2e64d1426219495c9e1dedaea253b2d0,
cb5430f0fbf947a5b796cff35e224a09,
89b9fcf32b5545f4823049b13d162f33,
dc1fc5d7f5de4319ae85a31dec647195,
fa653eeac8084da6a0e1a9ccbbf58c11,
5a85aa7781194354a575e148a13d5e12,
0033d6de21ae45b7b10bcbde0128422c,102000000.0000
6dec2c8a345040d1b8d87d35e366b34c,
c8c2058c87d8496286c330cf94028ad0,
cc534d8cf859474892874eaacbad5878,
845a89e5a7df40f0b2e9ea2e4669446b,
cf2d939e6a374e5d89bff342e54545bd,1706724000.0000
485bf87b71164e5fa5dd757b9433ce97,1579666000.0000
25498d8440e04850941f9c542ac3c5b9,
246ce5cb7c3d431db8895222f7beb390,
3b092fc933f24391916548aa3301aa82,
2db6620de5744656b81cb41652458eb3,
a99529b3a3914253ba8e13f8e560576a,
0e8f8e184fba46d1952509a41dd82068,
e2cd5b5f009d4c41ba6a793daf86f225,
93483c585201444b8120578e39592d9b,
50fb3862479d4a5ab16c00e8d69b2c2d,
2fbfab9b81014662b65c28415cc7c31d,
62cf1b778e0e449cbdb1804b68350533,
eb0b53ebf6a141438af6d26566064099,
d588159ab60b464e97c7573f968283a9,
3e275a70f851406baa1035f508f709ea,
95c147e49b404537b2577ef3ab692748,
6c6779b7472e4684897c80d7abd1ef35,
02e810d71fd54b6bab6cdcef1edc8302,360158000.0000
28750447e3774c51991756535c73bb0c,
49b252040b154beebc9d9a63b44c3c9f,
c7ab9e590e3a423bb2b1d7a8b1dcb3dc,
29e43a33def947188736a8d20c2768d5,
2a649f03580347e4a79f98ba9720c19f,1780102000.0000
784ce7b416ed43fe97b7331586c2dbd8,328510000.0000
66a9b12f49684fb2b5315426f2c3d3a1,373056000.0000
70e1c700eb7143a19102eed99ccc058d,
f8403c6b16194e0a85755990d4141f3e,
ccadf2a958f849ee81ad7ae5c815b0c8,
32373518a8d1495eba4ebe3d257ec765,
998d896779984f818ff79839d4f61cb5,
68d38e6374a34eeb9f93d0500c672c59,
018989cbd9f443dfa161a3758990b47d,
30736836b9504b4fa2db2624b8839a04,
23a56a6428e74adb8d124d1cb9ba9bb0,
a5f38bf70b344afb963e407ff6408c3b,
40748a4e66b24db986a90142b3f10a7c,
d0ae295a63c843129a7a7e2728683f6c,
76d809151a57408aa061720f08ac3d72,
5f64854e5776450a8dffa7c269a0cbc2,
995c02c898394a068eb70a4808d7d677,
09d5d24c094a49b5aab3bda314bf5b98,2353000000.0000
dd7004dd02994238b747250afb804afb,
d90a262628ff4cb5b7ca768d7da87f08,
183d3ea48b3c48508139b76be3950217,
02667990f7b14722a0122de53a49d54e,
6f74e6efb45940f2aed331a96ba5749d,
5028547d12014fa2830cdb896e3f0b87,
cf179ecf7f904cb68f754e4d9bd528be,
c6f9a9f9ed13428ca3a366d2e1ad51fa,
e8eb05a991f446548e8b424d1cf6630b,0.0000
310b2673a3e04d289b6b32e26f2521e6,
632aff3c9dfc494c848dd29749a7ef61,
a577cc3ea4dc4e7eace64d09aa6a35aa,
6a09932ecd7f4caa93f6258c0d61b4ef,
bd2d2d5b028c4477ad363ff239878f86,
a35fd278c57741f6a7ce101d39f89b20,1979228000.0000
977217dfb7774966a050c1a7a2361e90,2237202000.0000
58b3846366de42f09d29d118a7159748,
22e19ce816fb415391ee2318d17dab27,
46ab78c5214a4691b0a36c59fdbd4f21,
b58c69b4b23248699e7bf78828d5ceb8,
5f16e04c56e04282b57adafb3912c86f,
5ab1ad9e52fb4eeebb322fb250ec9b9a,
270df509571b4e11b91dacda509bac33,
ff6b3cf1bad249498a7290a3459dc026,
79dcfe901c894818a77e7e1af9d02061,
3e981db8d79948998294347248d0ac23,229020000.0000
e7deda5e992145e2861308b8d9f1105d,
ee25723dc0814b92a7c6c3bbc2fe6921,
d332dcee90d7474580c9c0a43ac4fa53,
fc404222abbe45a0b3cc70551432945c,
f268afecaf3840ee9217ab1013857ccd,
14e1a77d752949e7ba2782d785646921,
dd0a5016039d4de69b982de124338b53,2834096000.0000
beb7068683384fe9b3574c4de5ac7190,
477722de99884d4d9f00872c5883701c,
c101e7bf13f54eb4ada4b79d9d390fa4,
ba013e158add4e85b96296e21ba7638c,
0bff9659488b40fa9b48948526c123fb,
d6a25d5c14e64124a66c96db9cdc37c7,
26e61662182240fb9df7eb5208ca17b2,
27997da2ae6b4b9a84728a72847b65e3,
5f6e9bdbe5094a64a632baeb3359bd1f,
276d8910339f4efc9ee3ef891956fa13,
ac7184e8c990496a91fe47ee28642e9f,31534729000.0000
8d6be2bde2b546d2a6a2a48d95d57f17,
5fca80c7b83643169341e08e987a54fa,33664541000.0000
3e44199543b74281a39ee8501c683b2e,36338403000.0000
88a5767ea5754a82b70dff9792097377,21845974000.0000
67438ed5ad4545678f7185f38db0fc0d,
430d73dd78124e358035e9b5a83e790b,878791000.0000
7fc3941fd85f40ffb4351bdb60e8b66f,
78088fd7a0ce4d6385c8361ac5cd07ba,
22698465f51441749db05218e573b83b,890870000.0000
7f02497d5cb84e25a0c78a4ac45cf59f,
9be1d8168ec64e5baf45bcf7a067b81c,890870000.0000
008fd68820e747b08f030c309fc569ff,
76ec99d526f342f4a7ee8d24053921de,
fa6f067603e9460690370d22ed8c5101,
1135eacc94bb41ad8352f5f8a5579c2d,
4d3f397d1e22414abebde6922a018de2,
7189361ac0924bebbca581e1531a8770,
8943fcfb04e54752acc7219b34c4c0ff,
5e162af8d2864e7bad15c9a63a3ff33e,3241023000.0000
b35f552f09be4d4e889200ddcdfbcbf2,3701248000.0000
86a52a3d5398430f8362b3a84372b1fd,
b6a6471f28334c89b27be5c7c4f359cc,
c9829bd375ba47349f1f6b89b6201c95,0.0000
e0aefa70eb434818827b3e201dced500,0.0000
5f39bd605b0d4175a2a24194a5bed2e8,
b4a879401660478b935adaba45770d86,
34aea68257fc4c708c884c76f82633d2,
9bd0397397204c7eb3aa5b9f3464b57f,
cece14f9810743a68b6e07d9ecb3ebb4,
4615ac61ae5d49f5b7e949805f59f793,0.0000
23f93f3efb4a47c3a54bc3ff7c3813de,195361000.0000
7b03423da3e24553a1951688b4f2be47,
49c5c833f21e4cc2a03b17a2f651f5c1,
bf0b59e07fe44104a170e56781c87c2b,
46e33bb846ba490fbdcda916bba70358,
ffb58b1f255c41319731a4312526268a,
e5f2aaea89aa402089bd2a37bed8cf6f,
9e79fb45db3e4e19a5452d4ab8e3bd3f,
9d1169fac0234df58b44d88acc79f07e,
dfee8088e9a24f288971cc7fd16f5cad,
c97ab358f38d4fe09295632dc6e52363,
99543222561148f9bc11f98cc569b0ac,
02b30d8919bd434d84ed54023b77eca7,
9c10d340a0ef4f738829a12c08d3f878,
84c7e93403da4166b39e067b85b53cec,
444b82d2b51845a7aef300036c65194d,
2b6dd72a543e4ab6bff98f30d27f0e9f,
8ed82d95bb6f437e8024d9ad2f0a6e78,
a46dfffeafe84ed992707ced7ed48752,
7528255bd3fb4d22a91a55d625ff7102,
93b7f34cbef34cbaaf1ee30d2d2cf7ba,
4ff57b31a93542d3917d3f9e3866157a,3767500000.0000
a4879b9ac5eb4d5a82fb5a4bd50a5ac6,
8dace794705f43dbb65a091384fcaa83,
12f62c8ac8b04ffc9412bfed640208b6,
3958f7cd8f94444da0f65802aac1123c,
9f83d70a92164846a1deea79454913c4,0.0000
d80c8df809554c1289b3b2407258eb7a,
e37b7cbca5e54b22ab47ab57c8791c04,
2fcef6bf478745fbb3e963724ee0adfb,
ee66e638801d49889935afcea0bad5c6,
8844627e5bc44b08ada9534e295ea4bf,
4d21429028e44c85b487cd5f87a6a193,
34a25867be3c4cf0b978376b55dfdb72,
a3df1cea9bdd4807b434a36ade030e8d,
435745d536284eab9f6b4f405e26eacb,
d94e985217b9409689988801b1562a14,
bd964e4476c64d63b4434803f2c36c74,
dcf1a0c7f703427392aef92e81942b39,244943000.0000
1af59cbf9e3a4c9ab193ddd0fc6b925b,
e14f5f60fc3d4697817558b8c92dafef,
5fec732a66c04d70a978af56023dd548,
9fa725e6c7cd4db6aeba8a63b9f39f7f,
5c506f4e0f1a4569916ef90ed39c9695,740000000.0000
3954b62bbc03424da4de9aa90fc68b02,
9c18eafbe9a049ad8d63a2cdcfe5c84f,
ff4dbd857d39413f8954bf53ff0b012a,3466000000.0000
70df1416c1ad48da90ac7023a033755c,
7843d085c7c1474394511726c14e0b60,
af29ac137988435f9ddf36871f0a6719,
c35258638a144075beafaf86dfd0fe17,
d0ee23d679374b848ea5c11368602687,
c1a53bc33642434bbb13c97ccc4a36f3,
0c7c3162c2f846d1a7dbadc046c8397d,
44cdc1ab6b734e53a43fd91af20f1aff,
888ca35e7e12426f87347795b89a60d9,
3dbcf8175144443cad0df1c22e0d3eed,
fde7daa7b5f9423a881fc0e0ecd33b82,
9ebbf26f1cae4290ba8536b5af06f027,
3287e4e97e0746a88795d73d5a48c309,
2a577fc3acf349828d50090bf1a4db48,
80976f979993466d87babdf8c332c223,
45c65d6f379c4c9b963503fcf23ddbdf,
261407e000de4109ba25f681d0d1bca0,
e6b4da4244cc401da57c8d5d5aad9efe,
bbd7c59061b04cc59c5b7224c8eefe3b,
6dcac8ad115045b99f797d9b2f4dd4c0,
ae534f333c7d42e98adbd41ad91e2266,
c25831a174f8445ba1cb12df98af8e5b,
0eba792fb8d446d4807dd9333c8247ef,6567500000.0000
378cc5eba2cf4cd8ba3b1f78c37b58f4,3657000000.0000
991b4b9ce1194004baef53069ae968ed,
39230b3a1b704205a55e0ecd32da6e34,
697bcd96605841b7b98ea0cc0cfc0417,
1d8568682cbb4925aef763bbefd526b1,
1aa1cdb08d2940c7a776f7dc1e6b6bcd,
288073ffa20d417d8b9653731f792a05,
a251b3a1a4cc437f980ad6dc73847efc,0.0000
3691bf7b1f2e40faa2e8ca15dc2a5e5f,
f20b1e4cd2a044dfb4c2a3765b0b1ea6,5874000000.0000
67f9b206bf5448348a89283d4dcd49dd,
83d2d7de91aa4fbb8db39bb597f6585d,
436c6ae58998468a92a32f5ec59453d3,
f8ccb1893505482da84db63149259449,4135338000.0000
8d4cf89135ff4215b8ad50ee8cb46196,3757911000.0000
c21e18247b0e4b61991afa9011dd8dfe,
4f4bb8a70d97498a94df7d4fce2e2acd,4035000000.0000
818e903bf0b24b3198d697b649c41642,4561000000.0000
fc29205c87954b84a9bd969e1235b56b,
cd2ad5191c0747debdfe277d940d1d4f,
4644622673c24746ae1209cb0da81ac2,
6e86859cd4844d1cb3d26e8d53927abc,
4b92a487c4be4a058c9fcb44d779b7ff,2291000000.0000
965d669f474a47e0a333e947d213cd60,4334000000.0000
26e34723fa094104b4fdaa79a68f81f4,
22939ce8a95a47d48412d5abda168a4a,
161f56db9b1b43498e59a08e0a4ff3c1,
a1f367fd4de348c9bd010d0ca894318b,
d1fb704d0f8f4953b601537671ce2e30,
b67da0a159af4195b9c015219b331dc5,
fd4ee1a78dec42c8b8f6069c29514eb0,
eb116d2a923b4c03b79f3a7a9650b706,
1308348ba2ce42c09cee8d47437a2afd,
6e46fa5e51754925a32dfd4ae5fd163f,
8381b6d6b697471d9569094f7bb4a830,2939000000.0000
88bf0a0e859f4595b9170cba01b13d85,
46ab515eb3f745a3a34e801807187d0f,219000000.0000
eb9ac60d1ae1483f8efb72e6bbad021f,
522f2054ba254c888c1098a6bdf5df4b,
2c5a68d7c752436189d24dc6eefb13f0,
740f3689a424411a91a781c05bea0eb3,2851000000.0000
cf80cf1ed53848d492f32418c3cb6e2f,
20530be6a0254335879373eea2c5da4c,
2f126ab5bf69499caecb667cc35c5ee1,
719c4d569b124c5f8928222e6871faab,
320c71f3d97249d58efa9b10797938ba,
75885a3a49564d20bef247026d99889b,
7cd87aae435c4378b815f7e7ca2292a5,
6a2e9d49860f4292a3ff677377956ff0,
4c104e0311ca49ca8474cf0b6221cde4,275500000.0000
4c6cc9139e654949a523525828339666,191346000.0000
5b40561732c74f4bb3d56c06b22ec610,
da057b4063bb41c28b6a520c8c0f5fae,
3259d2cd758249daa8429b728046eaf9,
0fe2ef4d845d4515b0a7d61abeedba26,322100000.0000
6d51caad1b03428297a6c03135c623d9,
ffcb76e3198f4c78935519101bc64db8,
aa9eaa6c713148e68e3698e5189d309e,
6313b7f9113441b68bd3c0f0538b9303,
248ff67ced3f42af907b88c177fd5d29,
fd3a660470fe4619aa459806af5fe753,
3b6217ba7dce4f1fa48e470d6eabd409,
f2908245f63c47bd8dd4e0f1578ad609,
c0585c355afe41669e591def44eb29d6,
cacbdbc5eabf493a93d035ef5069673a,
37c8459727ac415a86a5df5f012dbcec,
e2a1deab89cc464682e175347bff1f95,
4ff087446557440c966c39c32ae2d839,
b05ce98b6e4b4617833a744d87e70871,
58f623b922fa45f58261117b3208abb9,
9e7da05d224e48a28f97205290f311ae,
44514928a1de4ca19fafa20bfb2b3fed,
6446c8875dc24f178337868a8bbbdb72,
0c2d2d3c72ae45e9bdeb4023f2917d60,
f47196d5d55c44129241aa3b93060215,
700864d3db734073b8b8331317e3b96a,
24d1252115d2464789e32807e327bce8,
068e15aeb9194a82a04a3952173faac4,
b2b995acaa164e26b7139c8a7450798d,
7c3e9a7568e7414a8831e497cf641269,
d18135fbc94d4dc3b96a753072517992,
b8172ff10f174151b8038f9ebd5e7f16,
8412916d08344d47b6a379f8c5e9279d,
97ce4cba8d9747998a5790b8e9fe4214,
1ac300ff9de949c699ea72f16da79dd1,
da8edf9382504c8da61d95d091b0d1e9,
0ebc51c8121c49ac9b0022e258616ca4,311000000.0000
726356b730444899a4674d4be6d3e27a,
93eb6c8b3739426d97d7ce046d84a834,
dca450e9267a4447a9b3c8880d96ee2c,
b9d15360daa34ad6b4350df5f7bff8d5,
8bd1c602b2014b41b0df7cf21949709d,
ba2da258dfde4878a6d6990646f54d4d,
0d133516cd6f43068bfcfd19b137406a,
7245aee882a04b4c831c8726153d7e49,
af21da3a320a4b9aaed7632daebe93e2,
eb82c6bd4cd8495a93d3157741d1f415,
277a1d75bf2f48f4a07a40755a8c1b67,
82891ca8284b401682942285db58c8f7,
c60c88dee1c64c98a1255c6237d72bef,
d64f3ec64b3e4d1b829020d216fc1127,
c301b0f26c0a4f85b74af562b0bc66fb,
85f093dc62c0440c8c05859a1f697d64,
a7ecedf4573643c3a55fa87a2e08b410,
b3e8a8700ca74b76931c5a76a4dcacd9,
a5ad723b4e9d40419f6e85c6c2a91f4c,
ec6b6f6690974e5d89e442fe54dad7d4,
e7b944d150ff4bf4b5ca8889b07049ca,
fe6e34d0b571486890faef86fe66146d,
a9c6be5d9c304f7485e57aab8ff7a110,
a17d61fb3b7d4f0e97e7e0594274384f,
3b0d05692b1d4ecaa8ccd26bc27c1231,
287d8299c13e4cf88edab91c20d2553b,
c1d259be50a34c50aea31229e3019551,
6ac8ae6ba40343f8989f35c074eee649,
3be0b94f4f54475cb0913f3cb07d185c,
d20a268acf6843d484d4fec3f578066b,
05f1d49bd94a4456ad0cd9f34da84bb8,
857ca24a9ce54140afd54e9d693ffbf5,
34b83f24c38545fcaf114a8e0cde09b9,3074583000.0000
b5d1f80576cb478cae1f66408d8aa28b,
294ba2fa405f4c1291d3f1628e367c54,4326703000.0000
6bdb9e9a58f74451a9286349c8386620,
45eec39cb4b1440cb152732dea2d4edd,251200000.0000
5fdd0f3136304105b7eb6129cbba77cf,
9f68c341e6eb48a3862599d6fde24cc3,
faba77893a8d4c58a0efa591a719ae4e,
c237863751624d3c9b8c2dee87bd9f4b,
5ba84d01fb124502832f108d159c6d88,2000000.0000
e0a04b08aaa748f0b8f263bbdf36f868,
f8b1229471014feb8f397c6fbe9b2b4c,2000000.0000
5db6fd510d60475686a5796a1613feb3,
64554795b3cd459eb80d1b14d9b03527,
d738ca23948443e7b37eec8848d8c922,
23eab9a7a73740dca68fb070d7229cb7,
b065a098cf5e4b949a04ad524fe64196,
63e86e890484474883045b40e64b64ae,
c35d31acc4684f4398b182a5a533788b,
436648c5672b4924a6a05911700aba9e,
0b702b56d56542b29394520016d4496e,
54ae7ca8aa364e7a909ddce9030801ca,223600000.0000
78a029f25c2d47d69e8841b5bfc871b2,247000000.0000
bec94ee1e61f418cbe88730e81acbf60,
a6e79e3bc3d24c779b680ce6b3287422,
6a994f715f2245619d46ea59bf9d3b1b,
3f3db5f7bc7b4c70bf821256b3ecf06b,355000000.0000
dc741345c1eb4dc485dc7e6a40537684,
4a12290b30f84e9bb6ef6fe77a3ee436,0.0000
dc23fbc751fa48029730c61378dc048e,
3becbc60e1a3481cb29fa732b4366545,399100000.0000
fd4f155d44654c998715c352d610cd07,
3e527a09069f46ce8a95b14b2a2e872f,
17287e770f43439c8a5eaf3899323c77,216775000.0000
4a0410dca01c46b8b53973e5fcebce50,
98b8394763414f5ebdcb7477ffe72925,
7983019fcdfd4ca0bdc50473bc637912,
34b0ff00e724422dbdae08cb557ac216,
f8e8e1a82d984486b8bd027b2724d7af,201952000.0000
32e962d853214700b22ce4e2de18a9c0,450100000.0000
9c11690e063f4f6c827d2e392a9e668e,
a43b54284a16424c88ee6ff0bc492056,
58edf8c95447474f9ac7e0985cd56ce1,
7faffa8eb79a4271aad3d74d5ed94cf4,
56f8ea87cb4142f29930ea5893fe3953,
89d2eeab2d0541c5933d07ebe8757996,184659000.0000
43f903f75924402dabbeff1dfd204207,
b0b6e91ccfbb4667bf01d8fb81129eef,
19d935968cfe4031b468a602052fc518,
26abd4fcf4364431b2f23ac4345026e9,
e69fd736a0ab40048c4f49751f8b0498,
9d65ca759aeb45a4adeb1d0ec997459e,
f7339fb313cf4668bc732cc509521513,
86adce92dbee4877ab3d2ea9264a7cce,
07ccda245a5f4924986d05a7cbd450a5,
05fcd8b6a1eb44b8ac4977c8880f8a7a,
b126614485ca41ce8e053eb0f3a739b5,
ff2491f25a03445088829e6cf06bae24,182567000.0000
c04ec6273a014688a97f53e9d6e791b5,185884000.0000
ace6369ddd9845eeb6313c69102b20d9,
26376f4c13b54df783ff46f3ce366219,
5e7024bc6a0946c69da5bfd6d45953f5,
1c01cd6a712d4e958bbcec821195d7c8,
af154ae3d35b412d96f817cb4a36a1e7,
9fe0495d3b4e42c8a38568e41de3f98e,
20b1833bccca4d30b97246c9a5d1a056,
740fe84131c441199f0473f9d5456ad9,
95d509f0ed714d3f88278f3aa858349a,
1ee4c6196ddd45dd85e44e27f28475ee,
ea2bae7fb0e1417daf7bee7d3410604a,
5bf1427d957f4ead8866cebfba81e6bc,
38df51daa1f8493e8233d8719cf61096,
cbf16f90c51b4f90a9e2b3d9ac63d4ae,
44f1d526cfe5486bbe1d5a124e65df2b,
722bbdb2ff544959aac345f4d5f5884b,
ef1950ef8bc642cd9520dd34383f21f7,
2882386a10b44fa18fe298afbd5e1041,
edf22fb7ed2e4359a35fd62f28764faf,
f224581ab817470c8ed016d68d2273d4,
3dbc723df68e48abbb650c33e2509d09,
5fde5e09e692402ab14abcb94574164f,6401500000.0000
4dbc7380afbc4d4b9961ad88ac7842af,
1b4fcb3f84a144d682065a7afc027159,
7ee279e5ed084c329db5af1037489690,
8ef4653abdbf47c7b009d55544912272,183303000.0000
c2a4dc9235804a1191491ebdbd38c5ba,
8a404819be1644fa96326f5f49008f5d,
f141cf14e80d45d9a2bcda51c598ea3d,
850c27773f2649cc850041076e01cbbb,
1c7f303b897b4d54888aa1d1027b07c9,
f42b262265614edb84d31697106d7646,
0174d06421d44f38b4e9b9eabb208bef,
b9d2b678efc14773a73c93132884a7af,
63b34f6fff49437bb31fa329e6f3dc0a,
0a5686f7a08444f692fc4b282c02b05a,
b2a050d76a65481ca9022e31abb0b6de,
5470e245210a49c09485f1b4786297a7,
98b59495758f49278003622b3f414968,
0aef9494c0ce420cb15c30406dc618a0,
e39fe9eb599149c290b0d62482642425,
a144d013a05b43659b607f2b81abf5c2,
ec35fb73ef3e4d66ab2eceb97f0271fd,
ffc025cbcb0d4884b88de40a46d8251d,
a2dd7b45a81b4c7790f4054095c8bbd5,
0f491d4bd69349de8594994653db38a7,
92ac8b7e60d0458e8970f262450e3828,
957a384f5f1648dc9d7f7cc27fc714c1,
b1bc646f85134ed0a652ed21ef260d19,
6b1dc73a20e14ea0b738c61759ab9409,
65cd8299015a4f8f8fba4b6875f5be0c,
675b8f0ab7fb4172b98729fd2dc9eb60,
7c31c71f0c54458383943efd4413b917,
a63daa253d8b4bd5993a4c38851ecfdd,
da4d069ac98e4a5cb14e0022254324cf,
ad12298a290540b6abbdeb1549792a1a,
0f6166b6df3c427ab655c0023fa2c7eb,
ccacea1fd2fd4948a889f074cb3c91af,
b6bf57646386473faeb41fb912b1c6b0,3917186000.0000
96ad41f220a046a289766b19cde58676,
1383789f0ce246dbb944c563b6901306,
8ea00492f3a94e53b9ca46b1f270fc80,
a3a0c2c560814b06a386424f24dfc86a,
ce7568961bbd491997a571aee44469ee,
0b0231a48c05412e9e188f64b4a9dc32,
2f6bca1c3925431fa7608dbeae802399,
e3348bb5bb7d4232b231b1a0b6b3fffd,
f79bb80d556d417186b7dbe501a74f95,
8659f8ec74054c2e971fe0685cfca7ed,
a081d9fa2f844bdc825b30a687e9b521,
8c55ce026e684c85ac178e25cbfa9024,
e53b465661594b2f8c712e0a43987d69,
9d8ecf21adcd45f98635ce6b9ae2e1be,4033313000.0000
bc236a7e89004a2091005f385e20abfd,725000000.0000
621ca208a0c245f8a9f542e1fcf043c3,
52ff8bdc1aa441d3bd96b9a77688254d,652000000.0000
811ac2b6021c46a5946a6cae80a9ae2b,
cb3815ee58a24b80947907ec34a405e2,
39a9e5ef15c04e899c857c4890a726b4,
8b4415ce637f4d139e3bd9790c637ea1,
a7bc3429b6de40a2904924116add9a5b,
1fc01e372f0149278079fcb9587982d5,
ac5b18126eb1463eab6a5b89ec0893a8,
3cdaedf743bf44fb8696681005119b93,
136a442e6a5e4b35bca868dc0b259795,
0d9d2da9107f4a348dc6aadd2904d2fe,
fe230c5d5fd94c46bcaf374264aa73ce,
fa15f2424733429c8fe165871d3a90f6,
db3ca44298894b3eb8a49ec3745c13de,
142a5fc55b89438387d99b28c188bdd8,
7b549cdc7e714709b1ca101a3179efd8,
250e695c2f194de693488b83e4acd79c,77921000.0000
1034f6a0eae74e05b756a6cbaacf214f,
8ba6e8523b6148728aab19ac25dd0b5e,
5e64be69bf554f8eb294ab0bead781f9,
7d9c3924d6c7459dbadec0bf13022f8c,
d54d38e1c28747489705eb8f0b720fa3,
51d956ce8e11419488234231f20b1ee2,
796babb4277e46be9ca628f228753365,
26a9ee39810a4197a16e1f58a4486146,
df43c19df5334d74977e4e4fb29e9469,
8bdf0517ee7249c48a1ba3e3daffa1f1,
ed5a24bd02294921b39c5b52fa653509,
8bcdb2e9098b49f0895ba79c50312b5b,
8516e61446a4468cb68e77de1207c59c,
4658e3ec628149b69878c65517b74420,
ffdf8586e66945e4ba06271c1b7da447,2325000000.0000
d9beb4735e5e4042bf39c6173410a226,
e228ff8dbad8400ba5bbd5629bdf964f,
a9df6746e3064d56adbb672a8a57a1b7,
2447dcd3a1144b499ee2bd4e0ab18933,
13e470acc9394bcc95cfa3da24e988ed,
b1438859fea94793ac1cf1d5a0f32be7,
ab4364281a4041efa81f12208de32ca7,
33f241e43f6244a09a6662017439c70e,
b2cf73d439554568a7f52a96f3ed026b,
70056e858bff4395b1d0bb884f990a92,
c410b120acfe4f6db22850f6fa5bcc92,
a5719483adae41a2aea052d814a9a8e0,
e18720feda90401c9bfe33019382f9ec,
32f418f460924003a81fdd09f5c1056b,
72909bbfd12548e8b0cf3b4b2973b40b,
7d8a092e4bf94354be2949a7a9bcad6d,
86a2f3b27d0041308ee38a6445374a87,
8eb80dc732bf4ae68a10eb249771dc1d,
5d399296b6634f24a689e65bb92df002,
ca3cd2d90bf14f619d2f178ce43a51f9,
f08e1b22e2984538aab82bdb4a8f928e,
b2ab3669c5174ca3a1c9e8209a64678f,
27b614b947104c9db6e26265bd68c908,
e6e14bdcb8d945f18c7d35e147fd37a2,4355000000.0000
dcf7260e713442f8bc8b585135c1f66d,
346ba81c918748598b540c24587ea8d3,
81b683ba22d94957a35cc791f46d391d,
bdd73cce21644e1caf58204d8256bf8f,36747947000.0000
bced6e50ccf944ed952d16b3b7750e1b,
6d112a557c3748b8a47adef807f274ec,
c8eb8bf7da1341649a6464a04099c980,
1faf1f70fb1e47b69dab59e5f175831f,
3bdf8189a38248fb86b81f3188f336d7,
c46665f262e04a13b16a462c28241557,
ecaa3df4909b4b239d53b0c139fd20de,
a7fbd56dc4994785bd40a0b0a1f57d27,
b1f457011f0a4950a039918ee9caeb75,
152bfa62155a481982e3816dc9cb4eb9,
3586326d33f64fa6825bd60a472bced1,
07ff633777e64aad88f9e6822765bba8,
30090b375d084cfeaef67b7435446978,
36b0d4eaa8eb4227baddd33e47e07a35,
749f43ffb298403fa0001832adb23c04,
b1303043717145a5a77fb7980015eeba,6766100000.0000
53cd5af9fdeb47fd8df31979169b506d,
f0dbb8e04be445949e2909c53feffe1e,
1fd5871430194ab5a3de30f906372a52,
7893912e2ed3454aaabeba0ac7a319f4,
585629b4d3d04783b997e93c8d09e719,
877c09ca477d45648333e087d57b61e7,
78af6f2178c94e41873b77fd9d75874e,
27e7e20d9aae4c20bb00713c2132bea7,
0a95c414d355420d96fda1d48a2319f8,
b17b860c1d4c4b9d9a7a49127ca616f2,
8bc69e7f92094c1281f309174528d0bd,
c9553f74c37043f1823b93c31228b393,
6b1d409368b24a8fb1be6d5160918716,
e493b3f39a2e4e79b10afe283e8b26d4,
387d0d2232554194a80ec96c3f2e1b8f,
a4bde8168500486a81ed1c1ff1a6ce0a,
5d7a52e44b7549fa810bbd768a898f2b,6813200000.0000
7bff753957be4a08816ba000b7238b38,
024939093cfc43f9ac32039bcc7e8f88,
fab09cd5864448d18c5f4d63d34b6827,
fdec80e18e17445888bfab6ea6b272db,
a167242ce8a149189eb61cfe4450cad3,
c967af2b7fe247aeb3bc25b7fcff4d2d,
9394fbc208154a2a968c85e1375a999f,
ba873c6c048f4059b4703ee5a584ced0,
dfdd0d0582ae486e8fd0ecfeabe17129,
85b3c4ec34884c459ae4ee0ce7062466,
6ffbd2873baf4ee69b65f562af7233d6,
6941ea7c95bd4b40966c9431a718c235,
49d183792d574ffc84b44631215ef0fd,
aef7d497663f4495af3135bcadda0501,
af71146c776448ffb4260ec82e0ab0a5,
8cb393a5a4a34de2a84574724ab7123d,
2de9b4d0aa4047128b1e1007971be1b5,
2f0ac66af6c545e1a29d507153311388,
441fb8a7934342179f66dcded14ac728,
e49b6d2ef9b4426796e94c6801776590,
5be799e016044e3a8130d821e7e6ad91,
2cf3470edb254771937f6de0c2a40d63,
7fb40b978570478480431e89cf0ef415,
d705feb682d24289b3c45c661b3cec76,
7458524b2d1848d3a74a97dc31f26aa5,
f5c4a979dc554113945876e509fc4ba7,
a5abb69c34404854b211e81342178765,
f2b486d940e84d5e833ada55301da19b,
acca9e1bf2f54c0a98138dfc23acfd93,
12859ac9362042edba1e0fa5c654cd9b,
14a2b36f8d714ccea50debf59aab0070,
0cf946d32d314178a973fc69d608ec5c,
7888b6affa4f4905b57cc1cbcda9611e,
02eec30369b449c7b007a068cd4d53d0,
1ec745643e5e4451a619b310394f66bb,
2cdae771958d4837b090f3d1806d7e1a,
db6f7787e43e42d482777e8ed9420ee7,
84c4ae02a6ff4ee9b6f05baa76df8aed,8117000000.0000
b221aaed09eb42ada74d921bd73e5aa4,9227000000.0000
59df1dbf05984301a3fc3e8b342876d1,
902505f4a4d241ba97695a78bff2d571,
42fdaa5b1dc04d0ab55e7d50a99022c5,
2d19c9b054c64b34a94f94078969e491,
de01968c05da4ed9b86fb293cbf7ff1c,
4d2cc182be1f4ec18c3dcc702627e709,
07f7b028bd7f4b23b3e4391ce20be4de,
667bfaa98d4b4623bd466bf0c9a0f7e2,4489447000.0000
92c0b7e044b741e79838cac0bf0a702c,
9eb7f1b820444565adcb3221760f4011,
92ec0017d53f492e853d0feabb23a0a4,
949faa2a8f4c430b9127571a12bd6add,
bd1039bfc20e49db8a198a5c473c8259,
556d07d9397e40ca85319d74aa233b28,
6ac8bedbff0449d7804619d1eb4a852e,
0e4e51e618694f9e920b95111c41953a,
97eaa878d2a3419f87d5605b230715af,
5c6fe610cbc94b34999fb93048ca9cfd,
f3c3891077834234a8f50419eabf4748,
0c0bff2c5afe42c8a5f2a1e3d77d8170,
9983a3f0d8b045b3874406aa2d1881a5,
a59e7a9208a5410195a9671ca340e143,
154cf71e56b044988c1f3f9e89948e1f,4525299000.0000
089f66c07aeb4511856f8eeb6a5c7adc,10493000000.0000
e830998fc20a423181dd31388716ebf0,
38dc70279cd840d8a21a666c5de96e09,
893b709e06c04d10be01e925651ad648,
553beb81a4a3441d8d98015b9a460222,470313000.0000
1097d3db778b41128c2b6a6dbaefff13,
f02fff787d3946a4b088ac10f0f91a79,
f8b9fbec341e41729d72adc7875b1a82,
9efaf5b7e1294fb2891563e75b01becf,
2e64b5e8cba541f6ba569c4751b4ec0c,
3d6573f171eb4b369bab301b3e25b23c,
c75f8a340f8d4adeafc64b901b8b0690,
3a1ff1d7259549e59e34415da4f1f6fe,
46ce350e5073415fa2ee13bb10863b3d,
748804f97d85432591061449d5bc9827,
fce9f35b7494479d913df107c3d0be80,
7662813846cb481795675d8dc1ba62ae,
be0145d858524a1aa6f010875247a0d0,
29524b85a8dc459190a7bcf5648624b5,
9357e203ec3345bda9d519a7ce5efed8,
267e7756104f4ab189cfbd2e5d384841,
c8714a2f89b0435a8c384f42d2e19341,
2a83fa2ae97141ad8c4764a5f4c630d4,
ee7a502bbb424c11b49979cbddba0a6f,
60cdb267fbb540b3b3fe725123f595f2,
678a80b3449e4535a20362d27d581a05,
52f3daf486bb4ee98baf6dce5d5ca9cf,
715af39c70824655bbf86961502f204d,
e470b4f2f55a4b9685d9a93ad4e673ea,
808268bcbc1540aa9f28e868a168f2b0,
979fffcbad454993afbdb1e239bf79e3,
8a184d4e80c94c7ab5a28a5cfdf5c384,
42d097d437d645e388826618a14d3c46,
839f79ca6702432597006566a9511937,
351623d797654398bcaee091d83cfa5a,
f76567819a5343b6a38f38af37748768,
b658a5fb6fed4eca84e9c2caefde1dfe,
cb84d4ef91be466ba1afef999bfc1a98,
b89c8a40069a4434857db50d5f5d0e48,
4c1fedaeccbf444fb1fa149a12cdc869,
b27834efe01c4f328e789fb0aa822202,
36ac8243283345ad9fa7ca93854af090,
1ee6687f7a574f6780e9d1e87db56452,
c762256141804aee8e1368c403bcd815,
313ef6b880b840f7b6971b10502460a4,
0c5bf773b8a24b8b99e3e76be916a5bc,
4011681ecffb450f9cf23eb6519d5308,
5081be4e4f444f768e527203712c2bb8,
36169cb584d54820a8cad9b54fdae072,
3e78cbb6a58f4014b2d6175cd4a125d5,
9e5fc9a7b48d4407b89865a0c0405f13,
b4f47c48d7af4ae6b24b57f7cac6b579,
ce3683b50af7451781b7c78837fc6ad0,
25eb10f9223b4cef9846e218823cbffc,
252a63625313496390195752db89858b,
b7677121684c47e29afa00b712c51b1f,
560fe71596194446ba3ed83da0f7cb02,
2d3199cb39e645c5af3ecadfe80ea816,
9c0bbd9b1b9e44f399fbf896286f7e2b,
4e027566b64a4c65b8e4bad625d1006a,
38181fb293fa4cf89314c4e4c58ccd52,
ea279d1ae4304a0dbdfa4f42b9c6b1d4,500000.0000
6b8bab9f4b1b44918a1e520fdcef88c0,
5b16a1d24697477eb8ed5e91cf9c45a2,82546000.0000
ef9fd6154b054cee9676d313a03a2025,
c514320a26554c648b2e7e00babef32c,433543000.0000
39d08c68a9b643eaa32ca47e4eda57d4,
42f48aa1620049f0ba4f619bfaaccfbd,
e1e63d400dfd4231b8fcd7cb3994aac3,
3fc1d0561dec4c15b6520f0b4cc3c667,
60b70af5148445adb85f43452f210aa6,
82a3cb4502054c9cbea283d89d0db953,
4574f7ffa05645d2928651aa276d9e8a,
be7d4f1751e04e52bac5f0e1a3053dd1,
7589bdd7e611424e89615f12d13d3805,
eae0953ed7404eacb00bfe2713601338,
fad796909041406882e585c321484fc6,
a5044236e8194eaf8e2453a2ad6bd7be,
b117b4719bbe43ba824f1a500706a4dd,
720a5f03f99843b485ca7976f4722b90,
4d93f074592e472e8df49faa72985ab7,
ab6bfa6191bf4028a8832acbc880149f,
df3304e476574cb2976ad050bb892f89,
758d313cdeb247948a3fa12050de3eb2,
5133f73290074c1cb03747a8bfed9e48,
486574faabd04b978a8159ef7beffd4b,
55b09e8d55574786b550dbf3f77a648d,
ba372da54ee744619e412bea95c3454c,1166000000.0000
41759cbbbb8a497181bd40c1c0a4c802,
739ba4444b2d40fe8887480abf2713a7,
6f2ae6a7dcaa47578ca574e45135c6d3,
08406d4b5bf64590ad9264294340b0c2,
0dcf35ed00e14608afb6d06680405187,
b3c9e220b4a348ad9d382378ca85dd6f,
74de8443b48741e4a625eaa6961d8334,
91e1388626244863a5ebcdd46d147e52,48000000.0000
123949413ef4492a88f2b78a7835511d,
6f31222aa37140f9b928ff4c435e137e,
0b9eae65be114681a584ff6d7de02ce0,
dd10adf1fe18444d944784f308991f11,481000000.0000
4fc44c52f9f74d4cbb96493864e4ee3f,
973bf4fb0b45489db9c695568cebdac5,
bd7d7f86c7bf4fc2942adbb402c71d52,49000000.0000
73267930fee94933949ae1e71d4ebf65,
a5c4874fefaa491da1bd86df9e1f8ada,
52c5db93c45d46dfb8643ecc7a5149e0,
1f6b05ba06ea45d4b23eb2ce4e6e3ed9,
b896d1a448de4565a8495a6ba15e1784,
6ab9b00e05044c5cbd01a045e183bb9e,
ac28387905684ce68ae4d55bdd0d3e00,
6d610bcee9e84adabf5ec54b00f9137b,
ce26bb321dee45f6b4f4598f4387b768,
fd5444bc9839420bb65f73748dd15b9d,49000000.0000
5dab046ecd574dd3bc69e358cfe280c3,4402000000.0000
e3c09dc46ed0414da70089e10a89ae39,
2eb7afb6936946ac98f6201c44854e6a,
45340721b39f4839ab76cdbffd8f9083,
a53ff13c145143d6ac42efbfedf2b88d,
376462468e024985811f9175f3431ee2,
70b74198b7e141fb9e3f047b5d3eeb42,
1bd74d6243a14bbe924d97d3be638224,
d0b7f602a82f462bbccb7c218f7f8e26,
d538b761ef4147358e7a4c7439cdf697,
d8f9b152edc04b2eb81cefc42e9bd474,
b80e097b0b8249a98e52fd409056b9f3,
a7e42baa46854605bb62b70b1a397d22,
dbf88d62ef694c369297cb405cfe2f98,
87f0854fc9b94ac6b30663da1aec2485,0.0000
31b500ed5aef47c29a98ccb88f86ebca,
b1e8acfd75ff4ecf8620302ff76f2db9,
db943f64ed654c07ba22fefb8afd8dae,
c65b2b05705745e4aa7ef0c171cb2ef7,
d39bb149a417422cb32d97b9262eeddf,
623fa949d2154a70ae190c77809f4561,
2c66c6e5b7bc432a9a2a7a9ac1218212,
d771652cfac3468facd8f4e9dbd6f11b,
742088e3c0284531ac6930f0c0d8ca2b,
88695d19cfee45b7aabc20e1d9374ecb,
d2f4389b66d44dae8d1196fa629b0568,
d517d5da956d429dbd8346dec10c709d,
28eb217ce10646568c2a63880ee53c2b,
af6efef9b36e4e4fa149e2f3c200b84c,
bfdc17dc92104123947a01bdabb0316a,
e2346756d9a949759209ecb8030c756d,
88bebe273a484f9fa299a62eb2500fbd,
1d2900cac3934c058f91578471f9ce9a,
1360aaa66c694edab1c9a0fd1604ed06,
f199479284644a1180f06a81f1d2617e,
b907af1d1edb479592e0e9ebdeccf8a9,
0f86553422b34c889199852096ccb7b4,
572c09c8c83c4433b31d6fd3f200115d,
c9b1d725237e4ad3bf5fb4b39ea41e1a,
0e4b79c0cb3548b69fd14bf35eec451f,
f13063e3eaa1483bb69b8b50aaa9007c,
fe87e002c3fd46c6b70b53f83ecd6c33,
7ed1a669957446d29212ad1ec45a0621,113990000.0000
2050bd4d56c04d3eae7e1763dfebb93c,54000000.0000
a161ac34f42d442a8c1ad661df1122f1,
62403c07b1314018bb611350249e7668,4420314000.0000
6ce43175b0f641f48d979d532e4c8e6b,71071000.0000
1c817967a4bb4a9e8e31f3d8e3a06654,70587000.0000
b359fc836cd94af8a44116b41707e764,
386bc178cec14f1f84decef56793f945,
be6ab690975644c0893caf414390d4b6,
7e746ccc629c407a8441df6c311c903f,
0dde2faed5bd4509bef29556b78b75a7,
0e440d57343842a6ac667518f818535f,
456ec0686fe04c388f34447e3a6e5367,
3b0ae3fc7d2b4e748ebce51310ab5615,
854997ba46a64a339095fde57ca890bf,70380000.0000
b759d4f6da664b7a99fc083c14bd99c1,3627578000.0000
a96219af775445f8864371b61f8b6f54,
1fa026a55acf4226a5e5bc10a309c6f4,
dbb067ded2034f1085f018bac45911d3,
fe854407a73845eb849b41a92661cb28,0.0000
6735f200c9e94ebbaa2c81cd2a403684,1000000.0000
032c68ffd179426288df20a3e313a769,51000000.0000
47aa316c50fb47559823e9674831cd43,
23a708ac386d49ee80ac734ed34ce1be,
ef5be4e4b58746d4b18faa01fefa177d,
6d0781c0124345989aab5e6ff4b01fee,0.0000
ab546165079048659f6243fac81f36da,
3559642206544577835f6273b72b6a08,
b33359938efd42a2a03af9ef8249e741,57000000.0000
4e4c8b4ddfc14687ad72d9fecf060af4,1000000.0000
0d2cea4609594dbfb4cdf3558f9e867b,
b4fd01724de947f8b1e39b01784d4caf,
9de9a5b213d74de5bae1cdda0ee7e6e5,
cdb7b9d176ae42588331c586a4baa07d,
271d910d6f7a4275b4ca85a85fa71622,
26cabe53b31c4cd78c5d92af50997157,175000000.0000
e4e19128795c402ca10e9a093fca8634,
60a827eda749409fa88fd114770d7b86,281000000.0000
5f0033183e374b3a866d0cf877ced8a4,
8af6ca863ca045c699f4eddb52212a70,
07607db6a7324ca9a4fd8aff5d329553,
7cd75e8e607945dcb2afc79da53757ad,
357f76002106476eacd97396d1f6ad22,
bd0ca85bf6a749e6ba3c36e540f14cc3,
ad2376bfed1445f295af0703324d2280,464864000.0000
39f788c3e5bd4184a42524f455fb3c99,
338a56477d594f6a9c94afcfa9e82661,61000000.0000
cc14db9ec00244e7b3a3e323478fdd39,
8febdf9edfaf4aac8aed1876a05c9962,
67d9cd55448543a5ade0cd72cc76c049,
28372e32739f44ceb454958567e7de1b,
49c7bc7885dc42d98a9ed0cfa1d757e4,
b734cd17b5d44c519a65eb8ffa277794,441430000.0000
611429d1b71743a7bf0eac3c018a9380,
ab6aa6e2318d46379bfbbaeecb4c5509,
3f2019c519574fed99f4b1009afc0368,
318fdc83a27d444dad9a868e29b94643,
9f7b7430032d405781cd6ceffccb1543,
5f69bc9e3b4a4e13a93ebbae21b13253,
c805b7a7058b415da68e566ee6634488,
fc422f2cf39045afba7b24899e0ef88d,
96329b33a4934e4daca8d030d3f7c098,
560c01fc95b145b9a8dc97d0f50bde66,
929043c323b0477fada766fa607fbb75,56000000.0000
22d44bcac41d49f4a2c5ee26ab778fcb,
b8a7e76c0b894009a3e7419494e0da21,
6f85cc781e584f9594a4196700ce66cf,
c73681a8723f4fbc945856a05264b728,
8f1923ee4b0e4b5ba5ef68fa3d88656a,
5582559916d543f8bcdb3e3f88c8da75,
a0034336443a41d0a05ffe865af59cbf,0.0000
605958bc1e7d41b8933d93109b0992d4,
536f67320582487bb5ff445b44d2b652,
78993928587b420a8c2186da7a634bfb,
8481c72cf3d64882b066dfc55b24dadd,
03f1067a9baa4b2ea9e3942ff1ee8c3e,
815ef5e4bed540a3896cf6eef6783e82,
d87b467a28cf469e9882a357af1c347e,1156000000.0000
2d899c2831014100a741af42ddc7a5bc,61000000.0000
6899034384dc44c3ae7377bc7698afeb,
0a5625c6638c4f96a9090971694db0ea,222200000.0000
fde7b723fef7424aa27b19263296cb6b,
a78e7d76ab3d49519990afb2efc72b2e,
bfd0440a397243d3a0d796f0cb52d664,
ed5a091179114a849a6d88e40ab9ff44,
963e79d28878452eb766b542ff6b589c,
2fda1dbc15f9460b80adc4b7eabc1284,
c3ce65c679f0463a8d7f96ae88aa7df0,
cd14a677557d4dc8bc4257cfc33802f3,
9a093557368e4bbe8c098a54d4d1bdd8,0.0000
83e739c0d0764010a7071f6c598e463b,
ec5acaa0bcd34ef98a844d238fd694a1,
741a859f24f94cb3ab7a2ff1649131af,
3f7e20b9dd4e461d983521463a0ae7d3,
0670e3301535484cbe15ae171cedb743,
812a61146f9c4da9b7bef9ec08a80e45,
89b327b6b0cd402ca7a1abf7a38abcb0,
5e7a91dbdb44474aa44d2da29ae74f7b,
a439cdbfef5f44ed97a80c9c2c68771a,
f86536866d8c4db2910c9e1187b6b5e4,
0f276a8a426243ce8de9e1f4f4bf7a5b,
514535b36fbb4c4faa84c03555a11dae,
a19bec2d32434c39804497b9a96b09db,
a4310adee94644ceb73a706d02790fe3,2325000000.0000
fd0d1ba9e9d44ff094265dbca7d3f1ea,
7684b6b5ac704f3ebf7a4e2ff74f31dd,
1c6e338b634b4e0bb9ab56c9ca9bec85,
088dfa1ac05743749f3cef9a169e1f24,
475b97a9781f441fb07338e116d5bca7,
c26f1828cd9a44169c674fb81a393b3a,
ea9350370479492090985b21ab62df2c,
0ddd1a2b529f4a5b9d7fb1023cd5a9e9,
0b5cd3f83db74b959fdd7bb8f7593235,
5fab8aa4aca14ae3893faa36b17bcbd5,2324000000.0000
eb4a8f748f7b4f54bce28fb205fcbf79,
23dee5249e914c1abcccfd6e7826b206,
5b528ad3342b437d9a341c6338265c72,
12a9d801027546c19f88b4f4709bf662,
76a47c80ca664fd29163c97f5c4a599f,
4c173fa700a347d28203c3e1bf939019,
24c8240d882c461a9d76fffe3f5372ad,
7ae1f0b335f840d085e9f4897fcaf238,
f0cf387aae7c43d08c85ee6f7ca139e6,
ed2c354f709c4f5580b34c57d669d4e0,
108ed63583064e83b6dc1e16d4f26d9d,
e5419a019af942de9434266d82739be8,
0feed7e286f1476180767fb096819084,
f604de350b8c45fa8b79455007cfc568,
30da535f5f7c40fbac54dd1d0bd65ec6,
bd81b92a25f249a2801cba93eed359e3,
97c3fcc18f6e4aaea65ab0bc9c13d24c,
4b8da7617624444aa78423982e800143,
715fac7032d24706a0e06a159454afa5,
1168e191c44342e7a62b2cfb63aca5e8,
d7b574e929094ed4bb04afa94ca9a636,
ca31d136005e4bccbfcd237227073c56,
d4b3625e67e04e88ae21b7045613d57a,
e931d78e0d224ffb93ce5cc5af17a016,
546555e48c484b1497a323dc2e0418d6,
c757200469ed439ab7197e6fe7555880,
c2946a0b79254d058eac627116910f02,
644d63b180574d78b2bb3e7ee32be545,
e43c2eba07d1464ba989790fcc62c588,
313d02d8d3384d9bbe9c6cbf0c03d3f9,
23bfe10edc5b4ad790162dda58ca5507,
c36055f659e545bbbf4531fcf5297670,
fe6669d3e0cc4a148b24692f58ba88b0,
ccef7569039f4bc4829e2b4f41dd34bd,
9382edbe041e4dcab8975a8e1bd9ef00,
c8f2b7a0ad77401cb7c424aedd9e88eb,
1019d93f00b74bff8e70fbad669dcd0d,
9ec0c0328fb64e879a0f82ddff05a45c,3620414000.0000
ace96093a45648cfa458280e85b0fbef,
a3f31915528245b584572993d9cccdbb,
b755cd9b938543f98eaf0f12fbb7bde5,
6fd2e019666540a594f70eba22dc4f64,
f49f574b40414a79bf76c9c0b02c3581,185000000.0000
4834c6f5e8dc452ca2663da4e7b0e21c,
78e02ed97a334b75b45d025f8203d30e,
bf6c27fb0f4843f3b5b6c3ea555d0a56,
717263fb3e1d40f5baee46c7fca3de7a,
450d27c738734bef9d45f3dc505f689f,
0469c3d7727b4c92947a8f5bfe0a9c48,
5930728f5f22407cb98170228c7560e6,
3d1c3aaa8dd94cbba4d6e0cfa44365c3,
ac01af9811334f67a88523e3113f7fa3,
07fd409e70e548658995f2da61cd7a1c,
fbbd48aee89c4d3a8bc3d2259010c8df,3612263000.0000
fccdead8b505415583cc72655e40281a,69000000.0000
51e680175b104e4da1e94777336f53df,0.0000
289fc967144f431fa4e39e91de0a9bb5,3921000000.0000
9c0330ac17e84623a891ddf8f382ca11,1084411000.0000
f10fc177deb047669e49cc0de4627c3b,806417000.0000
f0604cb4fe5d41a5b2fc0ad9eb025883,
3a9c140afbd64354a9c11a2c131ff0be,855347000.0000
261be437b163419e8617f48f6b9fd91b,
9e48cc8c654543ecb70a76b95b7af308,
007d324f061b4781991d152b8539fe7d,
a1d2a25c91954f739026629a4e79939e,
e67320e537f74c6ea17d5953e0c533e5,295000000.0000
a290e39821a24ac7967ee6d46464306b,
847f51041cc8486981806c57e67da627,
78617cb0f78f4bb390117c1746cc04e3,
033709ba677b4c2daa24dc9d8d368b06,
2327e57dd7cb4ad5ac63929744501b06,
e1d6bad6b3c14aeba4955b1db13f84a3,
478e3395cf5946f5a2b7403cf56d257c,
a026d0251c2a491187fb53907bc72c63,
9c6ab67fcb5f461f8844f9193c2be527,
08238526856349fabbd1f6b2df2f5835,1106997000.0000
d004b2b5a40446b08a4bbaec8e9be3bb,
e2ef6972cf78441a9afe48bdd81f69b8,
497179be149b4c3cb36e829c0b1723b1,1076984000.0000
61cfd6fb23854da4ae12d98b4dd6e2b3,1192026000.0000
3c8c30ed315e456a971b40d8c72e2b2f,1090308000.0000
3fa289d2c2d842d69a0464f55e3b90c4,246026000.0000
390e3878141e425a938fd7750e6cf76e,203300000.0000
bbb10dd0a4a64d9f882fe72d52cfbf77,
89d25e329b3c4bcfa65148d91db0b4ad,
c3c2f7155f004e6d9f8430c897bee408,
872a9a1866644fe3ba514b430853c556,
d9bb1a34fb874e35abd351a12c12f0a3,
ab5d4dcf59d5492985cfa3543ec2389d,
fdf7e637b5e84f45a2a9d90608c7bbae,
a79f4539ed0444e6b703f53ae92ed51b,
47ea37e0a78a429993ee4b05c22e5c31,
ecb0a1ada0eb41c28a3f32d302b49b86,
676aa836babf4a10a2b5d0f4089bcb7e,
4585dc49208a4d00aca09fa7e6071814,
1697a3ebcd8a42fcbdfcefaeff4cba32,
a75e97848e194b8eaddc83addfefda9c,
7ec4c8cdd77b47cd87cd4a89a5b5c50b,
0ae59bfaa23148218f77ccddd0049071,
0039bccf01b04c52be8c4a52cb4abe88,
af4e38fcf4bf44d4bcdd011d2d40568f,
767b2441c3bf47dcbdf1dca024ce89d6,
f9e001e4f3e144e38278af118b0d76fb,
c809bdc083984292aba6af149ccb8929,
5dec9584988b42cea57a0d6790df8406,
4e589d69c1554d6b801abb2aefa8d63f,1259069000.0000
ae4564a72ddc4931af99506fafb0a44a,
fb98b1d74f484a06a6451c557aba93b3,
ea0ecfd4388f4525a668a497b5563c54,
2dfb814567ed4d94b4689e5348b3f29f,
32a492f964104a99a0823cb2eb6368bf,
1cc830ea6b564c778b6019e68fbca438,
7c1f4c897e1a4591a43ebb28be2f79bc,
951451803723459a92ac9f1e30f0569e,
bb46fbb890194b358ee474386c89159d,
86dbcb53d533470e9f158091649653cf,
57b929d82e16447c818877b398629af6,
51e02196dce54af4a23da77032c0c31f,
35e3bb48f13c44d1af8be13b3bc06483,
0029a0777c8c4c1bb99d5977642d1550,
2b4331cbdcde4114bbdb57d10bbd155c,
70d0ad5dccac446a941d9c70d0012198,
91a17e95c15348caae3702a8a9a80ca8,
bd5e2027525f4aeeb3c0dc962fc4151c,
35a3cf5586374bdd8dd070db363db9d3,
d264cd8b9cb445bd853dcd8de652b863,
54792313d9fc4a089d483552be121450,
4a06d38323604af99c4d17439064de5e,
876c8182084143f38364a5859f85c725,11000000.0000
e3052821a84c4d94bdff30db815afee2,
2151d6cadefd41668a07b49aa564bb86,
eb266c64c9584b368b641bd97e5b5016,
3aec338235f2416fb7e53fba91aefc75,
0b4fb32cd05e4973bdab400cb10a16ca,
fe8f1d6c706b40ccaa2e817d8980ca62,
8ffba93fa96a4a49bfd3a00f5eb1e28e,
3f88112b736f45978144d70411a897ce,
4264aba1f3db4534990ebd2c615e07e4,
0817f79ee6684df4b2514ba5cf79ebbe,2000000.0000
c4cc40386b2b43c39c299568ab3f305b,428220000.0000
a5724f718d724da8848d2572be8c2811,
cb5bb3f7500e4ec19e7195ff591a2202,4400629000.0000
aba1714a67584b0eb5d1d00704b8f193,
ad95426d1dc8415d9c4fb6f3e940615a,
b1a2a6af105b4161be55ba9d29ca9d36,
4b602e03afde40be892b8be300937d18,
e602434f9d97404ca7af9bcc360bc564,
2bef9559487d491685fbbd4c9f7fe5b8,
914fe3bd167b472da39123b8cc50900b,
59023ac74064472ba774952bc3974925,
bbfc7d54e2b74f918798cd57f1fda308,
7f0b78743c534011b936e3ac53131e88,
927f6097e8144a48b06ea0ea0f02947c,
6f8ee687a8e7440f8d25bc48344d143e,
570a50f9dc4a45bd85ea9a5fdcfa66b2,
b8e6b8a6600e4703bb456f1b0192b9a6,
7dc99f4fdb914d97b4ef3f02d22b0772,
084216121b1a44a5a88b3d13fc52a1bf,251600000.0000
bcb0b86bf8d54c02a2ed734f56204c66,
e29cda908cfa436c8ad233cb7dc770d7,
944bfbbda70249b688e649e7e6a44114,
cfda8de1ea7540f7b82ffd25c8e3513d,
8bc2f1b719ad43888f0e582b1b15c5a2,
83060e7727954f458cdd30f31e719990,
605102de0bd648e3adfb109522a731fd,
76a38c5d7e6142739b7537cf35c8d277,
b2990603cbcd44eab2383a218922761a,
cdb7971708a4484bad279033ec6d9679,
ca1075a2c2c64fe6a643e2b0340a8754,
240f9abfabcd4282a4deb83c99e592a7,
4cef341645f544a680ff1c3ee8b2767b,
ed69fa6c856a41ebb4eaf294b314e3f1,
6c0b0b7974a94d55a0f804572f6afe7e,
8e5fa4cd6a4f4801b43ba226980759e4,
351af787f6b442b1b3258878295074ee,
dfebc0503cbb464596a041a468d048cd,
6e7a91dff132416bb6f1ed3f2c3da9e6,
7246a5ebff914477b3a95e38479a272e,
a042edd8747041f8ba8f52e9c09016ab,
fd98e3a83da14481b8edb253cdc0d529,
ba75a149688b4e979454d27176a7d83b,
fadbd817d1804609a750135354e5ef0a,
99df1d7c0192424eb75cb38b1f242bb1,
a57f7c671e6e46e1ab4e25c7a3b198ee,
c543ce57dfec4b05b71d3378fdda5065,
5303d331c06d48f6ad937d139e0bb0f9,
1aab6aa45de14464a1bd1a83b5be6297,
4b603c470983458188d9ca7662dffb80,
3a8262eb375e4f359ec4d297c30796b9,
2574cf5d12f64db9ba59e577700ef22b,
f6ec7739f68d46c1b4b612b706593165,
66418e50ee004f55bdb8185e40f7b684,
e63f0d8558684b6a8090d1c91dae358c,
cab6c84a0764416cba6f652a1bf30697,977864000.0000
569a938cbaa74812b6dc68ee3fe23d39,
2110270cd6e5438bb6c03b8995543fe9,
9ad3cec4ece743079b5747e9eb9aa064,
05f54f09066e4a86b57869482c4a7fec,
faa1fece8c2a487cbcf1b5319fde3239,
30205adfc61940039848664ff49c9bba,
8312d39cd6bb4c4e97889b437567dd56,
8ac35e2edab24e08bdcecd7361191c83,
c0187c159c5b4956a34fa2c7bb3670f0,
9c2b66ee02b14d98b0d62b2790b8c51c,
1464ce5751844de8b724d12db6dae7a7,
e6f5cacb2a784a5c94e48bd1e8b2fb5c,
63e5dc2bba5a4c159094436918b28dd2,
775a1c23cd5a4f7a9ef30001a6562be1,
c02c552139ea4bcfa9fc270db5e580fa,
cda98afa484c4ec78c8ce7edaee0735d,
a57e7f0838ad4083b827947dbc101fea,
24504ac4f4e24b82a75cfa42f022c1b6,
821caea4c1814dabbaddfcd313435cf3,
8bdabf18ca344fceb0705e442eb7c212,
5c9eb30dd95242eaa732300c04b0dcf3,
87e4332927364c35be5056b006715ca9,
d982eb84c3ba42d2a918b52c3d7caca5,
470de73fcdd84c988976046c51a7e9e6,
43626da6f2af482f98ec72496e48aa70,
9cc13c9e11524da9a2bbd42e521fe145,
51a0e3f309af42c39bc0311fd04ef2b4,
249ed580c9b44ee59f8272755538d7b3,
8af2062bfee64e94be48a1f6f301716e,
14c320d77f6043809694ee1a93eccc5b,
ea618227bddd45f783b580378ed5030a,
b555b97099ac4f0e8750cd691782381c,
e3e0b47624e1486fa56a0718a4785f18,
d0ab8357772b40e1ba3a1cf4b2d12ece,
cd8607db1f6845b4bede571e8d8b5c34,
d18beeddd53d4638b48c7b09db45d6a7,
24a53745163e4659901f7286c0a36788,
2314a03474334bd7a8f5c81a875da4e2,6836100000.0000
6cfc36c6d53240db83ffb11413f78d8a,
5ed49ff7f24442bc830e5c5b6c92479b,
34260b81011348cd9954e2d44186b0a2,
4e65aa9bf34040fcbe7f975fb50ef534,
69c936d88eb54c75a0afb2268b5852a1,
c9043d49c98b4be4ae999e28ce8d2b50,
8e074d7d9c47430aab5817e79d70c6e8,
2ce725b2ade543acbd38281099c68879,
1af8d9d6514a4d9884187ac0c9b13c22,
7eb9662ca0ae42af91d8051576d481a4,
9a94b236b6a74a74b3d20d92c02249d2,
5c92aca5cc7548c0ba25f091de6f9c30,
a3f48a2c69d544e0ac8758365cd9066c,
f287a7e7f7f74268b488ba8e74565b76,
a7394407a5e9419bb180eb84bc3e5d85,
ed18f75677004149b8ee46d56844d3da,
6bd4dcd97dc645bd946d0001289dde3f,
1ce6bd059eb946b9a92abf2b51b1d085,
444e3b5d43a34ba58ba8425e720bcb63,
a4fbddd84c9a4f53bf5a17c0b249990c,
f8c786db586f43fd99cc570630a43a86,
24a0b3dc905a4ca4b69031f666336174,247000000.0000
5265c174149641589e04473b91073f9f,
bd494e0cbd5945ebb8a7c4e194e843f6,
25be1ee77e8043deadbb218b756281b2,
5046909bb6ec42098f1f7fb44744b590,
854cbf97827f4c809e09617cf29b6c88,
8ca71fe91b0e4a99b7d1978ccad2c8a8,
1979f9d15c2840288905c1ba95082870,
f75b70edab2840fc837cbf46b69ad794,
d7ecc6fabf054d2591eeb51268302fc5,
9330d50005244b99a10ba92ddaed7eb2,
e878116e7c5c49d984f8c39b8f71afb7,
6624d2b00a2b4136b1c2abfe3e44ca4b,
8baffa1a7f334ada8ffaf7032387bbdd,
81525531abcc447391406c9235050e4f,
a3b18794779c4ef1be75bed0ccb8e07e,
6bdc5106cbd44aefaaf2c7c930bd6e14,
1fa71e68180e46dd842f15a8a1169ebe,
4c141096ee6d4ced8db64035f8f3afe5,
3c3b08fd167b48e8bc40eb790d36b0f3,
f7a6cec048d845e8b51b5e483a9968b6,
22aef7acf7f747da8eece8c350fb4970,
e3b9086f8d614a809c16502b5d6d29a3,
265ca3fd090843eab063a01d9ad9725a,
973399edd4874ed5b6c16fcbcfe09eee,
63b9c3c15f7849c4b586881072408bdb,
23b3f98eb75547128e51d801e71144e4,
929de2cb674a44c8b76de788373dcf8e,
a9981e96577448029b96780402f4a32b,
b0e92c8b25764cc8a84ecb677e2d8fbd,
3c3e7352ad104e4d8baedc20f1c8a4b1,
534fcfb96e6b4e78a5ca0285c2167e1c,
eb005bf98a2a44b097a26712064553a6,
3f8a0a3f841848248fad842b71e71e0b,
fd5928c431104626bda1fee20e3f1671,
eaaf18e7035b464296142f030eb353bd,
5687140577d04503941ebec0adedafcd,
3114ccaea491450ba03325e849de5004,
4ce991e93813413790af04302bc1062e,
e8da3b6ca2484d50a19923912a98e0b3,
90382543112c4a9fa2643316b3c55014,
af5cde81b5fd4ead9910b7b1b40060e1,
505784076d61457aaa85989042564bac,
b4aac659f61248828d3d9a90a6be9522,
e3d9bcbc1b824c7c9a5c4f2d5862fbc2,
33c88958c6f04af7b43926e03d878bdd,
5e28c8d931024290ab738814a9d3289a,
22438f2fb07b461585530b87e7284e72,
488bb78564434bd88e4feb1b2949fd1f,
a077dd07483c45c5ba2d01baf8507f8e,
7815cc30d3cc4123ac1d8c8ff2968794,
c133366b9c4d4b96bcad0557112c0b1f,
021e3cfa79c0469796568909e3432f86,
3034e3d8e2fb495abade202d854bc5c6,
be0e9724ea4c41d980e53df915ffc12d,
e9500b2f285e447281fff583138454a2,
0b2d2508f3ec402ba6d71d4ed59f7d93,
1de345e8f01c417986562afce0789acf,
cd56604307eb4f008f71a7bef624b504,
50f2ce3bedfb41e58946d3c8feaa3b6b,894091000.0000
b34ccd6113c14fd4a80faf2664e4b683,
a3dee52a0f0748e6b1d849d04db3932f,
51e024a76a2149a0a07dcc45f76821d6,737208000.0000
fa299c6934ec4696af2651b602975276,2349000000.0000
541cfc0545784516afacc2f557d314e2,
0a1bb5112f2e495f8ffaf7d0f3c462d2,0.0000
5f7d6d292d004336a7c05295fcf1f724,
1de9277b29d346b3b0de68c6c59bebe8,
3d313ed482d2416e8c822c1dc38449c9,
408b9220dad24a719dfdaf5da69842c7,
eacdff6d9b114879a004947c5e14a20b,
20918fe430b54c50946f61ab93b95dfb,
656379aaa17940fca93a89588779ef7a,338000000.0000
fbbcd61aa0714d5381feb689ba826671,222000000.0000
e2a877a0fa554ff7bc22d64587d6660b,
76e5880b716e4bb480b1e7e83c9a86d6,
a956b526bf3b4b7c9e4916b6fbd81286,
cf26dbef09a643a983f669f966e505b1,
b44d535ea90c4ff493dc80169ed43e3c,
b7741ea50fce40be98286304864d863f,
d842bb473c914671993ee9a22fa87969,
4c0d1d23c7504deea446f7bd1280682d,
bbb4f22dbd514c408dda5952bf83c5ab,
bfc716bf04144ac381f581acd3ba39ec,
ad3be1ae6ac944fbb88b5dded0d4f67b,
3c19a8e895e3401d95305eaa1d45f98c,316000000.0000
76fe6d4e11f7458589609534122f77f0,
675e469df1cf495db9d5c3f9494bb555,
33162cdf9be24cb9b9327054d93f4e82,
a6685615426344a28a4a552f02fdfd62,
2760d522c5ce4170a30094841306e126,
522aff574c1d4193ad413d209700e5eb,
cab0dc8f94c2469a97fc3c1de9c7a96b,348000000.0000
8d2db1c31c4043c69db4d4bb2c18c76d,
46fda1bfa6a84dd3b7538a8eb4f8b50c,
e159d198bf1642eb9ddcd4ef3b73a5d7,
870628dcfa05474a800db2172a2f7c28,
b9482149101141e0ad96654584fe7f3a,
c4ed6d4c14ff4c89a48c67a6ceb86760,
69b63194eff241b6af89ee2ee1de352b,
b321d4760d4d4c9e8828b3a8b208167a,
23e3d4584d354b9ea085639247a9ee78,
cde2b1ee0c2e4d3285706643ccd9f5ec,
929eca5541894cc3aae54e6808bd7734,
20914a24930c4181bfdb0cfe5aec5da1,
884f6b582ee9457fa1fcff8c4a8011cf,
dd95fccac24b4efa86a3d3c4251d1345,
b4a4285174b54a6099acef8b97d7d3b1,
d8b9c6e73801470fafe90960382bc766,
a0c86060f73a45ec86808acb17134325,
71d108104e3a4a6ba846787bcdc61006,
53281931703d45189c972cabb481faa8,
d9598541bcf042309ca92cd521fe73a9,
3c0bdf26e2494880911278417ce6555a,
700a479c6a4d4270a0cf4168363020b6,
86c21a276be1403ab84a2963dfba2924,
1a65bcdf16564261b0e532a855ee0088,
6317479df1f647c6b8bfa314e5079a69,
daece4975b4048d0aae951cd3dfaf619,
9bb07ca4cc804d7c83491fee553ce65c,
f8615babf2f541f1927667017fb9503f,
56f4d8d5a433428ab6549df56925f9ae,
36bf60f3557b47c8adba29c1cb840264,
300888428c5a44c9a12414b6c09f3608,
6d934c63d71c4ef8b7b464d27225eb61,
aab5b328972945bfbbf56d9a7a1a0856,
236bcefcaa8e4e5cba2524728d2ae291,
0d933027408148028b5089fe1a01b6f7,
6ca4ee1d3355455e9aa05f509d07bb7c,
441c272942274a73934fb6722b201a85,
2f8fa7720cd1406bb995c98c282076d3,
5a338e9fc2e5450c8c9c3a74e95dd5ac,
b606643fb99640f59f2e2857b4a861da,
aa1e4e45aa9a459eab64dec325a13d9e,
7cb76e3534484f20b5971937ebb0fc5e,
71020bed4a2849c5b7268a94634c2e25,
d3f1d9cc3ac143b1b3b053ba1084222c,
fc14a03ef5144c0a99c87f9ed627cb83,
8bb4ffea4dfe44f68afbe68572bb18cd,
9d1b1e061f97449cb2fc98f3e3d06041,
7fcd1e374b254441b7de1c5b1f5a7489,
12cc8b8f7c0f405d9ea630ed057c6e7b,
15eeedd4ff4e4d72857a9bd7a46ce554,
06a68bbb6f3b4c91ae12ae687a618f7f,
e35220e984ce40c2b50e9a6b7284d064,
4d6ac7aa0a8147ba82a937579557146f,
158ee4a0d5254963b0bbdaa8a238c029,
615c5cec804449c9870ea3aeaaf7f4ca,
5d3603b583dd4b85aa29963bb225d6ae,
bbfd2e0e15ea4f89892cdf56fcd817a1,
5c34d3d428f3494e9f2fd7723340ba41,
24a8177a816c479f8ff96152fd0d527f,
e5f46ce271a4423493b9e9fc532dde8b,
0e192ec3d1a14c0896a1e49c67eb177d,
3fc81af713be4ef2974ecaa3754e4947,
4d3a0c70c4774b68a1bcd8d29e12740c,
c6070675b12d48ecaa703dc356972d42,
ef47857030f440c0b9253c4dcf51768d,
58052802e264460bb21908c84a0f9eb8,
a508e951b3a940efb57550ff6bffe11c,1090308000.0000
bdbe4d017ad247fd944821f07472c722,
109af49b04394574a343f119b902f8a4,
9b5c7081346f4afc87f576daa873434b,
b05c658324f94928aa535d80f4bf7cf2,
18db62caad0a4c24a1fc13e29b6825e4,
a8490f2864e04d8ba49c51605c23d3b2,
8ed92437b77b4be9a3923dfae3748b12,
1bb7e2c29208411b82ed4dbcf178be58,207000000.0000
6258d9d8fc66472c971e5ec354987344,
1fb2af98535542f1b52dabca27897888,185000000.0000
9d4cbb6cea5b4b7c98f72e6b97086ea0,
55946578c4f94ce9a5092db92bdb974f,214000000.0000
3a129e20fa754786a359d7c34b764874,
73edf89b848c4f5787da1f15aecc3648,
304068ca8af84a058726f86fa85f5864,
06a38e11e0044e94ad5a9e457a22063b,
51895f5ca49143b0b2d6a13b57571263,
d14e0eec92b745568d5749207e18a757,
900ca98576694843928dfded13b23433,
62c24258cc424fa5b316389bdedaad16,
5b806c4f2ef64424a4472088fd2d3d52,
3d9e4205204f421fa9baafe5f1c2c0d4,
3362710102d84a099b824bc4a8b11722,
08819f34c3be481fa2206055be9a217f,
d085e1ee27aa492f8da2c48fce368abd,
33f74996c8e040f8b0e9c438c963da58,
15709beb6c7949f99f9b4315b1c026b1,
a3150935541a4ba3b562f3857a26dd4f,242000000.0000
3a00b13048ac40a388ed7210c5c33209,
7983cca66bf74bdf85d99a2faad63bdb,291000000.0000
e60fa4a186a7446ca069e8556a7263cf,
606d7559924945f1bee637513ae9e4a3,15109000000.0000
9bb7eb48cc314a12b69f906eea7bf958,
1e5325d36de64c158952c56a4e8b3ed4,
d570a186cd494ae8880d56c387113257,
0cff6594180048088fb4315644e59d1e,
39b5b863e67542d59b9d5dff1499ad81,
c60d9aa60d2547dca5d6c8bce2c3adf1,
dfef2343959e4365bac99f5a8815b464,
7b8bab412ee04752b014657243379cad,
94a9fbab3cb04858851906a5066d9dd4,
cba066d587614eee953a6af6975e7627,
f6cbe68baee24827b41d758881c6eb6a,
6d2fb6e482124258aeaabf37ea3e5726,
aef8d20b3ef14ca18669b78af0cf0960,2419873000.0000
c96d966b58314bc4adb7492be7c1cd7c,
18cb673ce251430d8cf48238e9f8329a,
f410907c429445ebb7aeb0da482cc92d,
bca5d15d93574cb98e39111791e007e6,
a79db98ee142446eab669fe5ce1622bb,
88073fd227114473ad0ecb7dcd8d8fe2,
8c2366d4d056410383b43a9d3fb40968,
6f6c55a4e431442380ba29fb46729ce3,
da4e34c1f61447ef86e9ac8d559777fd,
cdf0bdc3761f4128a83211d9188cc6de,
81864d888d4641fcad13d421bf811d75,
2ebb436f0c864bacbe0e3b006c832afc,
3ad722598ce24f00a86d926d3d4ad2b5,
5707b6e46d8d43949dd6d3adc4337cea,
7d33fc0d21964e47b9e3e14741d87e49,
694ec9117d784b7b8823cb96ef7ebb83,
b560de2b90fd478ca8b85d3314881cfa,
6b024cb9b977417083b6e8f1fd5f25b7,
444747fed1f8422584fdcce9890fe2ed,
e37d795f06e941a1b3ed76dcdf23a047,
1822a79210794bedb25f746b42972a6d,
775ae578914d48fd928b8004617ded71,
874a9e0741d04d0f86f7110aebe2fb13,
edef85e5690846b2869b343c9dfc073c,
2eb2b422cd124c0e87f00e1e9f006c23,
631574506880485f9203c76e31367f72,316000000.0000
9ed6a280ba3a4a96b59ead3666cfb872,395000000.0000
e1390ded8db5487f960cb43446119e2c,
0f52880f4c804deabf1bbacdda4c36ac,
51add6c4635046c4ab39796b53f5442e,
fb2b7404354542cabc0b98286589e9fa,
9b1daaead3f441c7bc63c2a8dc4a8cf3,
4d5e33674e29429daeec386b2b77696f,
46d384edf02b47aeb42a6a8c09253a38,
a363a75a50444f20b91e837624965eb0,
38c3ec76e7e5454f91957c6ab118675e,
f5fa8fe0a992447f9ebdd63cb4be8e6d,1787266000.0000
a62de5699d6d4842a0ea516a395280c4,
c7d04a14b3044592818278886da2e019,
ece9d8608e144282875d7f11070fc193,
5289555abb5e465ca8688268a6d9f5ee,
1164e8aaaab840ce858f66c05f816ae6,
938dce43169c400da5047dd54d1fd46e,
956fd6d8e9c04e9988b3140f06d8900e,
539c7b00429f489f9bd12767921bb00c,1989199000.0000
88af1eb649964fd595b00d69cd798a84,
2cacd8c9fc224d16b1505f1c0fcf19b3,
7259a629d9e34612ab3704eeb0a96e9c,
b92c28cbf88844aa9d2c6788a265e1fb,
d00d637844894a9680e779843519c586,
3275ad6d566c42819078c8dac37dda55,
ddebbdb3405143b5be0d240dce76ce89,
23addca9bc3d4c329849644bcb0f4ab2,
d0210e694963411c9898d7ff4b83a93e,
18e569ce8c7e46af8c50d1e58d602411,
3264857148e24534b706ee8237b5a497,
e2fffce2d97146489937f815ec09819b,
fbab29212367426c97cc07bbc8bed46d,
b2f13181eaac4d3785db90d1c098c5c5,
86f322697211486db536911466e36b6f,
efef121725f5486abc86968894046e13,
8a684c7865874982a9f9cd7c99928145,
b4eebb341bc24477a088aedd79b632dc,
5f59e3ed069b47c2bcebe3cc01e79974,
0f8120967b8a4808b0d21ab29dae2a55,1974573000.0000
6a099fc6ce7a494d970c80375da28f34,
10b3c8f82a864b99bf6db6143a28c9df,
552e50e4a68c4bf5b883c49c66648f09,
b9f88ee1e8294f64ad88b853b392eacf,
bac144c623a84fd690ecd1c70fce34d3,
b45e6ae500d14f5cabe4aef5d7539252,
7b3f81dc0248400998356aa4f2967d86,
cf183a412f8149adbf64f95ebf8665fd,
435607f902be4dc6ac54fa40dbac8a42,
bb5a441fbcaa4da2a015fcc2fa28084f,
025c1a703eeb48bb944a51a9ff2a08e4,
a65b60c179d041b48784b537b1cf9766,
a30dfae038ce4d6c949ccdd5d4503872,
a55425765d5c460d8ca20691934d759c,
0d8f975e174a462c954156eb372ab41e,
2a75be53002e4804bcc9435170479784,
3fd060a9dd06478b9dc2c71def49346c,
3525d59f395545ad9f0bc7d2cdd9e4a7,
6765dc38879d464494098e0c37572e84,773565000.0000
0facf8bdda0448f683664235264d9553,
d2ec3309e43943d38381a93f4c12393e,
9abd89f7fc6c491bb914b0c46df60764,
547f3cad9ad7436c9a32e62667900550,
621fe9b475ac4cb3b885dab384e811a5,
3b9b4a35a7b141ae8b35d2afc311db76,
fa967c8ddca2415ca0b1d8dced01de23,
8f7138cc80ff426aad40e6984250ec57,4030000000.0000
e821740df8e6449da14f5966ab61f4e8,
9260fa8657264897b09ee300228e6e18,
d31974a4190c4ff2afcf6d2d431baca7,
fa08859f73514f05abe9cfbfe7f614e8,
56a514bd0cb645f9bc7b33bee2193c9a,
2f1b16223dc743148f29e2577eb98a9f,
6290fae72e324b82b2561d813fe61182,
23514226591346c5941f2f409c06b644,
a77071d0d47c44afb48ef71b22b22730,
ae82091e0d464e34881b8ebaf84ad401,2028781000.0000
b7bbaacbb4174337818f0cbbb80aec1b,
641927d47fbd4d97a74e18190623d058,
8edda5ede30745c6878aeb665d2871ce,
34304476d1c54de8b88b868e56f1345f,
9cbbac3ab05143d698f8cbaea3ce1c74,1955987000.0000
3a9b6778e9984ef4a49f42ddf5d831c9,
34d76da026e6439896be4a5b11092857,
5f9a2e1cbac44faf8f72aaa59b001d8c,
eacd81630e2c409d9715c427c89c9f46,
56832ca9529d463e9a6f5c3e54819634,
f0a49978ee6144c884f4affaff63663f,
1f7171b2d3264e17ac86aec170a492e0,
a7440a6de1fb4b309a3dd2bdd42cadb5,
d300426cc5424c65b01293584414ac87,
e1bef209388e407d86b434a67c6b7178,
06c739c6fc1d433d8eb311967c9fb4b4,
1dff3c6c49444839a2c1558d024deabd,
f47ac30cbf1a4c55a307e5a9cf00389e,
bc4b901bef8a4251b78babc9434819b3,
2b8e55973d1f4735930212825016846c,
54a4f1eafbff44a8a76ff0c1834a9329,8771000000.0000
5b80efcdc8124d52b82ecdcc56797759,
69d9641794bd445da24ec92ae73e8d8c,
f4280e9a81584f4aa4768f20af84007b,
96e73c40c9f7449a8a12c5d53335fcb3,
1da22f9194a14e32b2c24989776a35ee,
dd0413bd418747d0827cab3039a8fb00,
87c407def0e14aecbb2c010f56ff5c51,
2d54db6667e04fcf85239278c87e973c,
cd60be81bbf54b6e9d742ea7baf31b06,
dc8a67760468481a8f3c9d66e10a432a,2209379000.0000
309f94fc442341c38882d620062d494c,
4f2dd4375b1e42059a545f0ec7507746,
17deeae25b8e42af97517ab00a60d29b,
f798d2f7ff1441369dfe98c5c0090d0e,
f16777a391a84d73b175b16212cdd934,
78c5da8b54e34ee989ba2c15fe8d0220,
730b34c3f8ae421c9d6e167fcca911a1,
5e851c44a03f40ab9c8e62418162c8dd,
10405c46925e4981aa92ca92abe459f0,
cmrqomsbz002dit4ftuzi8wdl,
05c36f818acb413bba414a8ebf6ad124,
f23d0f80589d4ce598b575c1c14a3b16,
cmrqomsc1002fit4fwbp6414n,
cmrqomsc3002hit4fae3juhm1,
0f8bf4191e1542ae9ab2734bcf201be7,
c2315cfa99ea4b39b3c380fb4166ffc7,
b2011de7fc5b4c61b8d1789a01369c4e,
620264bc8872479aaf2cc800d6e1cc72,
c47c2bf78a1049dd85f13a114c7b702d,
3144516155734e00aecb324a8e7d9a4d,
cf9d2dbb3a15433386e22a5d6c7566fb,
fb2f054d771e4ddaba5076a6072f5632,315800000.0000
43cd1f5636ed4983b26f3a6d00e003c5,
67ad9237b411438faa6e9dec044b5835,
c81e0ef3995f4337aca113d239318351,754600000.0000
b3e6eca302ee408685d0ef797b8b2b51,
ebab8ec69bc24a84bc69648790e39284,6551200000.0000
872517e912684cf0a5b55a18e48336dd,
18ff6cbdb1514cf48134c84f69200442,3234194000.0000
ce808675086847a3aafd14e8847daca7,
8802f39155524cbd8bb2bd25fca00fe9,
1e46e34fa60c437ab3f11bbf6c975360,2580914000.0000
5b07ed4ac2264140909521650d3ecd25,
41bb1dbd86aa4cf393755996214dfaac,
8b4ec4110b954fa5bf93021728e209b2,
d211118f56c04fa7a20972be5d4a89d0,1038000000.0000
425772ec2caa4c6ebad35b7df66ea5ad,
bf743effd9ac48239ab6abc91904fd50,
0a74f22b1d154b9ea9f3455636789054,
0315796582924dba9c8baead17e02a60,
3e342d295bee4f0fbe11385c5af64c4c,
838a9b2a41b248e29a2f991d6bd076ed,
5b7c868520104010ac7f90734a9d8e32,
423ea05ea81e48029924f931c708e6f7,
6af1c862055145dd9e68086f9f59cd04,
08e7bd9a05ab4f42ad3b70425ca23289,
738f1e6f9f4a4c9ca8a6b8eda8ec8137,3280544000.0000
0e2b950eb4c644189af2429d2aba36a3,
b7c16ceda7bb4215a7eb30e5a27a8cf4,
2a5110bdee544d74a00d7b5a1583e74f,
26f90c12f694431891ead0c6d70698ab,
eece4f7e20cc463ba97003c829d1acdb,
bb24983b44a64c53948da63c5157be63,
07318699b3fb47a494ae8500c173c0e8,7194000000.0000
155e0cfc2d26474e9c1c0626a6a84a50,
a5cf273b2d7448fa8ae46006dc231c86,6734000000.0000
dedfe37643fe4b51b77554e91fc08ab7,
c457d1db27614f2580a0d534bb3a76c1,7288000000.0000
2fc94409d8224f269b55bd5ea9f0d06f,
987634986615403eacf591fc85b2ca30,
17d0cbf459bb47f4baa32abc32931a57,1336000000.0000
e3b4788e94e1489f84623b30421247fd,
ddca299f050340be8c51392edf133b65,0.0000
8d959966edac48748cd1c8a5de81799d,
415e5095890b4954a6deea58a903fd86,6505000000.0000
b5b51c0bb3b244bb995bfb757103dc09,7288000000.0000
3b9c09a94e204d54a73364d0a45e3c34,7106000000.0000
d8715ed0a8534ff3a2dc885561df1f86,7424000000.0000
4421cbbb5c6447f9bd9c61aed7e41717,
324392bf1489456f8df5f3cd8ee452e3,
7cf97bb6642840f1a810ecb6b5da024f,
d83a771685584a4ca293df994ddc36b8,
71b13d49d3df421c9a4e33e28f0b9b8d,
b19bc97dc863431182d718b030715836,
20fc1838fd2545d0a5df2d166fbc3e4a,
de3e8cb849d44bc2ba22b9c7cbbfcafe,
b2330d04912b4e4fa8c1c7a22a94d6ab,
0407f5b8b55e42e69a9134e252791f9e,7127000000.0000
244b34a0aa264205b0a11d6262ac3abc,6985000000.0000
1f1321733c874f4b85002fb5770faf78,
04ee9a4cc7904f208e4c9c2f3b015a43,118000000.0000
6a14b66f7be241dda94598ddc7510e01,
0ea3f4ec8c0c4fab99bdfea0346814f8,
1b0b30e39abf4215b07de23e358b4ff3,6664000000.0000
acf694397025491db11ec58a4f1a403a,
f6382f0e924e45cb85bd8891e030180c,
b74b738d025c4c9d81c286c485ac0ebd,
0f102201d294404fb780eb8c80ed8626,
3b88a9d8d0804d80844f3b529af58bef,
eca74e590dce4c59885774259a410b84,
2929fe96a2404033aa4ca2f5e9d7a6b1,
1b9c8c252ea94ad89bdd4f39f08b071d,
00c21cd8bf014940845e8991d2432f82,
7def3bd41ff44333a61c81ed064872d0,
6e25134bd21949919c45cc4e68780c6f,6466000000.0000
27531afc82454bd49099121c0dde834a,7088000000.0000
4a52e026e89f406cb5d41bc70f287bd8,
ff0734f2e69a463688dfda102a311767,
56a3b6dfe4d0406894da037876a9efc0,
60ba1610eddc44279c2a259f68e92c8a,0.0000
ce61e015c3664483b05b29fb34842fa2,
556a402c26444155b480c85b547923d3,
a0ad23a051054e959602da67fa130611,6922000000.0000
9e8b9b27c23443d6a823f874ae7b555a,
8c664a2316f84f07b16b741fc90107c2,
ad94c6551fb24b04a48c0d31f6083a2d,
ea727b6e32e340ddb0143e37f46b5648,
5c7c2196ee4d442f9974072f1ed598d6,
fab3145b5f8d49b197514fea6c6df9e0,
3e181aceefb043d1a7e6d1c5417c0af6,
6cade85ad4c1451f9f55e3f68a24df97,
0e31564695f1448f9e3ae4cd6cc0fcd3,
70587f5f549f4ade88bf513e55e87063,
b780f49ff89149bb936702975c773a50,
a3bd5427074048a498c81db8ae82662d,443196000.0000
ca1cb0036d6c470197817c6160a3c746,
fb64427222494411ba3322d4b7d5de41,
aee47671153b48d2bfcd29ef6d36fb2b,
06e5bc3b8bf143b3a6b6ac4d3c520b3b,
bf9bc7d1adef420bb0ef99d5fcb868b5,
e80e52e1e00b44db85bcccd2e572ec3f,
f6f46fe754f4439aad4115915a2ad770,
b092a665d1c24d778fb7668144905b26,
6984e77568214ebaade1c8718314e148,
63b2d99b2aad4f8091aff1c4802b8ba6,
f6d5472e374d4a34ad2a729ee14dca7c,
5ed4f34defa64c258d496d3d4ed8a4ff,
558382c590f84ce69e259ccac2f5ef47,
9461b46d6e9c416693b5cb3ba509d93b,
ae01e8e4d65a4ec1b4c640acb461a619,
d7a8e62205454263a5c951d893d67f8f,
990b799e63034aa4ab62d0d2d0d76b4b,4132252000.0000
7ba88e51c3fc4b8eb08907a58f683ed6,
1035cf36e4d84f23a045de8bdd06c7bb,
4df2d05b3d5849e098e40f42f847731f,
acd06bf06ebe4701a03a5926de1ffb38,
f40d6f2365b04293b77bcec92f813f6d,
765a655f38644ff58a4d4204f7f405e4,7212000000.0000
f6db8be0c3d744a9a03c356ea4b3671a,7106000000.0000
d81e2fa6b5054f58a56705a89df27d0f,7424000000.0000
1251c4f200c1452597511af1d604a659,
7876703401ba48568f944d49687047af,
ed6dc223b38e45c5aaf2a16b8b1a2d09,
5d8ed547a1524f69a800e9bfd5dc89c8,4400629000.0000
558632b9060e451a9116f99d38fb867c,
e6a402266d32421fb952eb4b7f7c5f69,7311000000.0000
6be7ab5cc95042e7bc811aa035d44c5a,7729000000.0000
e6ab9d5dcba14345b342f63e94c6b6fc,7192000000.0000
800f9d5e869b4fdfa50304e527cf11a0,7951000000.0000
6dac2a797dd8493a93b66985eb09bbac,
6d08eb33228e4764a1a94dfb9de203c9,
9b4660a795a344d6bd1f58850e6107ff,
c825cf546f3d427b9e03e81bc0db3da6,6943000000.0000
8abb1d1184234c0a8e8439a524f1ef88,
e2d0ced9901040b8887df8a541cd3b8e,
0f1f18e9dfb74910978dfbbfe4851754,7830000000.0000
f6c9fb6aa5ca47e9b51c9d3bfbc9655f,7802000000.0000
264fcd2543f241ed82465f6e105250a5,7861000000.0000
881f3eab8ce84b2d9e287591ae22456f,7736000000.0000
fe65480c22cd4e7c90baff12db919c6d,
658e06a9ac1d4f25ae027a79482ef9e2,
534fe9862d034ae29717839eb607750b,
6ab22bf2d89a4b02990981ca4143bbff,
be5b670faf294ff1b0126c3d6db3bb8f,
66e14156b3dc4caa90874bc7842c56aa,
167b3475d8a5424bbcbdeb08b61fb504,
4077f8100e27471d823767fcaf519703,
37538f8021564ea6a890869bb3ca1a30,
cd0eb35f58f94cf7b949d89c3a8d523f,
cd6e481a9f5e4025931f946abdd205e5,
934148d83a6a42dbbc5f4d26e12181c6,6901000000.0000
1e267ba9ff8e4d22ab0e96101a2b20ee,
e00d343c26f8415f8e5e42b6cda9c881,
d10caf659c034a22a0975931be26eed4,
b5642c6406034c69aaa6cbc6f53428e4,
f9d9b2aa678e4afb8836e10231e28909,
788150fe6a4c40b59017c380c672cbd0,
91005654d2cf4711861822688848d5ad,
2f1398743aa2447592a7806d305ca382,
1c4fc631863d4d478b0e9807beda3c11,152000000.0000
dba941a998d940209661121efe02c46c,162000000.0000
e3d57772056f45a7ace9e6b9624de8bc,7240000000.0000
9bc1c838f0184cf48eedf082c9d76a4c,7369000000.0000
13ca3d3469ec405b91b8b108b835c9c7,17000000.0000
b625c01dafac4597a3ae08b17027fde6,216000000.0000
524752a1808848cd843c9a0bee8de496,
d6ebf3110ce14a79b03ae45c09d12938,
a435fe98bc4549bd8ecf367a5d7ac4c2,
8d3519efbdc24648b63e9c1fc26adcec,
50cb2f466aa44d269ae366127c2a46f3,
2de74b38d8d747dc94d1d4908feae7af,
3ae94dcaf08c4614a29c64adc703cdc1,
b16ee878ebda4c24b6fd69dd52364c65,
33f8c32c6bd143d48834a15de9e90d40,
ce6676fca52c42adaa7e4fc3444e6e39,
2e15146182884ce9bb1512ae02a679a9,
10df6d390be34776bad6ca6320538583,
a4df07c7664d4f8abf5a1dc8b8c60a2a,
7d7acdc1a0a44ab4aaead6e3575fe201,
e072bb5e81b04424a8d2ce888d10e92c,
964475c33b6c44db849a4eff3876b9fd,
1051539a1d0048958c82d4e904de4d5b,
fa0cf1125e034900a1afa969e46c8969,
d80757badc8c46ea9bb485271ebcee5e,
d8e3e96a13ac4e588bbaf303fc4f25c6,
26a5f94a37da4078b1a7bc368209da57,
bfc6cc3be0a149b5bc7013d1f1d93e93,
e3c19334771a4d0b881ebaf1ab0d4c0e,
0ee5710014bb410eb4980cb6a26eea1a,
2abffcac1b0741b8b060ad1f8c5b8ce2,
cf9158e101794a2aaa7b49eb98d3b6a3,
d4aa9a7936ee4a3bafc965ef135b5791,
57fb5a65b4984c9287d261c3368c6c89,4333965000.0000
5e51456ce9f14b6293894e0686ebf70f,
570e08de5cd94779ab820e86d8b7c379,
9104594ecb6340f7a6df3f029aaf660f,
946da8e21e5247c4847109ee4d537b36,
0315d3f355c04120b22878c257920cf8,
fa9a1c1d8f034cd19cb89118f9d2e8a9,2479465000.0000
2194215ad0db4b6c8493ddbc24df2f45,1901000000.0000
b8cf5e03b75040399c28955cbd8cbaea,
b8f88a3d3b0a43d49119088efff851e2,
25936b96add14db7abd99bcce27be017,
e3596d798adc472e8b45202ee0ca957f,
fd58c3b64c354160af2d85eacf299ec1,
9162c7fa9bd2455596ae87edb120d1b6,
399ab119755041189e1d582a27971b55,
da1cc184d13e4336a18af2a8030068a6,
7e8305d958f64a0696760d88fd45b2d7,
3412deb221d64ed9b531382e79b5d0a0,
39553bc8182d4771b2cf228dd84b72d1,
0e12b1856f6a4ad38a5d630b7597aae8,
082f9a3dffa64dc587d14c7175ada332,
3f7413c822864107b294ac3876a61922,2512401000.0000
0b34a045f66a409ea7c1c757827d938d,
50c5c6a448024425a74c93e647b41303,
323d3be5b8264e3fbecd2b9342a1801c,
96bdd148271a43ceaf7140451e023b1f,
2e6a4a8dbf04428c8075f07fb2050672,
77d7f6050e34419d94e196d2c63bc1e6,
7b43f1d829384f9fb0dcfcfd8b0a339a,
f3caa9bdce5e4af8aed81089f9fb4615,717700000.0000
3f6f218f12c84c23a1921e429212ff88,
82ff92fa49fc4203870e8e2edbaf4a97,
f31417e10a224d34a19a80601b1c5edf,
7ef135cb74e44ec18cca7a2da810c84e,
51ecd877fce64e2cb092110c2ffc0eb4,947144000.0000
b18fd58a26b1455685e037adf2b329fd,
3dce5213f1004abca5fbb5c0a3ae8c98,
d4ac09c4b8b5485799d180bcb502839f,
6cd3e03683de406da250a87a83e5414a,
9551c3216cf4401c968ff75dc3c81e61,
312ccb9d2e184f91a5a17c27fd462deb,
d30f3a7487624aa588a4f2d765185568,
73f0bae6d95244fe9564869790455687,
38bf6da26c2f48dabca8a18b4a50c64d,
019f6d14ade947aeb9687ad2a27f1cf8,
b01be127f5314bbcb9a6ef256a3d2856,
361d7e0cb3c944d595dc5b0327398196,
164f2b62501c4d5cac1fa63a00957abf,
c43b198d3a26487b83ef4cf61287d9ae,
c506e4d8351045d3bd0f405846795381,
67e1ef34c5364a78b73b290ba4bd796f,
808ea2b5c75f4ed0b6ccb5319e3679e6,216000000.0000
e3a7e07b7de844eabd92a0f18aac62c8,
74c9e1172932425e8e31b67c9b30b71c,
da37c13e978a4a06b3050f0e0d62e588,
7d6c0715703f4df598ff5a705a04c8d2,221000000.0000
6c348fe605874a41a4471b4658e363cb,
84a080525b9c4bcc8c8c4ac1c7aacf16,213000000.0000
6351228615a84c7896f0c3c3e60da871,
770f6c1143154569ad3e5cf86e3ec53e,
1dc6609eb5064587a93d66906261771f,
333f55d82f7240ce9dec94770e6882f4,
777f094a458c4b5db5384f94a1ad30f5,
a49711fcbf944bfba176685054935023,192000000.0000
c6b139a373b348ed910db48cf1415687,157100000.0000
dd6d8ec7b37e41f2a9761113f3ba9ead,
d99bfc1708a744cdaa4286bdfd9fdb6a,
e83b215fdc36414ca70a2bea982490e9,
18573be1e7604a8896edb10fae38150c,
c1d7f2e89d48432c932149f9b75a8610,
7664e55ab6ab42c68c26a77e68dbe65b,
94ac81535df54a558e40c17e02e5c681,
a1d71592ffe442ac91ba81806d321387,
af5d64e68f7845468c9b0c699b1b94f9,
fd5cfaad671c4302945ba932831113b6,
4ff933b960ae422786cb8d75eec1f82d,
e313521512c74ed582d56d4e567dc459,
da07fc8ecaa547298b145f023829be1d,
9ca85594ac7e4ed78d13cd07aceab3a7,
c30e8c0cab07459cabe47338fa3b2dc4,
ad27e02ec9f54199b311fe821f9672fc,
2ac0bcabaf814e5494d2a1bfc7f37709,
a5c5d50488ec4b76b9847448468271f3,
078fc6e56cc44da08e8e8b6f4e83d3ef,
ede937f41e8142f2b07fbd225777d198,
c7e4a9aa02324dc4becd0b0545b2da6d,
b11c28254a634893b8ff4b3c969ac2b8,
973a82f4139e4a6393ac9aa727186c48,
fb2c4d3d5f9648be94396f5d8e22e509,
1b4ab1d6ab9a4bfa95b1d43bc00cbb97,
e013bd966f394ebda532690552a64da5,
99dac10dd6a84c2088b0759f10fb8e00,
e1dfd70b17c4433b95f629ed441a243c,
a9adb4e639bc422aa8efb7a638bc3325,
8f4207e0fdac4e0aace820c0ba40fdbf,
0e89d2a8c7c94e448ea074ce2feb8dee,
813eab3532154b359f98d220546400c3,
b4f47e1b556f44df8ed922721c669b87,
f79b5bec5e284e6e9e2cf916ce337d56,
d8a93870d14c42b8b20a0075379cb199,
5916ea2a61f1497abe575f26388ba806,
1aab7d188564446983acd9d64f7e26af,
845e330a1224401f81f06cad9c706443,231906000.0000
a3317b604b554a21a6a78794547c311b,
681ded722d2d475b833437a388ed7b2b,
6e95642851904e0889702c72a76bf058,
c6a2fca5509b4fb78b2978e4a72988f9,1811000000.0000
e912570b784e4ccbafab7648a3aaaff9,
fa21ceb03aaf4b32b323eb604b566e82,
442dd6469ed04cc898369a98daef475b,
7453f8b9667040dab9bd5d174cd3e562,
63d2d5ef1533436b83d231e2f151de9e,
4f82b13b43264d6aacf93180c83c13ef,
d17ede0f1dae40099b3196b41a3c2ecb,
389b539f1db34f66b6ab574588da32e6,
7e011d11d0114d6d89da523107706a9b,
cd88f54ddc894e788ee3139df72aaee7,
c3f68b9ac14e46cc8366db2f49e11e90,
16d7acbbab8b47e28c82a95ce24c1312,212000000.0000
6349c1a3646a47b09fe6b943cee0687a,
14be1453f74f4a06993d7df30796a297,
97d200cea8bb456fbe28942adc01dcea,
95d85264dc7146a38f8966285d856ce8,
c09c43e860684129b40c617fe011103d,216000000.0000
1b3b652127834f90b24ca80750300ff5,
a64b9d5a7b7c464e8841491c5ddf4328,
b0bfc20be2ca435bb640eab0c27869df,
eac483dc5431422eb3fab99ebae9ffe7,
1034311a72884fbab4df576846588cd0,
d92667ba792b4c7cb3c4270fe6f89244,
b5594ee3c1de4168ac6741420e7c87f0,
120588a4d2a842b6aa95a71857f298c0,
595694ccc9164c0f9fb7e68ce8467ace,
efb804ee0c724afea37a65c936f7a9a9,
04e7324ee5db48b89de0376f1dcb543f,207000000.0000
a22451c3004748fb97636de53b826b04,
5eb5ccbbbe0648f0a28cfd857d66b2e2,
4a49e11a87f1474db811e23d294b958d,
770c202b493044bb9644253ca8dd29fe,
bffd6bb12148420f9ca161e527f5e94e,
c2b776ba1964481fade05c3d6774b8ae,
9fb687f615f94148ad95722a3891abe9,
11fb54286c274190926528dd1384af25,
b021e113de0a49b288478803f87b031c,210000000.0000
1fd4eb1dee4e48098ee2fb8f8c19f690,17468000000.0000
af36844e4cc34c8ea00b9d650bc7314c,20500000000.0000
2fbc1a6a93fb479c87ef26000c5fabee,
f8ff2780362c4a0291a37e8ace90615c,1521000000.0000
edd79e2e0222411caa0bfef691d3c635,
3dc55bcd02da4c98bbef41a95ef6322f,
0afff29492d349c6a776fd515f65861b,1667000000.0000
dd8f3533eaba4da78ffca30de7273dae,207000000.0000
4b143ce6e89945878327753111e9e805,
c227ca6e5220433f9b9441a5e2d502ed,1663000000.0000
12d152d1ab12453ca032656be492e92a,1693000000.0000
be769b04acb447f78b9b385b5c818f01,118000000.0000
7d6d49bc31ca4330b33aa9f42ae5a645,
765dd4947de54d83bf580721f001dfff,
01f0598c24eb4f109f1018d03cd9c563,130000000.0000
0536d43121d749ef81f0f31fd8cc6a14,3900000000.0000
1412066099194486a2687312b98e682a,4349000000.0000
d82858f7ca0c4df19bbb1bf3fe09e7af,
ccea220d4e5346a6b4fc18153f2394db,
c12b33403ad143dfa5e33192235b1836,
a1dbdae4b4fd4427a1b43d187ec21426,
a5522e0e35be47b0bdb3cfd07529f6e8,5025000000.0000
f029df9a745243c984649c9d4170666b,
6589356d98a84156adf8ff4440823367,222000000.0000
5d43c56d698c475e9a99bb4347c886e6,1302000000.0000
4cf6c1b3315e4b72bddeb1a179d9c62f,20485000000.0000
bf94aaa1e7b54e2496dc1c0576b8ba7b,
dfdb17d35a53455aac0a0d1103e76052,17468000000.0000
131b93884a31428e801391707ae8567e,20500000000.0000
9f4b38c511db47b8920d1f6bbe6a9163,
7f9d669c96a44ac892c796b788934d2f,
705f925f67e44f6caffcde5a0635230b,
b475c608a51f47f2b55840b23fd7e882,
5143f7a6b550442f9f03c661dc1a59ab,
5f57f543dc0241ae96b880fae2679aa9,
ec5e2d0a96154ec19eaa4d0989e79442,
1cb8a7bbdbe249d38bec3d702aa1c09a,
4a962934de00439eb9701d43bdc9e8c6,
19725fd5f3834c1fbdfdd8d5bc1bb8d6,
ce61a1718bc64e0d802caab94f82de9e,126000000.0000
c10b9a71da8b48ca8f10d136168d4bec,
6260b56524ee42b0b1fd0f42fc981eba,
298ab30d50304899bc3f0b42254b4e84,
9f2f76fa437e4869a702fcfbd265d0f8,
affb7ed3b7ba4f47a904d0274d9e5753,
f3522cdc8e0748bd86da56137a231c58,140000000.0000
1ce9f958e7394533adaf660dd76f2077,
963a69d23ea34da5af5be8c627596c04,
5e211a71380647f597af3aba4ba97f66,716304000.0000
3bb8922873b04b169217bd19dfd06cb5,
f803b048819749a68d6ebf950bed0e40,
eff1b718ce3b404f948e8d2f9fee131d,208000000.0000
841dfdd1ade743ba8b03b11355efb591,
4fb695ff1e74418495eb30d124109c98,
3b84a7f7c8d04e50b484ec902662619f,
0122d1ba35f242199de49e3301243ebb,
2eca2696ed8b4b418f97247b547e9a30,355000000.0000
7ff8c806a7764b27a14b0b89934d438f,
4c352bea50174b529e61c7cb8b531ceb,
29132e727d8a4acb89f9bbc9d7ec5f7b,1545000000.0000
69a8a1ccf57247f3b4eb7c89b48fc87c,
0f1dc2bcd09d4023a3c13860472eb803,
25dbcc0b25ff48138e78874d67295478,
1a5a5a8bc7284f459684a1c45cdc2872,
8ae03ad53847454d96dec35e85b6033b,
08c4664cc3824037871aa6514e3ffb2a,17000000.0000
61e55259c33a493fa65f1762aa80c74a,
667a4b635e6a49378b225f21c7b27127,
7276b4743ea04a2ca7b09b2f1e4e9ade,
6773b9cd098749cb92d06834b3e45836,
141d5d1c047c41e49c12238b18ca8cf8,
3d105f0be02f48ca86f2a99de8a32449,
92d8d340be8541e1a836b94933af8070,
f1536ec438e04f0b89cfd08e8f49bebc,
50652bed8bbc468bae49c7e5bf2c2185,
ec23cdda62e846e59e1d9faea06c0525,
0e91902fed4b4e23a84b86b2570c3e7d,
e64acdeb82dc484ea2415d8c0e49c142,
fc9a5f620d02482dab92ef25fe3682d8,
0d4e8c7e12904487b3e341b75172651f,
d15e1750a6b14dc0a3a6fee94d0e39a8,
88c05e1e36c54abaa4cff8ec4cb410c2,
608f0f60fff744a6b1e7aa85f3f957b7,
da1c059be2a74ff8b994d93265727f5f,
39af7ad2b3d546879e7678326ea00e3e,
a18427f926ea48319a8b9ff3eb57f786,
006dbd86a4ee4cafb885d1099e7f1296,
f397bf66479745f4815907f77f341a3f,
18a50f8bad84429086fef120914ce066,
c5ca308c224b41a8a07c0d9a7e330fa0,
8d0c069db22b4e298191221beac887f2,
9137c8a812f4416b98bfe55f5c41f8fa,
bacc628017d1404e931f76bb0b0a61de,
18e3216c4ced40bb859aca43ed285dfd,
9613912ec4cf4577a6f5c5bb3cb04af0,
21cc7ac6bbc24560a5f017919ce37861,
f0cc4d0674c44d3a8b5e9bd886c4bf80,
df5c2528529c4cc6836a212458543e08,
43dfe4643a0d4daf8cc3e24a04229e2c,
f3bf75d843dd42eb9af155f24e656d64,
9d89677af49348dd961d35dc04694ceb,
dcaaa91333b549b38beccb668147b5cb,
c1f56f0ef8994aa68af808d442cb7aa2,
83af46ed145146588712b4434ce11fb9,
5a6331a122654509a41a2e5219610f51,
abd64aa017be4e4187d8a82f540b2b24,
de78404c4015420a9346ca90813bd0b8,
c261598ed7bd4b81a9c6afbc24a3710f,
6cace18b77a1472b9f92a3a55e629cad,
2f237c9be2e845a7a7a5f171109e4b74,
7c59f6ddee6f4fab80a888c29db60aee,
1126ac4cdf464b2083796edf5c5eb20c,
a4179946788e4c2a93daccaa4e300ae7,
85ae28658e7c488ca9c0cae52988aa62,
4d85748b55f841ba95abad156c34a38d,
dccd28a9fa5941488d778588a69edf6a,
d75a7c25f1214a7eb37cf4da627bb9a9,
1dc3ea9c603d4f298bd66228c57e2aa0,
27596544f1b244a28eb1636ab5554752,
4fa03ed39dfd4f7789cb03cd1272ca26,
76ebe392ed2845bb8d2353ee2792e3af,
9942712137b44397a3aae5d9c35c737e,
c147e7627dbb4af7a7c22fe281048e43,
1d921d0633534bed8a6a952cdd600469,
b6c37e18688941f3938e95bd9e08a5c9,
bd109d8afad547f4b7d493db486889bc,
54b5f71114064b10bd206e3fb4daaf7c,
759570bcdd4245ff81ba6e15ea4638dd,
f0fc8db281a043fcbaaa7f0c3b020daf,
c44c7c01f6934917a1e1d5d29e35279a,
100ca3718f51421698c03049c8b6bd1c,
36ca09a231234bc1b9cc0c9aefa1fa2a,
953c1b903af74150b14b4b0981ee1428,
53fc0f49a9e746a995b6f0c84f054819,
cdc70c704e0841259ebbaf79d5014447,
3439330831ca45c7a9960fa9bcf0d8cd,
7a62fc92504d472784edf3584b3a62b0,
b1d418266a384f488c9984759c45a6c2,
60940075f3494c6295807eb521132a15,
3340f36418684332b1d44eed87781d0e,
7fb8476d8ce5423ab50af77e26f88ac6,
804b28547b6c4d0fb4dc43b878fd425f,
ab3cb5b27cb149e1bcd53a7537d9607f,
6b12d2d76d8c47049fa10c02ac6dcb3d,
f89d06abe44e49cd9171f467bbbf5bcd,
df6034321cfc4f1685603998e67b1140,
004b2067f3d744db882b490a94e8e0b5,
560c8a75fb8a4459a714c31e4e6d20fa,
26bea62edca1443d885b0e836b00a49f,
4626ab292392453893718d276b30cc6b,
df9466036a2845d6b2c640f53835b50b,
b4d64fe40fd6420d844aa90e99d5f918,
5a9c1551b27c4f7bb35aab7f64cc4e87,
7232ae1a9e834be3b5ceceec8929f584,
34e953044c8e42069e7c6fe8d880c20e,
01d1dd834c2a4f33b9827158452e9845,
e33e403a5d6640ccb4b3f4f8d7865eb2,
9ef720c569de4ad1a6848449cb1b7d62,
4adff0a8775345b988ff8215e03511cd,
6d77adfcb01f44ec9656d2e2a23c5af8,
929e2cb3dc7243a18f830369ca6e1ca5,
c6cba42bdc984de1b9d002c4278c0236,
7766d48132ed40468c57cb22bfbaa052,
bdc86a27d1e049729f0ba6e2dc3d7ca6,
6decff0304bf4307a4ab8992f3c4193c,1320000000.0000
b3d6759ac4d445e9b686aa53a03d889d,
5158e450f2f94fe3a8ff7344c643723c,
014a4b432958456e9e2de5f9de0b68cb,510499000.0000
5e5ea8f0723e4f5e8972493a44c95ac9,
0706a1ac573b47c3a0716a5bf9e74e04,248700000.0000
3c644ff0f83f416bb777c4817ee1871a,
bf6053a4200d4ac897f518dc40bfa6b0,
a0a4dd0077084519b70ceb240140783f,
f26eaa8c30694dca973c9186905d3442,
0062e5207b5c4801a3720649fcb581a9,
c51ae1e406704eb5bc6fa9bddf63ae64,
1af27233a42f485aa575a2f4a4bff44f,0.0000
373e3961d4d54995899e1b14b9417b78,208000000.0000
ee16726064f8463bbe37903948d101b7,
430af42a6d4049e5bf7d9a325f305cc7,
1de12b4539b643269ce2e21aa2904111,
1419efb21e1a494d9c8eafa2ddfcb8d3,
c09aa26e4af5414382ab20459f4f539f,
beb69c49624847feac5ddf339dd8f014,72561000.0000
d8bed4957a414ca7bbc029d6b4cdbe4b,
5ccd85e81b00454891589de0142e2f65,
3b63a687941c470c9731e7efb5de500e,
5721044befda4ee8b77004f7f079daa9,
c614ccb085224f728842dddcb3eb227a,
0af61386bbcf43a6a34f88ee8640db13,
2e09318b298a4f399b250c8527f56330,
135b8f81e57e4641a3842b96f27af69d,209240000.0000
8ced63e6d0bd4583a8cded4e66bdee12,
e709e403763a4574bedf353bea80e2c6,
021d859a3c454dfe9c3445b501d63cdd,
319bfe7229814332917c226ff299c1ec,1901000000.0000
5674691ac5dd4333b0e0a5301a195276,
76b9db474390449a93b3bf161766891a,
cbf6fc6b4171488cb796feae78322af6,
d9f7042339c34e47aa9808e20626d1f1,81054000.0000
3d02c9b658bd43448dd1fdde7382e3c1,
efdd6a266bf4490d8d36af0974651e6c,
24dfd1ecff5448eba95410c3474c4036,11867000000.0000
f1c759965ab74f388a42f0414cca1a67,
be49aad111e040148ccd91898ac58f64,
350a96cba92240af981ef9e2b0585c48,
a627a6b051964d1890cb6e52ddd91b02,
f142d223a64d4c1a9e3158877c0ce92c,
100737473c2e4b5fa372e350c48f4572,
5cef661681c54df080ca430116cb9545,228400000.0000
df841a0a1c304fe4bdd1ace2f5ade54b,
439d15c860764cb9bb3bfa05f3aafa4c,
73e69e1ed01a4b7fba03ad61b8b25571,
379339d9f0ae499491cfacc106b1ada2,
e33bbdbf8dd14fcb93d491e7d799f23e,
f7814de862164ad4bef7b4766af52b28,
ed0aab5a11ca48f78f42cd35fc9abb99,
1a5ea802cdd340c49cbe1f9fba2b14d6,
1249c3d688c54ecfa37dfeff04a124b2,
c5d195d25d9040e4a0195dcafb946421,
8b9095a3fe7a43dfa401328afc495775,
9188bf86403b42518075a78fe1f95c46,
369357e9bc264e55887f259c89f0f288,
02b07863f190489bae8fccabcc00bbea,
11289cc189254e7ca7cb338204b0214f,
1c97709e0ba64270b12228ab9b064352,
ca5886daebe249bebc44dd866d170fe4,16000000.0000
6c0191e7e00c4c318e234330d1e6a05f,
9e35a2a515b746bcb025a62cef825ad4,
162cd25b2bc246a4b8d704a25d4dcfb8,805000000.0000
6187ec9e31c0452b874f53b323ee43a9,
529d0fef2c6a4d51898944ca407a6e51,
45340af3ed8249dd805e3e371850ca27,
03b3bf6f0b8a42b680f4c36d3baf3976,
80835ccfd38b4f61b86cab487bc565d8,209240000.0000
3aec03d359434947a3dd67f4d9cf1116,
31e30aef4f31403f97a33eb21ca90776,
1a063292356e400aa54be40c3e8f9461,
298aab98e9204b759e09c87bfaf84066,
d3487063de2c464a8aa8f7ac86473e71,
7a291d97df7a44b9a2502bd67824994e,491587000.0000
e382dd23a0a14de3b549eccb060d328c,491101000.0000
efaf667cd9b4493eaa9137723143fc30,190700000.0000
7960ac39bee04f82aac5341f0228cd42,179000000.0000
38142c53f2e34a1cb3df189e47787c2e,
e649cfe498644a189af6ae028a59d59f,
74166f7e7e46473e9deb5b7148a156b1,
49b41f3f394748a498a438259ce75604,134000000.0000
77fbd2ba9fbc4796861fb52cd51c2be7,113000000.0000
21aae9500a54460b9cf5af2b5931fe8f,
ecd8697db52c45f99971cb31d7576803,
431adc27f89e4f74b081312e7a9dc45b,
8d86aa3847ac4764b54dc916aa59e689,
778b4435e2c44bf79ea560a95f2da414,
4f648d13c0a34de48d2dfa9cf473b543,
5d4ce68848d64e0e9bef00c6edc277d0,
7af3c1ca99f546dc91f9ce52b911ca8e,14000000.0000
6efcebfde712485e8330287cf4a095c5,
c5a75aac82fa42e4b925592191b668f6,
18b5e182c7d04350a9881a1c9a3e719d,1901000000.0000
ca1bda543d8740bcad1d102eec35bb43,
f9c4a9bb9de746e7886d8d84f6f4f577,
6e208cc89fd54928ac22fce960448151,
1705ab6a2f2a4e79b4af33c88da2e749,
11a18504257a45beb63a86e1182b5774,
e5bb2421195e4558a6f37e52e1ad24f3,
a5a3810727f747b9ba007c0eebe1604f,
98bd37532d5c48059235e8b9ab9a9d0a,
d073faccf029440ba54101d1d45da612,
c51656d92e6e4833b63aac7e825dca66,
d7be84e73b0c47189f0403c4c88e57fe,
0e80b638b7fe4f28870c851277c593ba,
6242fffc42664ee6829d7564ee6401f0,329000000.0000
f36ac07554dc401c8b6590c8742df93c,
4615eae4639a4de2b30d820f34a77297,
68f420fe0c3c473294dafede381e232f,
d62690776ce04aed9de25b0db6036107,10000000.0000
f4c08e6c5bc5485f92fda4c8375da51a,
f80f1aa51c0b4e29b00a13d0855eaee9,
b7d53521524a4740b5b6bcb19d7e84ef,
74d8129550324b22a966861b11f9afce,
d95fcca9014844ae88c256bef1274875,
b272a88731ac4d84b70696154d24f701,
66fde47cf6314bd492a1256a27627e76,
a37ff9e51b2a4773bdf4179351b788de,
dd9bbb7421004273b46ee218f1b87260,
a19708b91e5645f3b05722f7408af894,
286c693636e3493d8562f63adbc17847,
bcac130c85c64a3c86e2a49346b80169,
458b7b876991426e8b4a60aa20ec1ead,
6219d42095764d828654b7fb2eb0e282,
90d74c1c018345f282541c8116342942,159248000.0000
790a50e33c804072961c65303fabca6d,
7fde56a3797a44f38de451b8095c6517,
b5a9af5201c642b99cacc256b424abcd,
e3b64442eb794c1b9fa14aba95ce8fd1,
f2996cbb0c3c424793642ccc07e79201,
b6814a1001ce4260aad0336187a80ae0,492185000.0000
979e0e0a0fb4408abe50c312e0a9d128,
4cab2ec6ee2f46358c6fef7c18b29346,
e07d10a4c885463895a374196c014d46,
67971a0ed6204071b18784ace3072b26,
3567286ef80b4c82a10ba1a248554b8c,
717fd51f8c004d7d830e87feef85d92c,
a89270f83d54400fbf94513462fabdf9,
998a4297c47749438a890faefe2e2352,
c4574107ee33448fa05ed88d9f160e97,
8f41631b5eb046f9b008500bb9b6cd3d,
c562b331778a47ee97000e950109d315,
0f6acba5bf5746789f4691dff7388abe,
c02e6ed12e4e41988023db766605583f,
378eaf16f68843d69c7fac0c0602d559,
f63e01917a444cb3bbde333b11e4daf7,
17a2db71213e4e80af7dfde9e19572dd,
23121ea161334f2c86b05e15898f08ba,
482eb71b82bc4629ac830f4dfeec20fe,
d3e7d4dfe7b34afeb8e3fb3c67517135,
ed10730bcb234bd9b93667c8a701d84e,
e82047f3e06e42319ea9796e47eefc0c,
7fe55364d99f4bbfbc1da0e0bd52400b,
b97041b7a38543c6875948ab2f9b0adf,
73394c88e4a240d9850f5eb71ce70731,
42771014d09249c08734373b6bd01117,
20352ff0b846469d8ef94ea15239e905,
f312e254185c419ab2e7c98a7b87576c,
f2fc28ec449a4454a94047cba2c5cc57,
926fd0b568054c438ea78bbc4af3de4e,
61bcff351d3a44e0944596e948cf01e6,
996537a68e7c41d789c0c56396835bda,483702000.0000
aae15b9961ec413f976ff8615b20b80c,
e7e1bedceca94c20abadcb24505cd43c,
d8eb9573c6c4446eb40f98b44ce4e0c2,
5cc772f436d14f87bc9541866443ac1f,
51d896f7f39240f58614a2f63702edd5,
3286e37cc7734828a0cc99b078f2edd8,
247441419d9446589bba51f627a921e9,
1983fd2fd2734e19b060633109aa1544,
0465bacd9f2f42968d2fdecc1f421f1c,
ba277d57c2b948acb1a497fe48423c36,
bf05c5ce0c574fa2bb9dcb4cb1495048,
4e3f21387bc64a818762689d04b07f18,
b9dafb987102476ba13bd5747890e4c2,
da2ee761e3d94d7986d39d73386ebfda,
11ef41a0524d408c86e22eb41a694e53,
b2547857368241e3b843d4a38cea9405,
2914c0ce298243d4bd88aa643a04e7e8,
f6406ec8f5104238b10fc5a114130aba,
79ba6ee89fcc47ffbda73c84280b68fe,
c5dc3b12d7fb437db63a9c2f693e0047,
54e1bb777cce4084ab5c84c98efe9967,
f50bdde4b09d49ea86c9e2fee13c49b0,
f83a81f0dcfc4189b297bb10f7e1fd2d,
160773729eea4940936745487341d908,
a5edd58f14744175ae57eed941985cbb,
064f0bf5e38842738df45d9e0de1118b,
b14d28280a9447bcab012d9b73b4a62f,
53e23ddce35e475abe61ddb85d341192,
37fdb369fce544aca8ee042fab55cff5,
d99f69f767ee46f39ff6f5a13d2c3a06,
0f37f195d617413cb626ee03f18efedc,
73314563b5154ad491af8098c714ea8e,1006000000.0000
37a887bdf8954764aba4bf9dedcfb9c4,69269000.0000
f751258594d548b98b51d895a7eb931a,
d36eac074335498ab93728b47afb9c29,
cf9f70c3a23b4719981169b63b3a02a7,
94fa8d110f2f4cf9801e1b11e5326c91,
398f60a88d5e4e769cd8ba75df4c8d4a,
9299f5c405a64c70976b4cb621151199,
c6578251b3e64f3895138f7e9dce425f,41501791000.0000
979dfda1eed34a4b87184d30e3097a8f,964000000.0000
78f6243e40804838ade354e403c9af06,1047000000.0000
e7c734e4f17a4a409a34ad8b6d73e2b9,
6e9a7848afa34b5ebb7f5886d50fa4a5,
489ea789ccad4445ad94b8b2e62b1847,
71e5eb96e8dd4abba10cf7c9c53a63a3,
fe238e5a4dd84f2983b23404c336251f,
7558afd6dc36421fb93608a8b752b502,
ed6d508667b841a6a68755b5379d5266,
72df1cbe00bc4f39b636f60002c9211b,
d5672b33f820452197f1e385bc1d5503,
a6ff43a920ef43ee91fe9e097b90ef22,
babc2767198f42569e4b67b6266618fd,
5ffd74827a1a4587a481417903973f0f,
eea9e535c48446899ff01ec3475d4af1,
0c24fcb8007343dc92edcbb97966d0d2,469637000.0000
cf3e18333dd140eb9802d8c86b0c8a00,
cc60dad26b5e436ea073175a4d48863a,
80be57e82c2540deaec4f702117e844c,159248000.0000
5e22b5fa3c6a482fb11bdd8889e2dc49,
f0b77e959d8d4d29bf14b2d60cc0294a,
38d37e5fe781430aa6d28dce76e227f9,16062569000.0000
ab7df17c0f724aaebc633a17397e7219,36410858000.0000
b5059ea303104ec79cd253c58d78be9f,34904791000.0000
ebf77a0f75ca454eb56e67980f47ddaf,
f66e5637a3664c48aa9d5a0594f7bb90,
41d6ef6eb54f41618d62e9d202abb263,
74667196e6f44afd80e4529ba2a51891,
8075e819238c4b738a9076c524c95ba9,
3069845f0d26435fb5fa48b52f2996f0,48019108000.0000
148c75e2053846d58766704db54a39a8,
49ac9430ea6345788f3c352c828a9ff2,
6768d76686fa41a48f6cfe1894d55316,
122d6a2090264277a604c945eefeee5d,
c3d7c5d135af41a481f74333088e8301,
7fc359845f21412ab28a795abece55c0,
118606ecf5d14a77a117b5dcb3b1479c,
6d86f63532d645c2bef49456917f148e,
686776feff924f00a0193b3dcd7a356e,
51dadb2cdcb147139a314accf0d52abd,
888f3759f7bb4b119b98fd7e0209365f,
91a5fe92514a4e5793df4aab948fefc5,
d1ed83d63522404388171afa2607b5b0,36392617000.0000
b0cd3c2ce4054f05a0aa3b3435eef404,
70f93c225ad84070a2a00e24894f2608,
6a70d0ccf7924a288023b64270f9f27f,
5a134cf0ad9c464a85ccb19675ce8eaa,
1a8908070c92492b9d28dce92096e44a,
f6d753c3225b4559afca4313dc276bce,
e877a02b4a9e49c89ccdf6f929f67e35,
43dad03aa3424131b236d61f7874681f,
662d98b161ed4df093778dd7341595fc,
f471be51f3b343e6aed6a00f8d4429d5,0.0000
711085b02d3c4d4a958ac310426f6947,
c916e377081f4cd09fed930bac45d04e,
28a6d0ae7cc2417ba256b14b14ebc4d4,
7b2072e6224a4262bd9deabcaed08a88,
969a88ffa2f24d359a2c49ca9af99ea5,
3a7a0f0f70cf468cb867f69faaacb789,
04cdea5fd03d4cf784d8c6ceb72261fe,
19b08c829d74414a8efbe4a0b4068fd9,
2615332d5d4e44888ccb6067f7af7cd2,
31ab7de57d3242ca96f4ea5367d70260,
950cb0fbe2ed4583939549c00cbcb872,
071800e883e4407ca033c1749ebbb7a0,119419000.0000
560814c7a2f543de8bfc3fdd43cc7f5b,201000000.0000
6c1b54a117574439896a3907ceca47de,
e6e2777de1b247b091197d714b41c140,
bcccc81c998f46bb872c8d9985cb007b,
0d35b04adacc4c25a2773d22a586d033,
7f9aefe0c8fa4b01856bfcf9b3957a44,
216ec8b5a0d549309729eee75a0901d2,
8ecfdf472f694cc0882b68e70c24c7b5,
784cfc7f325b44b599e7630a95550a79,
1269403407e54815a344dc640d3d3c1d,
0dd13ebf0f234cd8ad61bc745a3a6fa9,
11d97f039ff0425b86e23c11ef414f0e,
5379dcee1ffa411da72689a34976e514,
56c0d0848b8b44a6900d5e74a5917896,
3929c19260794e6193ab656425735116,
2d3252786a6146e4823d5a0c1c972843,126771000.0000
4dc0c298f0ef4ffa974c2a6f00f4f758,
35fd8509b962421593c4186e4192fddc,
4c40865cd1d8456aa2d7c6f8c5e2c6ff,
25c84d50bc6344ed997a469e3761f40d,
8a6c6660b24c4b1183ea5bf406581a55,
1ce8a9f5ae7a4ce58290f785e5e21975,
2204b40ad1df4327a6004f40bfbd4cbf,
41fd195522ec4a0e9f07e6f5d221e2df,
710acf8516f54ba1ac038fd711f839cf,
d31e803646d541d39ba510243dcc30a3,2529899000.0000
09a292d6b02e40b8aba85b6bc5cc2f4c,
8973afc5371e467cac379c935e5d571a,
0eaa865ab77a42de8d9c57f2775b1546,
d7ca66b081e9424383810f8be24e1677,192000000.0000
d5b03a1de243495d8454126af155d44d,221500000.0000
0d8eb22c275f46dd9f264915643e4aab,
2cd188c86e8a4df3a1e4efe40c0870d2,
d7e15ab749114db59709cab0a675151d,231349000.0000
d086938ea6134245886c489d4e59d6c1,
34492784368e4a9b8bc9270271ea915e,
9bdbeed153f54ebab6d6bb972381707b,
c8307d38db3145769367aad9a7ee0fb8,
50475c9f4485449eb9c5df967ae92aa2,
6093d09c57ad410da268023c3acdd096,
598a5a276c254462ad1370e3af272724,
611ecc244b324cd788b2aefdef6f5864,
9aac03ba342c487aa0a3934a41af9517,
bd68fa8abe9f4f03bea97c93e101e620,
064ec9560ab44c18b5365e41c0a3270d,195000000.0000
86d8f1ccb78d4658aa3476c3aa6e0b86,
7d14d0f20da34d5085fd7b6db22fc748,
48e559d8744e49aeabd8e67156f08b0e,
db68307ae73b4f49ae274454c51ced65,
1bf539d1681945ae9dd2c0c47099c126,
618d74228d544b319f1b6d5bba6763dd,
11e80cdd7dca4f9ab310dc2a73ac05ba,
6170f56ddc57493a8c88953f6bd1136e,
af3e23905d514d04870a3a1f2ce1d131,
5f59b5aab8eb4a49add47f965281b794,
b5bd58e639a8433386eeb678a5f824a9,
6b60e748bdcf4e9bbb29d63e2ddf4126,
ace1eab6c5ba4aed95e0717084301629,
90e63c156bb046bfbb44d08fdf9046de,
bedd50577e3540078285448b2d05c1ac,
8018a925d47a40e08858341fe68b58b6,
d511ca030242474a8b3d635400bcbaa9,2588644000.0000
e4f196aa5c284757acb84ad560939806,
894a84217f6b4caa978202f69696360e,
cffb5ba537484380ba6087179901c402,63759000.0000
c0a6bd6562c247f0aa916c827e7663a2,180000000.0000
10c4bbf7de1c42be9c813f5c28150e59,171000000.0000
abeb19bafbef4722bfc843852792c79b,
65e428774bc646fda89e496cb1021d4d,
6d582ed0c8564c54b38fd82a37a6537c,
a8676f61c7ec45248406f4a2d4d54345,
47df5803a46f452fa9042a0b6c1eb221,
9ce8ec26f7104b0c911629f8d80867ee,
d9d4dfd2f2d546418b6e1002c971bf27,65539000.0000
18e4d3b6ea684610a9a035301a6d6984,
e66892d80c904f30b46dc5564c1ce2fc,
2dfc909a50bd433584a3223b20103b4a,
2be87e90fe704f32891b7756f44d3be4,
89b1770b45064f35971a0fbf3ceea52f,
02b06ae45d164998ab9e17fce0800bcb,
8b099781e96c450cbcfc434f601dd810,
ff299b13b1794043aa44fe84a7f6e596,
872c79a94fb84612a0b515d0a95b9f91,
bb89ddb956ee492f855c63ba98df5a0f,239000000.0000
e275724ac9214fa6ab29ee5f72c9aa30,
e9b1582042ca41f0a8a9ba61517fcb0d,
ba755380f3be4ee9be1ab32bfb797415,
ec4aadcd24f24a24a5fb46abd5643065,
480dd5f3de3c488ab2d30e338c93d5f6,111714000.0000
b942f6dca05d4c07bf7b6c2bb3d8c7ff,
691ab5376c2a4174bb1f84f31a0a4843,101327000.0000
45777a5f72f949f39cee2ea41afdba01,
9c3aae0ff6a541ea9c3de1d84e35c1d6,
4913bf0fb6df43368b47225096a96460,126771000.0000
b6dab5064b4d48c392f9b380e6fb43d4,
9deb814efb4747309cd626f2b9b3d1e7,
c1625a1169aa46219e6873bc605219c2,
39f190ca33284789a57bf4cc7ce3a1c5,
76e2a682ee5c4bccb9677ff32fefb9f9,
3198b2ec5526476490e66243597322f1,
15b3e7f37ed1472e8403c73e649b2a57,500000.0000
c4f2b44cb55646519639617c8eea2185,
29f1b63f993e4b219eb88dc2c0ccd753,
9bfb3bd8f1a24921b585fc3e44b61758,
6c974964b2aa417580bbce0fe1e26113,
0cb3f2a4884944cc89ac1a2a6389fe46,
d4f24b2bb88945d2a2f4485fcf26a7bf,67000000.0000
f4ecf7cc0564430199e18a794dfcbf37,
627d24676f0d463b998289dbbebcb316,97183000.0000
8f0f766d34a246669b37aee13b60c054,
feeebb7e7f664cf79bf45cda9fcd2a65,
25f55bd65c0b4a778d9b796fe2bfbb0e,
944c5edb97d54a51b32e7bd0de244a87,40031244000.0000
81bc97b29e58491097b5b3e6e2a66f28,
bc7d899f1fd24d5dbbd3613b4383d33f,
d57481dc87194d7dbe2324cfd847424e,199000000.0000
2e6423608b8e41adaec3ec4ce686999e,
0a1bc564d91f46869ee6210cffc8cd80,
cef9225cd4244ffebf7d2bf6efad5cdc,
0c109cd66eff4433bfc49cbee5d08f2b,
b47b1fa4a6504ba9bc7f148bd6952332,
f3d9ffcf8f964778a127f015b6acdbb9,
c7d18229dcfe4514a7eb686738e5598d,
7fcbd6064d6d48f3ad084761a15e1b42,
20bfa6e84f0140269274cf8b1a329ebe,
795e93450b9b4cf0ba41b801f0f0f8ca,
90afc464093647bfa2f22cfe1ba19153,
1d61b8b6af5e448dbff37f1862fd9ac5,
85c0a6ec7f7b480b826aa259fbe0e341,
4c5c2aaaa58e48d4b0c8240ec0bcdee9,
f8299f87d84f4191925987f0721f3cc3,
89977795d11744e3a6f528c09128bf77,
329b1ae26dad4d139022ab4407b4c47b,97005000.0000
273b3772305f49168c3aa6d1115bf7ef,
4d6709930a3243078169895d3b965449,
e1185561f69b49dca9044bca53c55fb3,
816e499266d644ffab6a4196363cf3af,
fd08f248057f498d874fee600bf31770,
fb8c267db6b249bfa4d5de1349fcc7fe,
c526bb3d42304665a9903c92cacec2ee,592400000.0000
1ef05ffbbf604a32ad96018b536558b8,
b213bd5aef75460189c770f9ca93efbb,
584d432fb2ec47acb7b4ad4695ddcec9,
3dc03671335d45e6ba7f902607aa1bfc,
858e14378bb84043b30b5ad4eed6b5f7,
30b9f671f69a43fab3f862617710922a,
447e5cfe511c458b879285c79df22cd3,1546000000.0000
dfa1b767cd804f7b82eb5d9d2159f78b,
963bd275ffae4dfea85cd6081e3dd2d6,
c1440d4c220949f6b5262e1aa3248eb5,
5fe7efe753f8495fb80f717280d93171,
28e259379e2f406688621f8dce69005a,
e3986430e348471191ba8671b315cbfb,
ff54daad16bb4996a22025e3eae587d4,
bb248c0a5e4e4c6bac5ed6027fa185c4,
bbd0c974d5784ccaa19ef3c89fda0f82,
ba7aff387f9543c69bdf4e515d32b2a0,
155c29fc0e604d30a4e86d8d6b4671f4,
5a63588f37604c49b53fb4c36278ee02,
00d6e2c91bcf4660bb77b4fb93df4d8f,
41f75325e1054eb8b5040265aeea2e05,
0effefb853354d61825e592d11aa0f90,
2efe7bc1a745484e9069e6125282e1a3,224000000.0000
da60a355611f4bad8cc504edcd5e43d0,1287000000.0000
79444d5a842b4398848ac51fed25140a,
4454984c428b4be4952ab0d15b739cfd,
95c46918411b489cb2eee3ff8e80de25,
fffed72924e94ca1b7b8c8c9d947a737,
d9c5b5533b6e43ed94d2c493aadb3923,
7d524adc76054d79aa990feb065cf4ab,
889b073ed3b54fa985651080ab24b08b,
f6bccda30e7a400b9cd03ee9b87d8ca6,58910000.0000
9b2bc43200ad464f9e7855b12ee0af20,
a0353aedfd3043dab760dc67ff5695d9,
b695f3fdd1b741b7a7adb11d5b554ab7,
961d8425e03840b89bf05c2bd6528e93,
37ffb2e7ce0544b7a51c13c7367302c5,
1615a6caee1446a894f1a790f2cd29bf,92390000.0000
181d1e5b77ee4dcba78ce1ec326a0009,
339a1e902ad74b04a13bd85373e6ef54,
8af3d5c2435f4dcdac9736f3a3107f80,
eb76bf70046b450480db9ca06965a183,
ccb86ac8028b4cc19c03d8812a6c431f,
9371e98318c34ff0a6938bc08f68ab0d,
8054c20d63e54544be484c5b5e318900,
d80ac5d5fcb44ba686333b80ad96a94f,
ed5c8092e09b4d5a9b22a3762ceb2b3f,
c22334801fdf4a908811d99af6889774,
1ec8387b23bb4dae943bfd016148d2ea,
9611f1bcc86a4c2189b2314b46d5cbbc,
a9b67a26572041f48dc57c4b22a2ecc6,
0f5322867cbf4474bbfba91fb1a75942,
2b5341dacbf643a7bafa9fd2dcba3559,
7a6b85ffcb454eddb8a44cef67df00ac,
453847385f3741c6b2ff4fd7727098c3,
8ba831256e1446a9a33bb9e3615b0e90,
c7ee835c9e5640679402e90635705633,
25403899a09a4894852eadfae8cf7c59,
b8bc8a8082fe4ff5973c1102dfbaf5f5,
b8a417007fa74844a92234e133664fec,
7a20edfe4a2340bb9c8218045b499408,
8b3847e158e3474f907b5ddd81e3ab03,
056642f8a7594e0ab735f8643635d0e6,
b5ca282d756844ecbc9982dcbd242da4,
4c68c999428a4c318f7c42b1bbf21306,
6b3e903cd28b40d88d13b93f716bb96a,
0a95588800f541abb297707e25f9c55f,
222f0f3b5fd247f392b495ba4cebc9bc,
7dc4058aa55a4e5d8788afd0cfed5675,
699f9727d4804e3eb9d9fabc809b80a6,
0d2b35d34a314b2791c1ddb40ab124a2,
edaf7723d30744bca2078b19d3b83d90,
318d253837e74f97b3e498408168237f,
a2502f2e266640888e56b2204fead12e,
41efed3ff783422fbdebb3e541d94a68,219000000.0000
5b8e94d6b8cc4196a22aa1f8f12d1314,
85a01fc9f08245ab975d22a5059b7a85,
70708b5ff9a4409ead6a23e984cd7ed0,9000000.0000
2f52542caa71472c9f763e4606fa5963,
57cdbe4091934151adb567593c730025,
2483a3654e364943bf507720a27a13b2,
ddfdce7bfeaf42eb8790462341d22aa1,
17a4aecf497b493081c29005f49cecbc,
045304a7c00e4bddb1120ccf794166a4,
061e51b1ad1e4edabaa23870c298d4f7,
430d8a8cb61a49aea59e1be84a205117,
15471b1b02d7460f923943c9401c4a8b,
160f23b643f842e1adfc346dc9d76d66,
9ee8aa666fbf4bc79517ef2b6de26ffa,
a54da2acb9394aa48b04bcbb3df54a5e,
489a218d0c0c4c87bc6c2a8c3eb9a176,
a6b7ec61d98f4a9f9c7ae630ac8476a5,
edecfb0302f04d9097bae33dfff4c636,5000000.0000
03d2e2235ecd48f58e09287d0e6edc03,
e0f4964541b34360b761e26799f4660a,
3d5188cf29c24596b4750d6fad07b41b,
7dd4c266029d4a3a8b09f0ed9162dde8,
9e8e2ca5f18c4661b2892306cc77623e,
6914d1b3d629409bbacdc12da1e6d1e9,
1699f8aac48c4235aeb8d316811c2f0d,
02e1a26fb1df4aa79332a12bc37da10e,
e2fdb8f226994a798b28becaa30928ad,
16936b34825c4b15927ca2062502068f,
a064772b0f3e431380e66964905137ea,
99656792a2ff47d8b6bb4777eb068645,229020000.0000
3cb8b32be157401591c5360ff17eae79,
56472b018a6a40d79084a3e0b6d94ed1,256300000.0000
8ebc201f6c9a45a0be41df8215bb143d,113000000.0000
cc0ead6d4358475ea0ccb0f81998cbbc,
595420e2918f41d6a0ddd3ce186e13f1,212000000.0000
c3dbc73fa355428c9751ba40ba575da5,
408b86cbfe0744f2ba434b836083eeb8,
ca1e6e456d01440dbdff4ce29c2353e0,1216000000.0000
f150682812d042acaeb5edcdc9eae8ff,222000000.0000
af23d850b330472ea42c87fc6e6b842b,221000000.0000
952a213c71e24163b3aada2c030a7d99,1302000000.0000
fb3b09d7a9d0457ea170d5ba47cec883,1202000000.0000
543bd4a2fab94f829056d6fb79341ace,
4f24a4a88a45493fab0166e5dcb8351f,
624ecaeee8eb4f1c9547aa8df815cb4d,
6ae9ea268f8a4bcd89c151dc09522b99,
9782b39d81454d87a245ef7ebf7e5682,
6226b599227b442aa26c0c047b197841,
7734cc91179e4867ab3bbf4e3cee0d6a,
b1243242ee6e4022834acdc0efbf3498,
44ed0a0dee2b4f4fa0668aa367611f88,
48458ca1a48544e78e5a3a9f3490472c,
8ca979e68ae644588f640747a8b4e9a7,
2de001a73602428a87c614e236cccdd0,27083098000.0000
0037e1e68d36410f9c170f79682eaa7f,230000000.0000
82639bb91d274f3585783f803493a7c4,
9f9a61c678d7492d87dd887c799071d4,18467443000.0000
605445e93f8245dc84907864013819a3,
cfdffd6aa15248e8aed4893c4eb74667,
d6add555dc0f44edaeb7834227eee3da,
61b5108687c44db4af3e0f8b6780d799,
7bafe195e1254427bbbe3de8b15d3d24,
77a5a5aa2c2b4ff8ba943299db81b30d,10000000.0000
882a630a8df04bc0b8a33ea2d638f4c2,8000000.0000
dbb767fed500415caa530ca5a3df02a2,
44235376cb6546e6b3eea73c6a24f0e8,
21960bdd99b54467a346d01019667fd1,
abbe3a60a9be49a6bb93e9c774a7f241,
921f8ecd22a54f36b01610d00895e879,
c1489aa287504182a6d8dfc8962b8381,
9d7894c2c410498f929754b1901865ef,
5b85dfb14d5c4b6a957b4cea4fe60134,
474402cdb56d43f8b0f553beeccd39d8,
72b51bb58e5541e6beac5e36879d375c,
f541f178f07c4f4e865c48aa450ef2e0,
bee5864e511349c4a11850014b7fc56c,
5184ab9d62f04327a612ca871ff01647,
20e1600d175144ae84c8d69dff860424,
5dec2b735476439cbaead22395137119,210800000.0000
681ef95cfe424076b095686c642a334b,
e2b3265afe0944ab96c0731124d78188,
6b4c3d73a98d49d9bbf8ab39ad98956c,
e8b418e9c9b74f0c99b4b20f8ac5797d,
394289806db14f02ac232807bd23cedb,
512406110a4247f6a89364c061bff4cf,
f964bc3b7da141dab32ba73bdd748d1c,
4766669f069a42488ba1e6f2c2ac52ea,203300000.0000
d6adb7f986df42c8bc3278c9092b8cd9,
573c500bbcfa41a0a0f13f58e51c6998,37000000.0000
38b883dc8d0145a98829b2184911f307,
06d598d06f75446d8619004991d990cf,
8fe3c5a07dbe462cbcf73f869f98d5b7,
f0dd8dd2c04f45248d448fa3d756f6bc,
66533fb644404142bbd16d4bff6e8edb,
b9be16f70b0640d9a411c5e7ac7f6f64,
d4154d010d4640b8bfb06217d0a1064e,
855cbb48dec04280b58a0c99bc8a3424,
40d2d8cf5ec3488abb3a4a0c59f1fe1a,
9063b59cb4874ee49e3f6451509118f5,
a5fc5df3db054f70b9025c11c6886c1e,
3414d10fbb7c4b0a9fb62fd33c385a7a,
6999e4aab9da469c99ce5b3d230be483,
ad21154d1497483a823133648b79279b,
f6473a2d37d24d28a2378e45c10fb5bc,
7bfdeaa9ce2e4df095ac7f1b6842478d,
bcd1e70bb99b4d798b3b50042d2a181a,
fa22c04c25cd4eb6bc91a5155bc2a27a,
d16e647e9490421d889f0bf9f9abb45d,
aea591407a5740c8892deb80b45e5a78,
e139a9854d7c4b61af310ef8a93fc1be,
26aa9a8b573a4566b498847c069cb63a,
337f2de254d04e198db5c0f524ce7deb,
df9a2fb9936e4c83922e0b0ddf226595,
8f2235f6da144bd3babeea0be2e82b49,
275ba32442334c0f95be7d2b937473dc,
76800dfdbbc04a58bb21203a9c233542,
190cabac8de446339532969a354785f5,
0b4d5a34dfc04538af40440995061353,
8b4e0fc0cc424048852571c2ea7f2401,42000000.0000
9678c1ebee4447e88bcd0876a42f6319,
73e44d4941b549628cdb526fbc73338a,
52e9ac80d47b42078e65d60e3fc30447,
6318c479e8c146baa2f07bae6f1eba9b,
6208b1c4f9e74e18a26d20683ab52c0a,
b2ad7aef12f345d2bcff9f6704d6f388,
bd78dde375af4fd4a238c66c6dc6d148,
bc4a0bfa57f74f939b37fe7c24ca0b3f,
5dad551b8ca647c9b9df156ffd24ffa4,
32eda37ca81f416698d19160eaf3c142,
cfbbf438016e48cb876ecf92732044ce,
7688fca671ef4096915a07281b95e4ad,
47dbc7494d794b1d9f6d1840226459ab,
1f22975aeb4244a8b7eaccfa921088a2,
02c69d909bdf4ea5978c3bd429c8f204,
eb8d9b4044184e7b9b1aa7a2049d2eda,
ae3d05b0cc654b858a8d4ca501d01a0e,
55a0763504c24aa5bec181010f691055,
cbdbadfe21934f119cfd00c6048d2406,
be214abeb2e24fda822f7fd1e1d60223,
13f24e21b660481ab671568f97a6914d,
e81615eae70b42279ec3dcb0bf39e0ab,
2a496113a38c408897800f019b6932a5,
8e2557f46441495dbd20c76cd078aa43,
b0e7f0723c3b45fcb71af1a598a8a014,
0d3f3e8a4ea1437b846c04a85b92576a,
8481d1e09e924ca0bb1d9d232d6fc658,
51e39e3040664b27844ffbd8994a2af6,
29b90c701e2f4095832645c930d936ee,
73a6a42b1c4f45839617fdc686ed8540,
3c4d31c3d96b469e8e0b76a1f3b0a9c2,
3aaf91c9839c4d8a869e012a6edd2f8b,
aa263222e1b14c8c937d74c5dcd5f838,
1285c6d2518945f29aea038159fc538d,
4b6d9504384c4db98c81785fe76b9423,
16fece87218142fbaaef82cdb59f10f4,
0d083298e21c42058ad8b0ab0f5102cc,
6ebb2001e41b4f79b9f552d114806458,
887c973b9d6849ffb6fbca1a01d7f653,
7bfe8272a6eb433c80cff45e06d37be6,
bce4667d15b04ada863580477710ca46,150000000.0000
d6bb3baf50814af8813761f6716337ec,
0fa921139b694059943b5e8c880b3f6b,
068b3e32a00f4fb3bb2b8157c4efab9c,1265000000.0000
6c184edbaf7f4874ada278223fb8651b,
f8e8d2fc026e4685a4c639f297c6b52e,
111c25e522b348cb963078d7dc4d04ac,152000000.0000
98edd5d2c96f4dbdb0f6befc353b4ac1,162000000.0000
56d422dfda0949b09f022f31ab202e10,
0d5c4e4ff1744851a887c79c53240e96,
3790b359c7694ff4817e06d0dd77da29,81054000.0000
0363066555974619a57668d0e84de242,
13ef4827a14c4664a864b88c5d976c42,
30468aed4eae4b0f8f547734032fe081,
fb8e231c1ed84eccbb04bab9c900ac54,
5acb6df97e59437c9e0a1dab5b1b6783,
2bd0115ecc38439ab637bafab0c7d56c,
f9e6cfe1a38549048d8d529801311b83,
78b66099fd8146fd85b925445ed36d2d,
f38ce0fd90d64800a56d181981ca8d89,
273f3182597843d39d280e3a3e90e5c8,
cf3610e8b7454d6eaeda8a26e79dbead,
0cb643352aeb4de0be742efaa81d5ac1,
415799cdf0624df5bcc306943fbf533c,
dcbf45ed01e941a38f4cf37a4d31ac5c,
ebb69bf5bf3f47e18f29cfdf56c87b2b,
72c47f312234446c89d94806e2800003,
52bab2de89bc444cb18d916f3376aeb9,
1e1e397f04f74423a2faba37b7703160,
4ced205b563e43b2aba63d064f9d287d,
26de25996e984e698e9f368b6dd12b04,
73bfc77b5a4d462ba82cc53c17dc6f73,
3f1ac4ffec1744738a84e18072af7ded,
8c2857faed194a82818adcce1203049a,
bfd32a9df8e747cdae5d647bed4837da,
a661f74811c4438fb2db49101079f4a1,
e68505214f874475910f6b8a19df6d53,
ed41870c51774012883618d1ea51b0d7,
2d4dc007fea142d2b88911411222a0eb,
e7350d7798f147e1b61be828c77b4dd8,
453d1bdf74754a409e1f266449d366e4,
f8ed1fdc608d4167883ece999130947f,
6ef59a0d1bdb4914b5f3587440c61bdf,
932a7454020b4b60ba84ae089a7d8491,
69d78a5e6e854405b641813e3afc7779,
b338c8f700a04c8bb16c9c9a829d17a1,
0e0900cb3f4343e7bca85ccb84686be8,
48dd3c1ed4a04ea3b1ae4d2c26c00245,
5fb47ab9749d4c99b8557746e31a4bba,
957f2625013e453d97d2f4956afab46e,
d5efe3b24ee94a69aa27f98d6fe8c47a,
da370e15c5ec42bdaa2e2dc53af7d1f2,
b004fb643f154477b11a733b7ec87bda,
68dc4f5b23eb4c5d85a34d90bab743b4,
21b28bfd26be4c8ebb0446090d9cac85,1972000000.0000
74a0eb38102f4f60968be82a8d014501,1956000000.0000
d7d180d70cf2481e8c877ee4671e170d,
cfa4e391cffd45b09c726aaa1df71eb8,2039000000.0000
2d8636cca3b74788920902c8b984d7b9,
e35da8e058564c7e8b84de1a8a92b971,
c94e2ec3be3c47abb89716090c413d2f,
3cb72b87873149829161025911d17c5f,12000000.0000
99f59ef265044d7482251fe30a172748,
f9074b023cc44f8b9086a9d094f04716,
7669814a975942aa90fe3e614ef11ed2,
d3772ff5e20f4853829f36770633affd,
cbe8da7720d3420cafc007f366893891,40474565000.0000
d13e9e1bd2d9440b8bc88537e2668ef9,
75cf8d73deca4fe18517a80c4b297013,
403edf930d31499eb2bc6e80c82c22d3,477000000.0000
9971e45d802941ab860a726ff1a30da9,
de2588e49c8243b3801bd515fc8fa571,479000000.0000
9ceb0d931a884b6ebd18c5f6583b4b48,
35d41a404c2b4a218573f019c7bda479,
b5fa8738edf34f2491436a90bd53cb20,
68f4195a44464095b4d0af6ecca6d9e2,1135000000.0000
803dbc958c514d9b9ae05639b8a2844e,7490000.0000
d88a85e4ed0f4702804a2fb5c7cb20b8,
e388004f2d87445aa43ce20fa9a0f76a,
f770f35e31a54539baab85f3cac18d7c,
b5d948219bf7452f8b1964b8a0bcc7b9,
a748833218da4d2481de34c5a2ef1047,
cd7718318399471f853c3462bdacb884,
444e5495034e48398b98bdf75daa48fd,
4aea673bc5d44669bcd54d4f542baa5d,
f0dd977523464c1bbb5aee2729d2a956,
ed3cc1ff233e492fa7cf2127614b7f64,1081000000.0000
20f2367ecd8f486fbe207421df13729c,
c87c36b8e7604b03b1a828a1674f89ad,40755618000.0000
98d937956f814349bc7f52112cc25bed,
269657ac00d14523a5af7ebd9bedfe69,
79d0b76432b84c0d92cf5949bf0ed750,
e33787ba21224ecfadea6c0a8284c274,
607327fee3824273b4ba344718a31c05,
406dd7574ce2405689425a397d28f69a,
009e09c49e794973a55b701f34c597f0,
53fb1a9a9d3a4b2fac6a4a1d7900ff6e,
ad23e97c531244279808addc98434e1e,
aa13b25089ee4f9796a3a3aabb6e0599,
1f72ea149a454059871d7f5de0fd1df5,
3b03c3008bc449c08b0fa335fed2efda,
abf536c90e2a4c388a85f0a8d12ee346,
59513fec2147456b8c82a8fca48e9850,261000000.0000
a854f1f8c2cf4335b84bd6be11c762f6,
7d14128466524a71933fc2b8d66bb515,
6b91fd3f4cda4a6f8ab25d62b8b188b7,
ed6d919acb484f70b4ece7b21bce3f0c,
00349111caed4e428b0ae337af41eeb6,
9b4cc08270e84a06b02276fa69e33540,
4d4441d1227b40b6bebc7e4fe2554182,
bf8a20fd547b4572b22e3c0dcc10b4ac,
04b1c4b4c4d841c799bb389d11379975,
cc013607f9194b9ab542a3d8ce7bb325,
7145d778937140d2b0a613ff913cfa34,
7ff968b598244a7a8100c7148f4090c0,
2a0d636c82f3435a8f37b7299d6c771e,
33648ff9270b44b6bb797c65b9c6c120,
5fce449cd6cd4e01b736598635feece7,
d9a0d9abe4d34718b071e1f59862d63e,
743ea3dee22944d2b9a0d6ec34ca5518,
dc96b5aa0efb46f9a150989e2ca11456,
9ebf74847daf4609bf53682ed5f83678,
f2d1e6ffb23f4bc5a74919b4edcc0657,
a353b2689c7d490e8b267c2d3c236be0,
58312b81a9a54b43a56d4ef71e7063f3,
1e5bd7adc84d4e35bc13a27de5a4fd32,
3dc9b3f698274f249d1380d951b54d61,
6a2523e2e23e4e969358334f5b553524,
b5d8d612acd944e999b51f90c5bc775c,
dd22292acf0241d89967f97b4ad40d08,
f5882f1ebd6e4141abe7dba4cebfcd56,
71acc1842d1f483cacdf7a81e4d2aa5a,
8c787954ffa341439c814222c2291cb9,
79763025559347f8a4bf540ff70799aa,
79c89b6c6a3642b198d685068b943fdf,
fbe9742ed704496e95d45a184dca3135,
912f6395808b4b188c1043f365f92f3a,
5f1f412d77034734a21af2826ef2ea6c,
a158d4d6fb664a81b15251124cc95152,
d23de43b23d74cc4bd38eb5e5c2c99ea,
af9a0696fca7405f84a1cce920be98fd,
2a0ebf6aa0a1408d9b6020460a4a6a90,
afc9644e1e1e4f3191ed9c7b6ae6c183,
9fe128021f734a6eb6e4f0d69484e402,
ccc4391db2574d3ea47886a7fd27a6ae,
80eddbdd92d44debaefa66d9d300a24d,
aad18ef024e34c09bc3b1dd9c2601996,
ef43d8e7bd074064afcb8b8af845c7d0,56347000.0000
6955d27632834ce4ad9f9d82f96a5364,
c7eead52da7a47f3b5ea3420f266444f,
f61421923da64d3bbd892cc451cdee60,
ab6b1d0f10bb453d82292e8b47b4b6d5,
1815bc0098804b8ab7895e57f39602e9,
55b8533df4044ba38120b98f921600ea,
1389e82a1985458fbcd8332fdbd2383a,
7a179217408c4a5a8216d96749e07dc9,
dd7780c9608f42dbafa5bfd17e71eddf,11835143000.0000
353bb9cb769e4444b60aeadfbabbc4f4,
79e34634f36e424aba948c564051c2bd,
8ca84f17aa5847b9a2588dbdf23aa117,
7b5baf5d90a14d748543791c6fa46e0d,
0bf2aa14828b48d980038b18edcbb18a,
c271115a403d4542a97768d857e2abaa,
d7afe96c47244ba1bfd59952f8afc7f3,
53caf0504350449fa5ba1b2c3ea08628,11000000.0000
7f2767d475584908b04bc447e0dc9ebb,
538759b135dd411aa18acc67538582e3,
a0b9dd4f93ce4316879e8d2621119629,
2eaa8dffb0a0402383c83141f95973e1,1416000000.0000
5b1f3906b8ac43fa9dc9606c893d26c7,
3c7595618ac444ddb8581fb16fc0ef9f,651000000.0000
2054338cc81c49879db68c3b2a347fee,618000000.0000
e685704a96f34e1787943ed26274f59c,17000000.0000
85369c46bd584e62a75edab2aa510510,
31bb392155124060904f04854b38de9b,72000000.0000
86a6e60e70554a1080e433a9597173e1,67000000.0000
a3056808952c471cacc5fa5766605c24,
506d90765a4542cb8061054a11d30628,36747947000.0000
83435b0773514b948384bac89324cf5f,
bf002cde33c040ea867f407a166547ec,
aa7b7ad32c794b798a977b21356583a9,
aa6931005f00468abe039d18e27bdd5d,
8e14b46cd5804171836f267dc094f6dc,191000000.0000
b7169a1f39ac48d6ba297b2c13cc3ef6,212000000.0000
4e87c74ea8db485a85e48a82742f5c9a,267000000.0000
89bd3c31fdfe4fe780d6a1078a4a3e22,317000000.0000
457f77f26cb8442085a814564229bad4,
815f3738a1ac4db5a79abbbbf5611215,
3f7a3f76fd794243976dfc27921d6bd1,
f2956f21a84440e0baea9e2153a6c163,
4b496e0589ac4a45936cc0bd9a980467,
92784bfa3bd448dba9e3450a210ee5ad,4647000000.0000
c0ba0decb22643f79bf41f45cfcaf41d,
bb8449c7fc064dd499e32c9004bc6212,
e3a698c89ffc4803b7176dc0db8b082d,500000000.0000
e2af8c8f8f2f4b19902de673e2df816b,384000000.0000
9d995f9fcbca4cb28ab46f6fd5732ddf,
57b89ffd8d3349c99e83ddebacaaba4c,
c090d7d9dc954a568809d789171669a7,
744e4bbe91e04db799a6f49fcec53819,1098000000.0000
7e9dff4a931d4e08a6bcd1a712963ff6,
e6abc363da59415a8152b92a13cb4f5b,
de29832bd50244df8edd7bb7b4df0359,
7e3396ed9e60456ba950a853ad3db065,
d5adfcf166844bb9bd96d8b4078e0f2b,94000000.0000
9698ea66dc404b16874b002eb69b8519,
9c258e7cd77943e797aec5a97e2b19a2,
3496a4c922304dcd9209c7037c298b25,
192b7225b8f54af18cfbed557e0f0689,
d1fcfd775fb644e081485ab3da918922,
85ff04d845cd45d38d72a1a1eb790353,
92e5054e15ef4582b2badc9d5470fee5,
83ff595d0b7842638efdd50f52bb8a35,
00de923bfa804f96b8c8e8f9333ebd7c,3917000000.0000
ccdf6171247a4cbba9f3d46b7bd9f240,
e7b3e30c31364126b2786071f475e065,
38bd90febf7a42dca8a7adb17c1a8946,
1bb640db9cb74fa0b2a94b614bfe8cd2,
dae6111b60c647a89f7b54bb88367d79,
b5265ce0474b4e8096f888afd22828b0,0.0000
5acb6ad18e49453d9bf15cdd2b254221,
aef5b08e2df3437db8f02e1f5bbd31a0,
bea7b8597e8648969cedb5b42163c70a,
bbcb52d450e44ab08768d3132ff9e96d,
fe4a26457062415080b0635ce45c0000,
f0c1e5275cd14b6995a31182cb797525,
9b0da04c7c1e4960bf10e62316d76a8b,
b2fd8f1791e845e083890c70a379c27b,191000000.0000
12edcc7ba7244261bbc204d01503145e,8000000.0000
567f916b4ed14dada873dfc6909d354c,
4aa37ec5046044cf98230c11c4057f80,
a9649debcd7d4a0d876f7224e9f0c4d8,
70c1474d3c34432ea15365269b621baf,
b334074bd39e4dfcaf21d161bf408a93,1080000000.0000
73a72927757344a696e7e35ff3d24cfc,
398419b3d8b04d4c926da2b023a52807,8000000.0000
3e35f5c31c5b47038dd6be025116e303,
b46b5b5cb3a0464bae349677fef33cc5,
6a29b54091544358819a6b67d82fea8c,
2c7d0de110d44317b0bf6ed0399910bb,337700000.0000
546f6268998b40c8aed855b0965bfaa9,
cf5be3ca2eb447b5a26cd6be009ee5c8,188000000.0000
8ab7d26ae091497b950985fc02278d5d,
357808f06b0048b2beb02e49b9fd2076,
d879dd2afb2e42b6b681ad0f2be44958,3466000000.0000
f6876f0b4d594d108dc3fe79468300fe,
30e8e28692e744e0b915d91434b26614,
81be51dfe5c648709479eb0771624c8a,
69ad6e302df8446ba5fbb532f85403f3,
f69f0b1a4bb2422591076890c9d5a593,
de212164a88e41759e73410a141d6ec6,
e943807b4f4f40c2bfe9644dedef8228,
0474195d154d47bab83483426512d346,48000000.0000
72a2da17ffb84c31810af03c72d82cf5,3900000000.0000
ee90c4a92b134357814685dfa0267cf5,500000000.0000
22d844983ab14db99af3791235e144ed,
21ecffed04bb440eb089da634e5c0dfd,4679000000.0000
4149d52110b04fd394a5d2b0d5663644,4084000000.0000
32a0e64c546c4608bb32810b98c8e9b1,3929000000.0000
f591277837ee4c3c88998f8300a6b5b0,3828000000.0000
108adb716780420dbc930e016b92e392,3000000.0000
84dc2dd976754085862d4c73996a9082,
01f41b42ce6047499985ec1070ac506b,1199000000.0000
4e0f60afec754f029900368892a62bd1,3917000000.0000
6ae43a111d424a999544153ae0591639,
2a0da14e85004478b8963b2d9127b391,
31f8f6a73d65468ebf6dea021269ff52,3903000000.0000
9099a20e932546bb986dcd66d058737d,
2bae76d801ad46f1a779981cd41a79dc,
ed47ee06d85842bfbc0a10272e629027,
e7cee63a9340463b9e55bd230ec038ce,373000000.0000
52209e9b80484ba3b2a01f6987855cf1,
f2bb12b5685042beb26748f35f47a5a4,3903000000.0000
2b5ab677bb3b47dfb65a387486c5e04d,2049000000.0000
5170c7499e2e43bdad1f8deb5571ad7e,
1bbd411d6d934d0895ddbbfff509ae97,4204000000.0000
345500af40844791baa78acdd7a4551c,
8a66a8334c0c4cdab2801bc312d9cb99,204000000.0000
d419df0f6d614f2d95f2faca9917eb9b,
5440433937a44774a8aeebd2eba65df4,
83d86654e1594dc9ad4601ff333d8909,
9172eaf7c25f4c079cfa1c4fbafe664e,
28bbc8d28b1243709befb37eafa81b4d,
5cf4f0abfef04fd2873f6beb4d8592da,
084903d50f764c42a1314edb1c1c13e3,
52d94cae9247451a902b8e81616ac6f7,
21849e79d7a24605be0a5bcadf4cd552,
18a89ed789c74703a91a2cc2b5ab070d,
74b1d27f29b447688a50e8f9a45b14d2,
cc6ae6d336274447ad00b2b0e19ee0da,
20e6d062bc104325887efc9fdb2a3ec3,
d8f254436d5143a28693483d92789787,
5034681ecce14910a50b97d9de401381,
ae9ed59086cd4fe0b245ba9b9e7cf7e2,
e0607fda1f5b4228a502f0b134c1ff98,
e7a9ae74ff9942e6b9b775d64057a1df,
4797c030b4f842fd94238335770d73b5,234191000.0000
8478763d6bfe46a48e662a47fb69e5a3,199315000.0000
cbdedcf6f1624ef4a11ec93afbb628b2,
a745abbfa3524c9bae09a373f4c32c94,93827000.0000
5ac00d80cec5458a9df0e7bd42f074f3,
6cd2bc113155449eb9a432e5f7b9f702,
eb7ac043f44c4ac59d87b435f93e613f,
135e484a79b947a593b44446e6f42fb5,
8fc7b6791f2e4747a767a4b9821c4d24,
28575a15bf124c8683e89c16ee597264,
dc2621e88b9744fb99afb04a76f92696,
ade4bd3cb4df47649de95a2ffefc0d62,
02228c52743a4378aa860c6cc79ba3d3,
40c3a0292e9a46fda28bfba3e51820a8,
1777df2b0cd648a29b78fc8ad833fcd7,
b6c40ce512254ef4a402c129555b9525,
9f5da3001c5649eaa0a759158c8d28ae,
d7a24c768ee44daa9e2f25de7aaaadc1,
d11f10c5ac0b4f49b8b7a5ee830a0fe4,
21c21fd5137c4d7eb0c2683f67be50e4,
032c3fbdc13c4131a6f80320c2fbabc6,
9fb80d2f3cc04a1aacbfab8ea16d0560,
9fc5d90149cc4457b77cb02aa3263a0f,
cb66490e1c014b299236eaf0e1b57dbe,
e04dc9d94b314038b203c0cfc48f5d2b,
5f4fe4e334584ba2ae7efc78c751413a,
506cf363badf4fc3b62ccca86beb2ba6,203400000.0000
b2df5c843db74df3bd4a1ea8b6c80e3d,
367d8a51a8a64e7d80c32ba8e2b441b0,
728c117525444be59ad2e2629d6b4630,
3187a0b8e20442e785be3c14e2bb1a0c,
23619ff13d3b4454bde1c57ef7ec080a,
094f281cd81643138f78cba4dc8f003a,
ceb2da57ca1448dd97d70133e3b0908a,
88a71b39e2b746d89b9730fd6fadc4ce,
e803a2411a6144b8886821437497f702,188000000.0000
7369b90071034eb1a4c05c340a29f762,
4e465dc1c735474884e9d3f3055cd82d,
6f7a266883df4a36a9491f73a07f7311,
76355a34a57c44e48b7b4a787c149aac,
697802ebc46547018f0300b50df2c955,
d21e88cbb2b5455d9b6e147755845ab3,
b87e47b4add2470abb3ad2537d38bcae,
7086ab08a6824c6cad037449112014dd,
bf22815482a240adaf141c9721917478,
374108009e5a4c319a65d55e4fa4550d,
2d38bb46460c443b9d250b0455324041,
ee7f5cf943964dd9b47ddfd6e4ff0e16,
99dafa369d1e49b4807af38fda79c874,
b5bff3f29a81469593bc661e7ccffb77,
e27b25b03ca948bdba0734d2e5cee538,
e982c520b8294461ba9314fd34075a37,
abb9e86b724341fba622405502e9990f,
de7dd8dd5bc24091aa52b21a641c07f6,
897707b61f0c4c34a99f7ca69319026d,
3e09b7b0430f44d4af6f8ff6cd9289d1,
64f87d37b07d43b5b4b19df3ab9cf8f0,
9ce1ecbf827d4d2a9bb2b3c61e0bf362,
b479128c2100410cbd3698b5c7afc845,
1c46c356a53f4349b44a0c90a953f81a,
efd574f67a45489ea4410cd26a221d2a,
9b8314293a6f4206b3b8779c5de5e9e0,
2cb7e104aeeb44f4935f91b7c712b33a,
50b2cbf2906242e4b7d8ec397cfffda5,5000000.0000
b10eff924463404e93ecf53b96daf8f1,
a2e0d37d1fe24c45968c1f403157a115,
d90bfe08c8104ac98625e451a8e8da00,
9ca63c0bcfbc485293239005ee329630,
562d75fdd992458983939559962686fe,
e267f62ba99745909028b0c4129be1ca,
62db1f07ac84465cbc735904be00287b,
d80190c0e4ca4781a3492975aa8ee157,
bc44208705ab4377980385cc338b51b4,
cae55a6e865f4af68a96da631a680371,
8ad72c23bbe64314aff0ef4026d89f90,
70746e253b8147409c1d5d4065aecf91,
5662ecf4f226441584f4eb7457d24526,
d56e3ca5ab144765811a10ca8af67510,
31244970bd994de690e81067b5848183,
c0c9957f784c484697c6c44c720a70bc,
4251f96d69eb4300b1b70333e83b16fc,
fd3699c06e964943b7f33be4e8d97cd4,
4f9b1143a09f4d8fadd789f1c2624f1b,
60d01c5d35c745299ad9d8aae072b226,
16a88e2f6025439fac436738cc92e8f5,
1f5fa930414b492b8ab6a0c6e5d54090,
a209be67b5fe49c98db9bb60e3c8dedc,
a44a8741c3d44e1a95e4e3f82d9a63a2,
4bb7b8fc08484a33a85f9bce772f28ad,
d9d3fb03e9ef471fbc62078d03ca30d6,
b7201232e113403a9de8275c8893f7c8,
ee90f48b7d844f63b9543e5c8c5d415e,
3de2503ae050454cacfdf01c442947cc,
7a2671333d6646488f04ae62199faf72,
c48d4cf7de6542ab80b9e876a5792406,
b083ba7101bc4fb28c027590838b6a24,
f45003d767954bcc97dcf4f83a0cf45e,
4b7b10413cb8471d83be756280b0eff3,
2cea563c84fe49ef9ee8f397a20698e0,
7585741cf88747e9952ff55c1e6a3c63,
c75d17f8e865406b83c3dd2738dc9d3a,
938e89ef89654e41825e2aa064e0a942,360000000.0000
3fd89639a21b45128eee526761d91341,
b670f435b6614ad6a7747aff1bfe3af3,
150cfa0d6b4e4df09889e4c04f66b9b1,
e2790e16baa24946b79868d38d888be2,
c39c344c8d484108b605d9e9671b48c8,
4055dc975f7047b7a9700093bbb8e1f9,1372000000.0000
a88aca9dea024cfd98c4f2c00c61f36e,
528a86adef4a43c59d0f6a72a884655c,
3617d676d95e415bb9423478e1e23a25,
c8aa7e5db21c475aa94255ec7807b061,
ef9fa1076475441384aed3d3f1e1ac49,
0ecd13552fa44b57a4aec7ec75d2caf7,
fe0b79a1b69d4b29a45287e11dd6a68d,
66ca6c01b6e540958700470c2a779805,
ca3736aa1d3841f092c8872a2a90746d,
43024d27dc924c82a3c4970f3eb249e5,
3dc702b3c78743a9940a3e81f0d010d7,
4d15ea0887104c20b9b80930fb98268a,
434cd0f18ac94565b9fdd6bb814e7036,
bed5665926cd4b62862ee2323d56cbe9,
9994ff686ef8424393154e4af4b83e46,
48ba6bba73db46c3bb765678b3c99d08,
f3309c07f69d42a9831136b713887267,
69a48e9526f94da3b23b11d0af7624c2,
c5fe4210269146b3a7a10d82abbd88e7,
a334903064fc4912baf1acd15ba6243e,
53ef1f30ff094904b62afb79c73cbefe,
42bebf6be46d4806b37c62410bcf7573,
1d6f52590b38477f9b2c5a1178101579,
8ba37d3fe56d48b5a3f5949853b91950,
e4084f5d915a43d6bee5173efd1229e2,
66c25845bf63425a837a79b20f3c2026,
f485e1d882f64766b3947ec974f48b12,
625ed82754244844aea07920780977ad,
cc99c5b36fd1490a88e17dbaeef96b04,
04cd8a5350574148b0521c0988228671,
5e4af8be1f1349e9b5720ecbcc201884,
65165f460fd84b34aaa721a57ca5137f,
6d8f7e5d65024a47a728ada9ffcb8d0f,1488000000.0000
8fed8404f0514b6db197910ed758a5c9,853000000.0000
edb8a32e4c9f4b7396b387dde89b649d,344000000.0000
4d73571cda7544018c21fc39870c6eda,1468000000.0000
234d04754bed4c5cace301b07efb5927,1065000000.0000
066a9a748c324ce6984f0c2546405084,
7f134bd1aa74405b9fec28d27a38b4c0,
591785162ed749298dd84892858844ad,
af3ff66994794e8983c356976c5f6b22,
e8128abe2a704be68c790e36737f8742,
bba5f549f4bd43dea5def3dc29928818,
8cb376dd5c744fefb30eed171986a1d6,
e89b40d56cf5429f9d9053904f508d15,
d9960295bb0f4ab0a01deadab14dbe92,
0fb074e597864b8a9e326df5c57a92a8,
8ce7676dee0a4f0c9f8028341e3c2879,
00cd164977bd43d0ab82b5b17547e1ab,
f9951f15180942e883dda323a7e3d995,1379000000.0000
5db6a668af3541048972cc95b1e7da1b,
487c96005e234ef38b5c517fb32fca7b,
87857833cbb14c929a6209d3e24fcad3,1357000000.0000
2c17f908836f449dbc631c3806d338d9,1423000000.0000
6784ec0aa95241eaa027fdf1726441c9,
c04d04d2b6dd4b52aaea1259eef9b366,
759425b7540e492395c108dac57dd353,
b4d8afb91a9a4862a03d534d771fad43,
8651fff183e94119b2c5797017a306b8,
acacd59baf6c41338e803c9a001ece3e,
925de2b8de464d1e97d74c76549ebf50,
58ea30861fcc4a418d234c19de9dd1c6,1287000000.0000
920ea2b51ddb491498426544c1b82347,225500000.0000
c826ae0b15af433798f38868b9f43776,
ee216af092db44938d7c763190beab1d,
e67794f1cf6a49c685f6ff3e568cdd4d,
d86e71fce5c74b3b813078de13a49d64,
d88bea922e734d77a4722bcf686300ec,
57cc4302aac14da1b8adc57375931d7d,
b7f97dc30ca24c729b1c0b709f2e17e7,
fd5da4a07e824729aec21109876da84f,
ade4e71003c94659b9cccb5d63b04ffd,
5202ca6e76a347e9a3edc87f3261ecec,
064e0b7df72f4bdc8aaf87d79b764345,
2ee601a8a2f7461e9139fe87fa2e3901,
acac154fb87d4111bd724311b9719eeb,
654e50118a3544b78bcc473e9dd0c517,
7c8184dcfa0b4f0a9319ea3a624a3bfc,
109dda16f6f84123ba15112b1adfdcae,
a7f5ccb898d448f89a85f3322d711264,
7696ba2dfe344199bcbaff718df022b1,
27ca5d93f2e446399abef0f5e9a5e458,
55414954f4ca4765b9b821ab2cbb5163,
65ec62596f5d42029e8543284a7dcd6a,
ea1ad5029a084648852482f9decbe648,
f8b29c2a344b4ce99939c2a2c8e31af8,
88c34d1c90b44e16aefbae64cf59cc01,
f2362b7ed1fc4ac9a2a0658b4c638821,
f22ee113f32e4f1ba4d940567d54c5a4,
bf35ae5feead4f2ea1f9c5b5740cbdf7,
8920154f0df94984b8938dc4c5f43d0d,
47aa83deadc9479d8cdccf39c63766d8,
e981ecd31e9f40ff92b531ec4dd75430,
29795028611f4df4a76e4b2a85da812f,
7dd6abcb7931428592e512702fbeb1ad,
1838ff7537bb4fa087053073c0a92c82,
fcf757c042eb479bbb2ecc814f1eb122,
9459d1022c2b4a45ab7fba703181fa56,
63cf14cc80594a3495e98e7823533a72,
b954a7ff3473415a8f6854f49e2b1572,
4690285beca240a6b4fc94c4f4d3a0ea,197000000.0000
bfd35677a3f44f48a97a2c1413727e1f,
aeb4f275692d4cbb8fba73cd5239ba72,
08e4c4fa25d3422288c6fe987e9faab2,
bfe3dbf9088d44a8871ee3085aa05043,
6baf1471112b487d84d463d0bc470707,
c99e567a7f2548fc928987e6755c2ffe,
c1fd26295eef45ec857a00f6e8fbb16b,
ce33bbe603484fc6939bb224cf75d5a0,
9349002ef91e415f8f0b73775410da72,
2c256344b1c141d9b0ed548a7cc9859b,
733cb0405a504b98ae08ee198e1b81ec,
5df9209b5abc4b67b554145fa379fb68,
36bdcae8a85a4ddf95e321c7a09aecb2,
9db276d066eb414e803cc29ec55908e8,
a11a38b6c0c341799264c3cd9573c44c,
9c40a33ca41848989a40f7ed5c5c1ecf,197000000.0000
5834a27146c84c9fa4e838a364e79ef7,
89b4d0e331f64ae7afcbaca8d1b3cdb8,
59f41af867ac4569b4cdf26bc89598ff,
1e972c5ae1764639adf1ac44db885415,
79990a377f714551aed92701806b4561,
eb1d679c58d54c89941d48cca893c77a,
51f55b1341c44a86803e59e2b108bb08,
66afec046d74465da497f44378cd3422,
1b09d9dbce694f7282334ab6b8980dbc,
b34e1ec1f3ca401a96a3b74fe63795ed,963000000.0000
3043e526c53a4540bd0bd65af01706a0,
08dd534867d04cff87646ffe1ea612c5,
285158cf78ab4251983760c83e17badb,
5776f2a9f9474a6da459d0ab1de07cce,
2bec9d1e413a4336b9dd00f7c00b9b15,
ae1b33a6325149a3bd9c93838fb2ebdb,
2e45134465fa46b883f5e46cd75b9556,178000000.0000
bede2468f9e04ee8ad9154613b271c77,
91767c5ef4264f10891190b24cb214db,
1a20b2a4776340699d6a68d41b0a1fad,
751f45dcc658499e93f43e7193086b8b,
6090507db59247a9bc005a6d31fd9582,
f3db7aba419748fe99bf1ea4271d61ae,
27a153fe2f744a888d8233a0e5d9ddd4,388345000.0000
c0295e7439004eb8a8aa5d6abc06385b,
2b29149180684fc59c7ca518c77f4f34,
761323a18a944121bf556a90c93fdc6c,
1acb9436097949ce95d98b378aa408dc,
c495d7e8f33d4fd9891851fd88b059de,
99fa17dc250840db8db251872a502dfc,
e212d2914a7a44488b560da6b58a0895,340500000.0000
a58f18f5e0834399ae57152648fd0822,
c11925577e5d49ffb2dce7e8094b1bcc,
f16b17e24f7a414ea664edaf90242627,
1c69aff4ee5e4109b98997cd1bb64a70,
295d3c9fbc7440cb8f41bbc17fdc995e,
f5a96d3d22b34e5db22fc3c726095d77,
ad975956f64644179444cb47cbc0388b,
9d7e0d65f8ce4551aa89cea1891cb9db,
297515a5e64e48669d52f1389e1042f8,90000000.0000
1777f8a15938442b9f4812f918d19765,
f7257a0664494d91b3974c06b440c1cd,
14b487c4834942d7a79e2c1431f92703,
bb81b9e4bc8e495688fdfe1d14d888b3,
7c9f82ff8e704fa8bc41d42df5687e96,
64b4d544e9054c0a90847ea403900a6b,388345000.0000
f7ea06674a7e42a4976ab75c027f721d,
8351c69e456b4e5a8d5393904b3487d4,174000000.0000
09bad3b001014aa59a9bc40e31ba87cf,
a02dbfcaf9994531a3fa9fc7862ce02b,
7262e31fc5cb4df782175326003769f3,
f5ea73c797fa4269bcfdca82bc85963d,
637a748d5ec64ce6aefa040875143e4b,
0851af9876744514a81c7827aa03a859,669480000.0000
05c13da6fe9a439f870396b7e0a09128,2209379000.0000
27a877f8ec34434da577c4588051dd0f,
fd911b7dbfcb4967ad00e208466c9b58,3280544000.0000
35224428b2c6404fa995f63f96a3f656,
cd8fb5fbf7984ec4bc29c3a4c0d6f926,
9ce9e86789c64d80a51e40a8f4692ba6,
c3e67b13be09406f885c6bf56dbbdbb1,
fc1f6ad58b57419cbcbb89ee1afc052d,
4ef1acafa8804530b6521a98571cf7ad,
8019c64c6c274cacbbe1381f490ff405,
14e5d33b89af4bef9a8eb3c13184b98c,
89b6e214e8f744eca824207c8fc68b28,
a0cc583d490247aca524e05d81239166,
569ddffdd31849569dfd751337d29a51,
c185024fcc354afba18ff322054afb20,
9235ccb81c574d02b2e462f61cac793f,
ff4341efc70449c18a5c63d7f673ea1d,
2e27551809154b629a84e651909e6187,212000000.0000
e989a981f93f4d5db7bfcdb3542086d0,
f220eeb1c339419db1a2b670845e3b57,
98696170fedf4772bfdf2efae07aaa95,
d788875393d0438bab459341ee426c32,
5e938c7808984a0b8e8b22e9e81793f8,
09ccb4a58e7c40e6bef2e293afd9ce5f,
8761c347478443f7b112f77def504ed1,
b9d70ae3d8aa4c94b7f4b1817c23c24b,
101869f7d98e445196b64f20eb67f24f,
ce3603ebf9eb4616910359aea11feab1,
983958b82f4e4433a475a2099e9b9a37,
6a0f05fac03a4f9fb7a4dcd1da0910cc,384000000.0000
490c6d53b38643efbc21ad6369f3de43,
0f43d393ef7c4c0da4aca29cdb065e84,
90c382a34d9c45d3a6ebc36d727a6d8a,
72cf3e3d524c49b0a917cb87361bbbb0,
b594951d922948bf9fbc559486a21a51,
6b455af095ad4f21a7bd014a251ee5da,
0983ab6c9a7b49c3945555d2dd1c663d,
7107cf436e5c4b688b67047f30728d4b,
4cd3717bff9a499db54506a8771b43a1,
7bc85641556c4270a077efc9d4afddba,
eccfa0bccf72467ea1c428927b44ac8e,
a7175d7a9b34485e965cbd227ea0f54a,
29e892d1b645422d89b161257f41cba4,
0c29af340dc74c9e991c3cbba8d83fc5,
b0c4ad1e51e34edd88506f9b5a31a6ed,
76e30ba0dd564ecc939ba472187734a7,
a843e5aaa21c46288eadde4275ca0d74,
c9d2e7d2a09e4fbc94fff9e3c946a0a9,
ec171f32a757438f80bca934398ae825,
5f7f20f123ff41faadf939d569e1b092,
e75efc6054004b09abe87e0f6cafef58,
b2568cfbb5a849499fb38c090cbb95be,
62dbee1304934a999110beda506e4a73,
ea2fe24a88fe41d595e59a2d0e42944d,
4ff67b28b32a4f65ba8c62a2f149ae5c,6667200000.0000
2823290449de4a878b6ec9023761da16,
448eab9f47cb4f7591a22c50c46418bb,
626dc41574514efa9ffb7e466bedf35e,
8d128b0abc7e482e835baa5e30436b28,
e8309b29853d4bcfb78ae9d24d249269,
fe9f61b9e5f24182b14d739450c034f1,
f04e6c43d17d4e87bd1f526a75ae7873,
8cef0eb9f8ba446c8dc550947172b7c6,
a8b925b8df6a47c4ae11e6eecfeba388,1174000000.0000
71e917dfcf2b4f599e8b0ac6cd838d9c,1199000000.0000
a91175ab372f43399dda596b0f410e18,4165000000.0000
82f7bf4e247d48128dfbbb0b5db213b4,61834000.0000
5b6bf5204d9240c2aef05a9a2368aac4,
1fba1521350e485e9d90e299e9c84e8c,
954b90eb3bd14e878e8b5fbc6d6c8b3c,
60348cee895b496180766bd5f109e061,
0e841f764ef247ed96fcc4cedbf7f207,126000000.0000
5f4f2b1cdca94c0ebb99c4fd5c8ff9b3,
d8b5194200c74aa089985b6a1fcf5375,
0a9312518c31404baa54a5fbecc1b0b1,
03544558526f4c3882d22f7584b2f70e,
1028a66f333a4d6e956ffa0f2a663a41,
a4e14ebe40234cb58f57dfbb9d8a6895,
93fef8d4fac6429f8c3e801dbe5a9ba5,
304efdf49b084f039c08404abe9b8e66,1989199000.0000
baf0fcea8d9c4a73a9558d0e1a8a04a2,135000000.0000
49bbbf80f92445888415692816865bd3,
1ee20caa8bf2433bbcc5ef781c6c2990,
f9794a08b2244c1a9a26237af8b271cf,
7bd75bafd1444c87bff5fd0a824b3020,
d5161c51cbbb45778324ef7568c8f9d7,
e98325d4355445199b3e857d0b2c97d7,
9d5de7d023884a168b0db50c9101abb2,
062ed9426f904fc5b3f8a59e239aed4d,
48c7f4db2c1a431592e2b383633d6b84,
ae3dc170fd9540c788b18026d1466cb1,
45283fc9ca84404fa9377f44e8bfaac4,
26ae4273e59240a4b499e9d9a9246393,
7fb3500be2b1443ba3af9180e548ba16,
fcf5391e73944fbcb6c5af035901860e,
3e8fbed98dce4af0a923f61960e28e70,
bedad9fd094442efb09b05d0c3b77f3c,
ac3d187eef4e468da1e0b0fd20786efc,
cda22fe2ee554ac08e248ae736b33e19,
6b7966baf9fe475e9e8836c3ca90b2f3,
47f891be7cd24532824e22e6dd9b0580,
f59a7b1afe354eb5a7fc3ebb99e83e52,
13eefde004e543cc9faa27086712d99d,
45afebf12ce64cea8a9241a2d905489c,
5454418c95004cf6959c67b1e070ce6c,
53b7d68faa7b40f0ace510da30fcce1c,
bedd6bacbc4b413ba9121b131248561b,19694884000.0000
1e0edf6a9d53475cb7b5e69acf90fee3,
2ad08b6e4629421bb4aaf8ca29deb914,
cc07427e2233473b9feea7609ad8e666,
0598a66c11cf4dc38a8c2dc1a746032e,
0071f57dc2414d2cb0a97cfe0c62dc1d,
7e322fdbdb54494b8a7fa30d8d6291fc,
02b1bd110e17456c9374f58a84a97118,
48fc21545bdf4f77b434586c8f6a9826,
200d4b9a06f447b6940e5d895908f515,
6166aede347f4fc989af36719d7e8f67,
5ff31a33b7ed48a9a9939d7dd60bfeb6,
4c2f8660aaa94defacc01f2fba1e7286,
f9ef4ca4e5564cecbbf863633bd00f8d,
86bcd37c3e5b4134b138925ed72d6747,
13e7398feb37472f8172fa87ec39158b,
d6f8c6b5631945aabbf4e1ef720e9aa6,
f82d8976ff7f4821bf5ed5d010a62d9e,
dc7c788deeae452296dab2956ee0118f,
84e39253bbb84f74832867db1d855d34,
247a919508894387970cd18ac59c6e9a,
2c4cc3940ed848ab809d2aa7a6fa88c1,
ae4d31616c9e464781bd19eb63dc17d8,
b4e30e8d5dc54bd8a43bc1fc9e8c5aa1,
b2f2fc21fdb5495aaac344cef2196fbb,
bc82b1c06c58467abb2c1ee37d7f1d68,
0b04dd2ff5044e65a7337f21a4384e88,
8f180a5227ab4b35931f9af92e7972dd,
db48c8ccaaf54bc499833a6be72ee519,
a559b7fd6b034c249c9d75585dda3707,
1d70cef4519e44c48a2083ce9a691446,
c3fe17551094426ca895e1b0f8e25d49,
dfefe7ee424d44479ff8a8802d533521,
e51dddf7ff05427a99d7d4de16609826,
5921a53d9cec456b9ad11b7e5135534c,
3826783701174587946f89d26ff62eb1,
938de12385644b10aeea8992288dd0e6,
946e71af866c47369df4afa92ad030c9,
a5afd8097eb14f50b79ca28eaf7b765c,
36e5fbb07796405dbc88b6751ecd316f,
41f5235e2be7451aab0765eb5f508a6c,
ccc433ff12e5484d91810aa185da4384,
6d8b85c6bf164afb92179559adcb001a,
5c7f4d79c3114a979af5c83aacf42170,
30ce228453ec4030b6321e1756b81afa,
e0165b03a3814478aff19c6489a97371,
d0aabd6e47cf4ab7963aaa84a0b50b9b,
25fc947076354dd48a4ab475bcb4f73a,
219d57cb5d594d9ca6cefaab60f89a35,
48eb1146d63c49dd8c3d7a6cf20668be,
3af4b3f84c9c496e8526b067f88c3ec1,
399992c2d0194ecc9c4840aa74c9292a,
d1c3642deb64417db18efae2fad6905a,
b4fc17b1a01b4ecd86243d26f3bdd9d3,
b043366add5c48b49045cd2980897090,
8c0cea3f461c489e979a0a2b5dd730bf,
da77ce9454ec4c048c91e09e69cf0520,
8d8a36cdec7c435dabab711d9f3e95a7,
e0309436ee7646a8bb337df3de96946a,
c3a7f1899b33404498ca5898c67935a9,
d83cc6082da74cabbf7fb68aed4acbbf,
bfba0e8a7eb94a9bbd620f9ba6faf789,
4fbbca85c1c5482f826ace83bbe1206e,
32897ebaad0e406cb7e936a6800d9683,
c0c8343060a14255beb2ae24013314d2,
5f701793b9ea440494f7dd22e286d1ef,
d9248c658a8b4c56b6484988fc025f3b,
7bdd6420622441eda9fc411a75f881a0,
037085fe723f41ef815c4ecda2efd445,
b0fb028867d34513923add0975d4059c,
9731ada83363434c9e87d89a2b094234,
fa81a199561d48d7a0cd8fb5e3e28f45,
19cbe39430e648439713c5e37583d886,
e4a4f9c6ab2645c9b08bde2a934f1509,
05409626c2304743928c399eeaa429ff,
95dcfc80ac5a4ad9b0557da379913186,
2dce7fa75ad441698b66551387e1b363,
21e8fb2464e54f2eb12e6e5286e6c0f8,
2bc4109c8c5d4d978634490b850afd64,
1528befbe52a49ac8b79be555fe78170,
8c2e7c516fea49a1b261c45448bc464f,
7a77772354b0447290081446ccf27d76,
39edd03cdf464fe4b588818f20349fd0,
2a282293ea9e41d8ba912e6b401e62ed,
bc04c727307242c897ce761f491af6e6,
ef1fb40122ab48deb57e67f6c32cfdbb,
653a5457fa55422bad962554c9f2d97e,
401341b82a6248dcb38343d2dc8afa24,
03ef04167aaa44968cf4639698a22538,
decb8c5b513b492da78080f2f6bdf00b,
3461ea060c2b4ffc9c68df050eb4d665,
831b49e6ebaf445b840947a5324ff73f,43292357000.0000
994b8aabd3214727ad6aefb6130147ca,
7515c6cb150f4c0bac9d5df72a61cf18,
8a34f294731042f481de56b5784090e3,
34409c5a35c246818823b6963a4da751,
cafdf0f48f434a8ab182a8b8e98197a8,
cebf4731cba845309031bf57fb89cae6,
7b6fcec065574d23bde58c204f4c8dc4,
0f7c0086bc7d4028aa5cd9727ac3880c,
f798bc496f654ce38b45f52c86c89a6e,
532e530c783342fe99e314e9b0c86a32,
095bb131c5674d79826cb938e9e44b42,
4ae93dd385fb49bda3943b53cf5f5eca,
565b8e7ea09845eaa0a3babbb7b0e6a2,
55d89f30ff064c58b3ed421341e56fa1,
dd63b8b224294f20b9736e33e3a157f8,
897a6d88116b4fe1b1d66367137b01c9,
976f093b6a024bf2b5d7beea01192a24,
d04fc408cc4c49d6a07777a56287a4a7,
88ab59179bff44168bab1153862464fa,
e39b2b03e2614a5ba8f77430b345aab2,
37315e8429e24f3eb2ab1a6135e1a696,
7374d0af84dd49ee9af4231ed8338ea6,
d7b7e7ec67c64c39a28ac57116385931,
c4d88b86b47e4830b40e3ea0aeec86dc,
b1e0e8d50ff74340afb7d92a1e92b02a,
0b56332a75ad4f1eb420c4614d3cbc39,
23cde3a517d8466587ed02474d66545e,
cdd5bc918f7946f190f1f0df73afd1a9,
c6737655ca4f484187b1718d7fae7edb,
f4936727e0fb43d69cac74a4c73986ea,548300000.0000
97eb1f7f6db14affae4bfda7c61c7ef6,402000000.0000
f9a40aa832844249a9cb248ebfc33e74,
5c3ad933f85745dcb4536d13285158b2,
e90c6efb11f44094861b482713df266f,
8c8a5e58d9464f249b46bb6d0380a0de,
3f2093d3e0644867bf7c16bfc0793312,
03d9acb4223f479296cd1713f46d6b37,
f9a1727a2ad54152916edd73f75bab0e,
7a76603920b04c0e8c0085493093d9a6,
bc85bd3a7e62434fa0777fb499c25334,
bbd9de21f7e44ca0a434c073016cea7a,
8e873f2a86d34ccf82d17a240b0f2099,
0000255d6fa641f096dce7e736354d9f,
9732db5a15ec4da8a5c7aeb8e2541702,
7922bc2b9ad0414ba501b75e526b2da5,
75c5eb7cc6db4f26be2a5da6eceb4066,
0e3ef94324014127bc53843e9a59ec40,
618bf94415a048e2bbffaaae5d51c9cb,
0121450891d941d1a4866a79329a71b8,
c7f8ca6a90bd460296a67bfed26d243e,
4717249b9f134b6295c096b6d8352f76,
1f608a15435f4d3ab3a0117ac403d6b7,
0bfc85d18e6d4545b26703a1045a6436,
cf59eba743bc42cea31adde6047c14b8,
7f6b8b0af3864f0a9b80032077f2ed25,
e4f301b7984a4c96b08524c12e33762d,
6d712da62d0149a49b5b1857bc296a0b,
780dbadd3a9b457db30ebde536de8495,
46cd268e0d6d4d308e2757f11032fe53,
15da31e5505a4adeb22377c2084921c2,
1b200eb39afc4d6fba98207a0e9fad8a,72000000.0000
71e02a87a8b544cb9b35a3c9835dc893,
05184996b3444aedbbe0f519e4498a38,
be7af4ffcda74e5cbef4bc769756140c,1022000000.0000
71fc6fb02f7f4714b67217ad89536bf1,
08051861d6eb4c6696dcb2b9c2e4675d,
2b8ef4923dce435394b3c264ab09f09a,
87d527a6e5304313b5daa65a7dd439c4,
db88a3e08d764ebd84ad409df4fe3a62,
2296354f36944173a964a1cf99a2e004,
5f2e6ef501e24e23ae70ae633b803fa0,
27dfd02ec58f4a4793f956df9c53e00c,
c17e667ed6ab46c3b52a7a8bbc722bdc,
428c61f64e664b1795ff7299f27b293f,
7273576f5e7d419eb6d18256c1a10837,
ed097bc1ec5741c180cdee376cf4b489,
5ccdbcdb9c2d47f8be6c5bb82dc99369,246800000.0000
f56455f520ca4216b2a3c3515186b595,
5d56fa51b5864d528213e3f36f45601f,
358bc451e02843cea23fb992e2db2a2b,
93b58441270f46478e26c1edf87e1288,
d79fd386d6f2470b918b152177cdab22,
00289e13f92e4d8d843fb9892fbc18ce,
62c2932e6b0c432dadd1ea67f8580395,
730344082ef04e5da09d846860944db2,
73412a9d26584ad095a6c9fdb13200ed,
2a349ccf770b4abab3e4c8c46084814e,
fad0f3077747454cbad3c7951b250430,
a757fa74954e48d7928ddeb3a10ddc3e,
61c6a8e628d54355b8b9dec94cfab738,
9b43aed73e3540f3a416013c9ab38096,
8a93abe259284149b7033117f3ffa3c8,
a473c08ad7f34ab6a0bb0ca2f4c4aa91,
8f58b51d4011495e8dc5900ecbd2cba8,
f804270849864ead9a5bbeb329b3c71e,
e6303ab4500a45a0856f8682ae50836d,
1b0244fa706f4439ac1bc77ce02a0319,
50d584e282244f3598beb3c8f1b97491,
b680c68215024035bb7a3d97dab504a0,
bac5740510fd490f8770de0bec04afff,
ba2e0d6ea4c04f0badde80d43f499df3,
8a8d114d07c3481597f11d70606513f0,
5d89ad892bcf416ca6f821344449bad6,
f53c5a0ab9544f049762ba969c159100,
fd912a504ea64d5696c950f4b1ae665b,
dd226cad53084e2f91231766fd52a942,
4303e9ec9597415c98d9c3ffda533b32,
8f0c1f3d726d42eca4b53c10e8ed1f54,
ec927445873c4d088593906397dcb1bc,
a147c0bc14d04c168ab73fcbc9191735,
3c20aa4e036041a0899629aaab712f12,
21ed8089d24a46099ec78825b470b1e1,
cc491f53a81d4e458b08125e6c9c83a2,
899c7771f91444168900b639a9ed9cd7,
30dda16a9a7348c5b9024d2a49419b13,
a28d2cc7291743bfa2fa1742bf6b3bf2,
4d461d858e3a4856b78f30918a4bba2e,221060000.0000
48349cce1a6e4b73b5294be7185c0559,
2b30b0b469f44427a61241a0cb934577,
2ad4234280cc4401a810e935d812e879,
209ca1ef2bd143fa8968a83055559ce2,
fd3b2d5ba7c04194ab5815eacd0b6488,
a90f093740da48b59a08b0af7ed2ae0a,
79aebe266db443919115ab26cb0c7ccd,
89dde260523444af8aa17aae5823a5ed,
abf88bfc8be44a8f9498be1f2989ac82,
6c76848fa7c4494ab05af144713bc4a1,
a43ebe4708d943e6a64eeb1c0ca4bd2a,
3d9671556efb41eca414051cfa96066b,
8e016c12e943460b89572cccd4fabc52,
63be0d366125407e887b8241a572d0df,
3d443a3c1bdf4fe6a45b5feb76dd5e58,
e3989fcdd1074633972e44fa0af7626b,
69bb9b050ef04a4c812a1b66ad68ca38,
6916aabfd64848e8a90127f31e0be8a4,
373c41884e704840a825fc3dc9dfd841,
1306f6822c5d434c841d36d5d046bf8a,
ce94474717ca4da3aea6b7f9c7cc0162,
ee0ec5dd741d40f2b2c5001d9532166b,
93b528a2f7ed48348d10eb09ac6945b3,
6e8cfc95fe2840cc8cebe5c2a87bb463,
a190f523ce9b49c6ac2f06b32a7f92be,
c23539234a384e28b279736fdc888b70,
901ebe6652714143a5e58fd646cd6681,
170ac42eedc640d7b81bbd01040f9800,211000000.0000
51e9df46a1f548f39004b0a0944521f9,
3ee8890f6b454fc5b2df1e525fde30d5,
13df0c2787c54fe6ab810a1e49129f42,
93c237c231df4c04a3a1bfb905cd5a2d,
4e5deafdd0264d22ba6543a5631abedf,
7359e748e5f74475ba122bff121efcc7,
a79083d3d63a4ab28efa5588454c038e,
7e3bb348cc214881a3920e33df2e5e00,
ac6c6a7494e243e78511e5494f66dec9,
a11700a55d144055a253675682707d6b,
482f289a617247ae9d1b9e7a48325705,
160ef997d6dd44ba80a1494c4b090817,
dfb0d83f45e946a3b08dff157f943dac,
07c73b8c0d9e4d4f914e060fd3504127,
4d94c2952ce24e70b4bd36b01f13082c,
786ec2716ec64574aec77be04fb83c9c,
f3f4e656b294482b982bb3903dbd389c,
dff4437cd46d4ae7a88eb0fcd6af0bb2,
7e5dcb22d0c947e7a371e92ec966f748,
79bc073bcfe5417d85e2fda11aa2fa2a,
8f1e1fd901f14c17bed9890ccc94cd4b,
081c1e13ed1745ac8f48bb13d90d370d,
7d67c7c257a84bd396576cae6fc7f038,
6d2cc86dd00a4c1dadf3f1b3e5c9d030,
d1d8ebcb5fa34c32acc9a031da2b30d7,
9eb4982d6b7b4a749992ef895f87344e,
723fbcc2647140dcaebd5d330f6318e0,
7a598ce8d6bd454b83b17cf408283658,
827c0f9f03cf4b42ac6b7a81870a8c13,
8597144c9fc3456ba5c5b5bc33f4ee77,
f1d3b425805443769c958cb67031ebf1,
bc7330497a484e90b08c41c4b7808495,
e08416d4478b4f7e84f96c8e660803a7,
44d66cf9194045098a7fd107fd6bf8b3,
f87e9b4fcd5d44c9b7998d695edce436,211200000.0000
3df061c0e4cc41168e5e16ffaffa9ace,
d87fe515c77c4931ab51f9351ab60539,
2631c207bd9a44698e2d1dfe432d11dc,
af9cdc9b58664399bb80e45705b4ec37,
91bc8f494b614bfe869febb76f3b46cf,
df64ca2dace54f5eb4cdae3dde54e9c8,
1ee7c5a0e93947eba1f189061f19fc1d,
5a9f3170fc1541e083cc7c8472347fc3,
2574133628e6443ea9e4a0809137b600,
c549ede0ba774071bf42648b5bdb4fd8,
08597c9ce32e4a6db35248ece99d6609,
b52cda5c706e4a7f8a519e822b6c24b8,
3be5e03e98f34399b998e535c03877a6,
1641611024344940873c01665e4d41be,
11aa70a7b47445a1945ae0024a9e7d44,
e1eb654491124d84a3fa97a919533b35,214817000.0000
059a0122332e44b6a7bf6aed918ca828,
578ac5ef38744c5eaa886a6735f5cca7,
232a821f8d7142a4b9029b2c929193cd,
02de7bd84ae849d6a1355fe8af5d2b9e,
57a88536900344c89ba2cb778a0d3875,
ad220c4f48404b95aaf82272f3a68437,
bb8db5508b774ba2875591c9b98cd9fe,
b18c6fa36d5041c2aeee1547a05334d2,
8ef963280d034a90bed58feaea83111d,
431146fb10bc4060b95d110bf0592201,
3273baffc3a54a72a6c3b08a5f3e69eb,
3abd63cff6fd4f00a4625919a25f6d79,
c4c186939bfa44c99c39f106bc0f953f,
31526b9796d54dedaf2a4542b76d6e2b,
66a23333ea564648850a64b358bdf730,
0aed5e960318464384297dae34c55d9d,
7ca5dd6e68934236a44e12bd5a617b49,
8c9c556ec62d4b809b4249066c77d160,
d5ca17a74f9e44ca82ee26952fa8bb41,
19c154b5c730433aba21155b813c1a42,
663d79ed18ec41c3ba0b8e4b3af4eac2,
1f81e70f5ab340ca90070f637556d908,
8cb4100aa35148fa8b8deea59d060b28,
80bf07f72a724a6fbb477259dcdfb967,631900000.0000
112a3c4066fc4ea9b96c1ad401470299,
fab0bbf2c66145a18ce9ec900472ef32,
60fba40945ad451888bf2da13793817f,
81e43d115c5040798d299df96b65e946,
f35cf5388a0540ee81b01be476690a6a,
053c0500e3d249ef8abef4e60dd2a9eb,
f6860077b6df4c2780c69c40379bbd1e,
24628cebf0494b2bba7a07ff93c9f792,0.0000
047a9fb8f122475d8beff6d705f81cec,
96ba4e69f22b4651906fdff7aeda763d,
9f21f97e110842e5930602b06a8dad85,
afd6b80a0f0144d9acf0eaf66c393528,
1efed9d810f7478fb7095a4cc0c6997f,
23c366a2d5314bc3906b713ae96b93d5,
be0ba6674ec64e78881a63924a808e0e,335000.0000
3272e92430f6481fbe270655df600af2,
6efabb8ec198484fac58d79034c34b6a,
2a006c48c73740da84c4e22c1ad909d9,
02d26163d7dd47ad91d73921c2f669c0,
c1cbd4c2d6f4450ab340950eca312964,
0c58594b76bd47a9a48998b7c0bc53d0,
9098e7eb05804c58bdc76cc745129869,
1269025f27e448b29a71bac622416567,
a8c1ead488ae433cb794e4032d7a9580,90000000.0000
b2c4b64ff45146d38742ce5e98963cb6,
7d96164e81454d48bf2b7311e4df5816,
67bdf1747e774aee8d54773ce67e1fc5,
57c8e56445f34208b364665390063cd6,
7576ba1da48c44489b44d86aba41eb8a,
a24758ea87dd4f949e03c6538f4d2ec8,
9e1ec4bffa984b2b91cded6dba646aa7,
c2e43fe9e176453e8672f6ba36441d72,
cc8d48c1eb92487a9e855008b271202b,
a9bc7e87aba94c77b73338ed1b880ee0,
61471713c21f4733a3aa86afdef0257f,
2c9714207c444b2ab12600fa3ae68214,
2fdc00bc70fe4a68a2167ba527979651,
c92ae1c0a1b54323910d300de48a396e,
5d52727ba9044e17b221fa6d4ac9b200,
01bc80ca3489445fa3363669ca16ea1b,
79d2502608a24187b234a601c2379cd7,
2a0932d9ab234748bfb0e78b15f3d9dd,
e2c8970fe4a34787974836f9b02cdbdf,
53ef5ad7cddf4f7bb0fef68de5994ce9,
d0902ad6b52749468e96501d366a0a2c,
7cafeecff77b4130b8e6fb8de8d30edc,
0727b4d4d21544659dc216670282a821,
ec52af69ed8542d28f3570bb212b4cad,
cb5b5a7a7e91468983001f947c96d4dc,
30a082f768514f419b65f42ca8bb49a2,
5c6e40f2deb24c1084eaaa91444f2068,
276825af6666453196c65191c2c1182f,
81ad078e06c94bc1a5962aad402bd413,
1cadcb8fa3714ca5b5fccbba1f3f89b4,
0111b44d80da4dc9b3cefe5c485d45c6,
dc474d7c5c724b079d5edc666e454ec6,
43dee1e98b9445038fe3c4f642426a2a,
4a2048907d804938ada9d82c532a279d,
6827a41d07e34c5ba320895330190878,
9cc5c28b3b394595808c879365f955c6,
0c36ea16016745da988b1942dff8ea0a,
c64325d878d547328b478b6cf0cfab7c,
5a01867efed54169a7e91a52f936028f,
7dec064256fe49a385ba57c9224b993e,
39a5ec3d7c784cf7885f8011585606de,
306ea44ebd0d475195dc304e9fd84805,
26ae3e3b9d9c4d22bb0cd175797ce245,4272000000.0000
1fe53ec4fa074414a641508673b1a2a2,
f0df1b6e6ebc4e0cb789b6808f6ef75a,
53ba26533c4441a28b1f644754199c4b,
29cee5292dd84333b7c0fb3a5b6319ef,4135000000.0000
0a9de4f17f4c4ee39eb5aca4245ca50e,4135000000.0000
c34833bb43be4b639a89e19b59b5edea,
53a2c3b7604e4c7ea1b13931c36fa1eb,
6d6e68d900b8468aa9e02e340a9a9857,
6f0c7e83af564cfa97bcabf699e1656f,
8588c7e12bc140ebb3d8beeb959403e4,
8d90ea79704c44e79ee3f17720905e82,
274460ab2155498e9f32d60994d23074,
6b9aedb030fb4ca38f358978a1fddc90,
3f76e59c71f8429b915bfa2737fad364,
fdf89d64ee7f48c39a4be86428be7aeb,
0a81c41f1d704db993bf83286c7681bc,
aff53ad438f84fa9a91519ffa46a9b9a,
01a67c8824884160aee57b1329986369,
9397bc40162c4478906727938353ebdb,
78cc97b0de3e4fcebb3611b88c7eaf9b,
b31f46cf9baf46aa9761a1231f19a3a8,
dcd5ed449d754ee190f26f35f4226ef8,
e915e846f609455097fd7ca2b1e36fc8,
73356d861cae4d068c2e0e21e94d05da,
200116765ae84f679626a7668605d27e,
a467afcd788a448d8926feff93624708,
178ff35173c9481991698da4e3984837,
098f35fa0b154f92a79c4bcacc9e1e18,
799ffa163381493ca1376fe33babe8e9,
c32a24f63e934e42871c875f51ee057a,
ca5f77d10e944e1287aa77ce6a058dec,
ee3afd07c09b4124bbf2478b611d3380,
84794a543f404efabb2a34f06e1729e6,
a4cfcc188d9a497a89940f5fb3e112f9,
47f4921cb5ce410fb29edacb845ce852,
e057fab4040b48fc9a89a8068e0cde87,
08d58e9b93424137881606af60948b0d,
7f08b6338917463d975d7d487ca31c97,
e800225164f343e18fa15ca0f03925e5,
82f0654033c14bf78d5acfad95b13948,
88c29de82771407c835c565b7e157879,
d1992405b5564646a8af3f29b60559f2,
7aba5b57ac684c7aabcc1e5e38c957b9,
af55c5ad7c99421497b6b4c4b560244e,
0bcc25366b04406e841d320dbc17e82e,
da9c8ee212d14f5daea7267ac992bbd7,
8254402931314c5680632cdc97865ba5,
3cd5638e054b46c4bbd575751916a76d,
61bef809033841469a8bf3a8d4f01dfe,
ecd9946947fb4e6998615cd7b7ae8716,
35fee70a825d4856823691e76b7a6dd1,
680bf6a625a94d968f26482ae499075b,46000000.0000
a2d383b5b1bf414e96f24c5d4b85c69c,
14b3f8ef40554e0491a11664a508f3ff,
95dcbaeb2bcf4b34b7dfed8d9714a46c,
0229d89703fd4b119895b2945ba677d5,
080a47b30e29466e8f615abb56bd73d8,
ad4959a201b0481080a986fd65a4289e,
0f864c2a8c424702a05d60db722e9033,
01dc2bf55c7844e5be50e6caac42c80c,
cc4f39c3f0c3404ea270ed44103d2208,
1478692492304b6eae1dca5e7c72daf5,
e5d331e8431648498cdc768970b08c72,
ea676c88e0864ab48c6d2be4c786ef10,
f0b9b13690fc4227936af1630ca339a9,
1f183c7b95e14d059a79aef18455706d,
db63ca09671b4d238ea5f29bd7f511df,1488000000.0000
e97769396e494c6f9a3705d226f80ea2,
0abd53ac71a946a9b6803c068f453bbb,
509ce14bdc294bb2893df719a9078d77,
68a8f70eca9840d1945c50209ca614ae,
652a990de1a64d1aa6c1678339c2058b,247000000.0000
c529485998a14947877368ff787b94e5,
1a74043bba4d4fdd96044dc2c88806e0,
a52fd18cb871460c89182298e491a2d7,
b92bdeca383b4426a0430f156ebd57ad,
a3e10cd514e94913bc7288f90fbfdbd2,
3900aee8ded04e948a5a3e9e6c14506f,
c8d91df609d540dc8000fcb270ca0da8,
f8d8a09879704bb5ba31f88e20d12d83,
37a0720ae18f4991bad849a962abc7b6,
d1f617be9fae4199a187c38ccbf0775c,
ea40c4afb8b049368579cd7511fe623b,
60756e2328e647ebb280466b5b9944e6,
79af161f26734435b682193452c25e63,
2b30275e4dd940c5b56d13d5fc01d04c,
0294787b021e4031a9e64b97a4d3544a,
7cfabb414c754cc58ea59ce350b19ae9,
80ed389a26fd401ab259afd1218e1ca7,
38f8d1dfdf9449369b3d61800c0ae204,
2538cb5df69844768ecdf2585a4fdee0,
68678238715345ecb27efbd42b04902a,
5c749ca819e8421fa5a6e99eb040215d,
890d2466e2c44f52a85b01420d22bd92,
6ddd27a137d84a1b9b4df9324fc42d53,
f8733d228415439dbdc43ab5adce7944,
3c782f45cb9b495d95d1ed415007e674,
3f0c2c02491a42a3bd22528f52ff4b43,
e87f0651ba1f4cb488b41ad5f4e67ba3,
e96a632c8bb2439695fe2bb32bc5d1f9,
9829a7e2f72447588ebf0c93410a36fa,
0e017bef7aef4ae1a6a4a74bdcf7ef73,
7a1634e4cfdd424c86ae632c5572b4fa,
5b4e3dea014747818eab2718682452d1,
78941e697d79478bb1b312b5d1de9d5f,
9933601f18d544ae839e2ee638fe7c04,
7d77a132fa47461dbe58d2b2cf16cc23,
05e5789a065e48bda3b759ccfeb9e43c,
bac4ad3081fa49808483e270eda529a5,
cbcff0a387ed42618146c93f8a602f63,
47b625d5277847819653b34775301f96,
d14cb36858984b26ae55c99c050c56b1,
2fe3e20a86554b1495ac480d8b852ca8,
6bdeb98a112748839661a51c74463629,
2d6ba73d4c8143a2ae1aa2775da59d99,
a6a8e22092794fad95c0a576a8ec7839,
9b37c166d52644d9b2605b55dd72e4a0,
4fcdd391820c40af9ab5204b86733011,
39b2d110ba06472eb043e12517641c5c,
7c02f2f4a8e042158f4e02897eb0c613,
0f4ef5b204b64e3784869fe07205221c,
0f2e9114e2e1471c869db702e7de43ae,
35910575dba54f888e13ce7a82e6e857,
26e74df965eb4ebe8f82f9a1f5eec5a8,
fa86863d87e845dab14d7cbdb0aae6bb,
a4adde1cea5d4cf694f06f2e9e0c3eb4,
bd8edc8a7f0c4777922d0a265a64fc9f,
b189cc51840d4bccab0a57f0441fb3f0,
772fbe63b6fb4be8afc4f8b49beb424d,
b24b9010ace84a788a8c08e7b778df6a,
c5a019fabf2f45edb86e649cea8eafae,
4f3f7105a6b64d8a80b05ccddab99bfa,
d6bbf57f2d894d80adef4c5cdda98dd8,
6bf4621938c74adc95fed347b516cc36,
1da5f3149eac4508b5fa731f96fc1ec5,
574a2243ec964338bc3b36d49347fd48,
c7d02c3df7af48358cdd3881b9a1ac3b,
7c80329bea3e43c4bb62b017b6ecbbf2,
ad283aa9a3604d239f7f8b648729946c,
dcec587d672c4254b7d93ea521af1c7b,
b3965d25dbe24064ab9445a5abc37ea3,
a886e676925a46f1a0afbad0e3aae8ee,
e2a6331bc081407c8512423f3aa74d03,
0dfacedf471d4f72902c3834db77abe3,
6f61e7d2f9f047e98bba26d04c2d7195,
5ba787b628eb4578bec1a16001cc70a4,
efe3202ee35045cbb563d3712b3d8c0f,
95da57052f3049ada020995b980549ac,
b0779a614daa4381aa11c51d59f03e33,
f908598af87d46f089090fe2b0ceefa3,191800000.0000
aeb425f8932d4168a9f01e499923899c,
dc6df7b03b6844e48bb58ccd06a47661,
15a98cc3be4c42d2b27344758e5846ae,
53c9efdaac1d435795a4081dec6b1e7c,
7b6659bfebe0448c88b79978f3f0d3bd,
48bf2419a61447949ebea28b462bddc6,
4dcd8572f27a410c95eaf497526dbf35,
da43fb8910204c99940a1c2b5faea2b2,
a01288c38ac5416c933ae712b7f1c73d,
3da937d472e741e694dd2ea77db9be9d,
a0ab3426db2f4ba09fe852c835fe604b,
008df1601afc4925a380da221c87094e,7827000000.0000
597851a0ac5640ca85b5725205246c9b,
692ac65bfe7b486aa6cebcbafe0ba7b2,
d1a29ba16b7d4866bd7e5b367b77b4fc,
49e54256d945450aae4e7a927a35ba19,
d7d9c2030bf54ed88ee11ee97fc2a806,
22b6acbf54bf4ed0b9f7fdbbb564f967,
727eafd59153450980a20d557de3324f,
0d4215a32ba24dcca34e7ea16cf47940,
bd14ac70047b4b55a0baf9442a65d573,
ca980812c40f470e82a657d05ec7805b,
26da25e44b314fcfaca32f19b5331158,
de096d91ffed4ac7aeceaaf22879afa3,
a904bdde20784ff5bcf27c705306dbdd,
c6ce182798bd479ab69a8f860bdec7dc,
449d03f2791a4759a072d3b8e01d3499,
01dde2ad16cb40f9b80b9dd2a231eaaf,
122d08573a08413b89d5d4ebf7ee928d,
166e7de8fc8a409c901fd9a15026a756,
3eee99eccb1242bfbfdbe6d2b86fde35,
9bb3eac4947c421c951b6746e6774c28,
34dee4930d7644069d14264862758618,
efe990061f504f8e9851463e0d0530fc,
0ed89eef61b2473ead9294f96c7519fd,
87b59e5219d34226b1eae683762e57da,
1754a1ee8e4542139d0702e112a09592,
3a2b1806aec345cb84efc2be3c0abc44,
35f8529ad82d40a19e19122a17d131c7,
b0dd38ef99514615bce21f26b1f667e1,
22400d099084482abf676b91a9f38eb9,
e2feb4f8b536445da41d4358b7a136db,
0740b8fd8aff4abb8b6a889cb46263ea,
456ce11b08b1413badc3ea92e85626c2,
536d6e78db3045e48068c065e6301896,
e9289c3a5f3c422ca296603dbc5832d7,
1b16bbacd33d4f6db04e58c24a9fba39,
9c965e0cdf8842d29628ba782a6e0be3,
9d3565ddb9934557b27d968423f3e735,
7d2b07b3daf2405f9d67f9685cc8d8f0,
57e55fd368944ed59ac7b177b6ae2ab7,
b427d1afea0d4c708e277b199b70e035,
edefa6cbb072431eac3e02f1915d638b,
1827f68eb3a049fea513b4a1c20e0e77,
ff2918308b8c4994b574b36d9356c2f3,
b21f98b43cb943f49b640bff33a5be1b,
4f9d008691c947e6875d4e001623785e,
53917ef10ee64996aa704a5732e49956,
fe8dc147eb27461ca0cbc650c968f405,
ebb4d289966a4d6f8b17930d7aa19193,
283b6272053c421c83e84d73939f5711,
d6827012dc6f4b6098269da94367448e,
4a45d99ffda04bfe9a2cc2ccb42d40f0,
a97d4754991c4698824aa16b82132c6d,
028fce5ee6b54072b828193e6d0e77a9,
e7921e7e253647e4bd98b73e04b80777,
7936e7b2a8374ae5a01409463201b6df,
78571b39044d41f2a6236b0eb82ab70d,
7856145570844985b37d2eaa2563d40c,
9d566336b8eb4dbeb740b509bbc8149a,
d75660ba7a0f42ceb0413fef172b3ddd,
82bb4cb1f5ac42d8b4b5e5d4a4d36a57,
d90295d9401843b984e0039071f80fac,
b3f609e89b3c4206a1b1a61c84566792,
16cd0f8c016246e7865523ea49b55990,
23e0de04d48d41afa333150e499e238b,
62eb693855a54cde8098d26b0404e572,
c08c38fa597c43a4a18fa5855c014152,
013e4fe12c7f4faaa973b16a51f75ca3,
115b654ea15f4215b8723ec1983fc1a8,
0d95d15687024269ae65c8076adf9ccb,
015d71a4a4f24e84934f219de79ad681,
6de04120899b4acd98a3c2f255b777ba,
523454270e4c48b38ac6151897398fa0,
a3fc1e11119444078ef3369546a50173,
28fc3a82af9f48caafbed1fa33adad9c,
f15c3e3ef0134495852e3f6908b51a88,
3c5f2f8df4c84118ab1a0d364445d7c2,
c43ae61e3976422cb056f5f6dcd42277,
bf3e16ecd9ef47119be7b097869867c1,
08231c99f34b4e56ac6fa22432bead87,
f3f403ea58014640be3ccd45b17033c3,
03c7475dbc7c4be8bd0dc06620311232,
75962d42ad694a95b17cbcde66c740f0,
04332233d55848fdbcbe5c874d41acc8,
187841fdee4849c3a2c5e120a9836668,
cf45f2fa2ab348329f4a348ed5dee60e,
e6396d04a5b44d4abfc126d7e37964d0,
015c238ca28d48b893389d6cb80f5ecf,
5e28f13ac9b640609f56dc72c667e08f,
9b5bfa0beccf463e956d847778711147,
de6b5926aad74120bd0f06d39f74e309,
e60d445934d9421386608ea51641978a,80003000.0000
27fcab057a5f4160bc9eeeddd6206c4a,
f8087fc9b9f64110a2a9c7770a6f900d,
6aeb9ef6eed84af3875628f38b08834a,
e7272ac47fbe4485a7d21a073c7d40d2,
75b197572f1b4274a971e30e7d772176,
91688638ed2f4010819c1b6c9bbdc72e,
84b48c3e39ce47ffa9c9c661a3681bb9,
e59d37f4623840caba3397d35bdaaac6,
891a4c6eec3d4035ae142c4dd28dd429,
70eb96011a4c478190fda367c5745c28,
d2e945b8bb4a45139cda61679b24a191,
53c5b15b9c7b414dabe801680b41df75,
21c3e2ea930849b2baf0bb795c759fc6,
629779b8f65f491c86260a0a1c54f372,
188f5f33af7c4e41885494c981de1c83,
bfa7f0d7d8c845ec986e385da8832ca6,
c26b89ce05d84eab80b07093f3fee483,
e07c3ee563ce456e9b4530bdb5b45e8c,
234af4433fd440aa86ac1561ed9132f9,
5c3dc68463a844ae8f6053c7a8f1361b,
0516e54a039e4198a673641753f7e90a,
c5111b35a4f8454db4f2cb0f395f56bc,
3239bdbad6f44e25b41c2fe8f06387a3,
407f3fb6f2ed431f99c029ee96a58673,
31d04abe0b024e3abf9c222766af3cf2,
386577ce993d477882a2f9679660914e,
5a87c4d162a34abc92770be4d1b35475,
e5577fb2750646bc892bbe7f79d23cb1,
199be9fa6d334fb6a07d0c4bb939ff84,
535be8402b17439a84310d7f5e4fdf8d,
6f565e2ecc0a412e8ffe08c43160983a,
ca054b7c90974cbeb1701a3e844ce90e,
19847160c118436cb06ae9ac92e90140,
e20027ceec6448709ad3791c60b0cc65,
f42a172646894dc5985e67f64b62e80b,
b9a5eaeb66e8495c980717893b9d86dc,
ca49afa6bb334661a93386ce66084929,
c69e35713d904260b49c166154c4ff7b,
0b89e152020848b29294d88e0948caed,
438e3cdb96f64cb196c873fb8070c7c9,
d53a265d8dbe4858b152a76f6643879e,
5a3ddcbcc3394c728dd260b0399205d6,
7691f33a8508449f924a4da89a3c6aae,
ec8823aaff9e418499e53df52d1c0077,
2ee1c0bcefff4e5080aa0154832e5336,
b1693aa32fdb4958b745b963f7f2e518,
2e5cc817ade64e93945f7862d3a24ae5,
cf9a17b1a8d540f096fe5e1d313ccfcf,
777e3a01dbc64ec699d616d88cefc972,
367a2f4b38a54fdeb52593501949ddfe,
ddd07dc687a346da84fd2107370e4ba8,7052000000.0000
c5dd3f0b46be4e3e9cd4e219dd239fa2,
8a9f8e8c86e94a98aa6559afb9643457,
fffccc427aef4463ab759640148762ce,
d36f353bb04f416899a7f73a2585f005,
e409044f0d4c400b82ac577613d1a242,
a232e8ecc4684b4696f0b7779c1f17ea,
13da759668174912870f4cf274ea5ad4,
dd09cec61c0a4c5ab3280a0bef402fc2,
7cc76d479b8b4bcab75690054ec41d96,
a07d9a21fdd34adba4dcf2d0c752fb40,
4d6e987bab444f00a39443133476eb8f,
0c0a198beaa54c4f90bb24308062ddf6,0.0000
73d6539d3df6408cb39524b44b63f18e,
2c035e5da9e5483987117ced8d1ff6cc,
9509f80dfb89439e873b34bc0bdc8ab9,
45f87b932e93457299fb0105d4a32539,
bc4513b44aa7437aa958d7730501c8e1,
0bfc4474483c4ba39cf3b8675656413e,
c19511df84d8473696fae6c3eda4a252,
2883f6f6e21d48bdbd49cd01457b9431,78650000.0000
1fedb19523f54724b8cae3538bacebe7,
e446832e7a0f4f8eaddb3d919c7d15a5,
c6b895fc533c42a5a83fb632fed63951,
423e5212bcec4af1bd1311654ad725d8,
f6e04f4bad274380a0102027bfb8b64c,
be7020c5b28249169db0e5dc453dc13a,
67f60b3e3c684d44b59397da3b3ed193,
42b2b153d07e40d7bd7b1a58f5185a98,
d8f620c741aa4ffe992614433ca98f8b,
00fa9dcbcf534fd7894046e270af4e8d,
d3156ab0d78b48a482e641fb8d9d0854,
b1577e04f8ca4dc0ba3a011a4985eb79,
29fa6a75be2049789faddc103020f87e,80003000.0000
6e4fe3aed9d44bce925aa81513fbc91c,
6e4f4710de58415e8a9d8d3e1b1f1529,
eafa88352a7640388f6fe583ab7634e3,
d234d4619ec243bf89c2f54765298524,
7232319a505e465caa282fb16a54fdcb,
4c421682e803419da3f1ec271c476f59,
d45c5dd1762547a5971252c1b9d0ab65,
6bf52d5cb1bf4069bcf404d6695d3586,
d237b5367b53478fa4a386d1885e662c,
981ae6f638b940d99f2f91921974e1b6,
977448df3e4b4d83a22d83bedef664d2,
1bf95509c57147c09addbae272eecb3b,
df83043572b5402b830caf5a7780a593,
ca5115c9757d4782aeb82eaf0c3dbffc,78650000.0000
060e7aff062d4c9f8de15cdad90261a0,
ccddaa70785d4357870a79ca125240f8,
a473f6ad62dc4e4998063474c4efd4ec,
c2c4d39f32b9432b9d3624ed41072656,
eb7565e764874fa1bd90be9fd968a5ef,
d0f593e0b9394119a9a3fdb40d8f1fff,
7c887c5febb24c9483acb0d676121489,
eb0c43bcfee24e838ccbe3cc0a89aea3,
2c0ff6d950bb4666be3857e8080bb023,
17500ba27a08430e9c8b9ff38e1aae79,
304b3f5911334cbb809d1068d6058371,
1d5c43dd8e1b41a6803121180f761797,
7f74dbfd2afe4b32a10069b630908951,
ecfea1ab9fc848b2bcf2ac3da3838e0b,
51293f6ef42a411ca0117c7d44598cc9,
b7228ca39a5645d0bd895970cd49d7c4,
fddb6ef824ae438aa3ab76f3e217bbcc,
f1c2ede649924b6491f9795f14e53699,
8a9e55c165c34b7e9e87c34ea9929da0,
eb12f0d861c64a2ca82400d5a6be29d0,
5a28c3f97c8a4b80b9af630336ced5e5,
b1e16f900adf4ec49bb45bd16cbd8a10,
13b424d219584f1faf2d569d52d76c66,
a71d31c3a30e4e97a638098e7fdd7329,
f6de94daba2d4a3c9bf8eaf9b364a1a6,
9e70c1c1112c4a51a9c9314711872453,
9260879e14334338bc58946b4104684d,
cfd92f5a386541ec9c08dbf6e5e58812,
75bfc9f3f99d4215861f939f31455ff1,
eadaf062106f416fb3409f6225221678,
c94500b48b7c40e4a3fd8f98ee29174c,
0e7944f3a5304e1ba9589d489bf28029,
489fb9d8836947989bbdcf6e26f0685f,
52e48f2305f84c5f83b878622d0c22bb,
4c66b165f35741c1aea38627f6730d8b,
6fabbb5ad6db4ba0801b69f07b26b4e5,
39f95786f107438dbb44081ff361a336,
b600437a0e7d42509273a8910d651084,
9c625e28539e4aa6bdaf88137aaa5f1f,
06b4c5a8885c4f018793f804746eddf6,
77202f8f89924946aae78c4995dc8eaf,
189bd92d7e7444ae85429c1e42fd1e97,
81f16fc963be463caf80123b00b0b7ec,
4c9f6546e503450187def01654f06d30,
134ad04f7b34422a9aec4d533b09611f,
1e18a580e3fa4a12863441e3d2bc8935,
f25a005439e84d46be58adb7353d62c7,
27698c16c2614883b6736e4b96022c11,
9605ac492dbc415f90dc897109f0d4ea,
9529187dc5134c2899a3768ac7a8d99f,
78270865ce634169be5380b143e7a22b,
9bd1fc2a281f4027a47f95b7acacdc85,
a6b80915ce394d5bb85de942eb328f3a,
053f14f469944e25a777ae9591beeca9,
d44042bfe0d14624892cf32364be8990,
5ad7dc5d493c4901803f94fabb557900,
3112cd2eec874849aebb7faed867d844,
d0117c6dd9e843f58c6b80acaf711212,
fe84dbc4f89e4d72b9225cef62e4355b,
d03c6ec65c434fa2a3a8f0165a3780b8,
738638ea0a63415fb564cd1c6bb193da,
4cba14f99f9b4a4c97f476aa3b355765,
3cff39d32b5e451cbb30d9eb8aeccdf2,
5eaea5cff0e34faf8baa426829fe0e06,
f40daa01f911491383e1c2f552a17280,
f5b69d4a345b47bbaad87a3850469be1,
b647480d8b374b2da110c9bf4d8ccb53,
ff0fde6637604aafb83ca02fbd229cdb,
28175a0750f248aa94d892b860097257,
e87d4de2151e4ab08905754eabbcf99c,
c3bdb2b1b3484b148361b037e728f47f,
dedea6f9999641f3ba9e1707cd184d85,
2060b1419eb742658a4d03c23e4db61c,
a575ecde04304fe29dbb1d9f1f198539,
606db95ad87e46c58c9797dbf90433d2,
749758cbe2f8447c878c9f1ebd2edaf3,
7e1bd8ec52f94dc58fbe56f354a41f68,
e97c49a4a9f54c46b5a428f71785a08e,
19b19b8f5e164ed9972a852cad309ee6,
6c81feb34ef04fbf8eb23d206cf8b775,
10672c6e6ecb4f9ea3470a225d984f5b,
13b96a795d3b42939779b9710ce89594,
7a6fcfb88b594dfc9d82575305489ecf,
8fb2251c6b92464ca2d5742d919becf8,
20066fcd425940829ac0b5c24a9c8012,
baf27dfabba7497d8958aa074f175771,
7960bbc59a7f4e7aa2049383c28ca489,
66b90d584f0e406db5c13a2278021a90,
0d3155596bb244aeb572caaf9cc6f2fe,
b9516823f0a345b5906306ccf81b3a9c,
e177f48365214f97ad4b85dcaa441306,
c8c8bbf0b02b46cb9178aabd0090c491,
e66c3601c1eb47a187e31914123e3b71,
e55238af20744683b2b5fa59ad33ebc9,
2fc713290c2f47c690e5eec4d28f59db,
589403a759de44f0abeee1535ff9a36c,
1621c2a22a4b4e63973930253ac4a215,
8f488a44a59d45ee84e21a5c3bbea1ea,
4730f1b726c44b329418c286a01e18d6,
725eae0c9d574356ab2d1626c8d9f088,
01d4061d87da47189e65d4fd2d0ee27c,
2664887a9a5648eaba4b121ba5cf77b7,
280f495f31414f28be59386f10c5a203,
ed84f4b6158f401e8cae0c129260e862,
fca78a61784d4ea9b649c8bbcca49689,
b7b8acb08ccf4ce9b0662e1dc5331b79,
8bb90a55fca84087b862d46fb8662a6d,
c72a8ccd895a408b843c356f270679cf,
6493ed0f233348448663f991c34e3125,
afd669e47c1146f6a756340b6c93893d,
0e52dc199e9b429e920d6d9752230905,
8a73ec563d46498ca4d9d24adcd85f05,
ff9df89aee0f4d8a8d1b7aaa6e991aaf,
11edcb913511473885d5e81881cc6a26,
9d48d2491e8b489ab0e6b44eae660192,
660a034a45634c189301b48a8f4ea3bb,
7f1b427833ee431d9b79cb56b5f99cdb,
0f491c2636f049348fb745efc656921e,
f724385536444f339f9e163d1f0dde9a,
6e52ce5c1a0b43f481a61b5738dabec3,
38454c7c541a4176a41d233a103f0dae,
a135377f8d65475c93750e48c44851d1,
e7c7dca9ccee479f969f1c41200598b9,
87282344843a4edc90c0dbdc74895163,
401a6c6a8fd2486ab500854e7945941b,
c21c65d1b78e4d4d9c50b4d1750a1790,
71ea3c925fe545a6867286b80c2d3aa1,
896182f12dcf412b861eb77b0430d6e4,
bcd47013a9854384a6babbefd0cad3c4,
be9b9caef1114e17a129a952f74a456e,
d80d3386aae04329a4c580a873319bf5,
a4763affc55a4e56a984b6eeb43de858,
d3cc5d42e7ca42afa78271dc8ef52b31,
f353334a55664c26a423e4c80480a138,
c035e13902d74cb1a5e24228e0fec744,
c5d78bfb5a304ca98f6b7b809658cba5,
0e9c55aec25046988e704fa189a37866,
4374a708efa04d1db43b775734b4548a,
0ee25631953b4931961fdb3a5294e4c5,
40a04147d232402ebde24ffcb68b0adb,
93eda75cf2814206a2ad95739212c343,1216000000.0000
90e4dbbf12c845e18a3e49f45e4d5795,227000000.0000
ea0e3e00c09e46d498c8f5e745325759,
de7f70f8e4e04b98951757059ff057ef,
5d41ed0084b24a4b8b5b0fcba3b92a10,
98c45798ff774413a14abc96ab6f4699,
0d7388b067e545f89c6726305663bf0b,
0970c1603d04479dafcd4bf84ba5ee73,
94f48a32ffe1484db4cc7f478a4f37be,
15dfa9926f164d4da6477ae755d5b9b3,
3c533365581c45d38cf56432727630f3,
c8c809d489c44b04bdcd8b64c38d497c,
457810ec6bea4261b32725101d39bad1,
001df2ca798247c8a13bca0c7aaf0100,
b6d91889efc348c6b5ff52727498aca5,478000000.0000
4034361178714a87a62936dca97bbd58,
9052a88dab734d59a27303217f9e0eb7,
c5aa028b2cac4bee91c7858e8db15be2,191800000.0000
209575dcb1274693991fa3c0618816db,
405bd778bd3a49a39aec985b80483301,
9ed25b42de214ceda74ce6a3f6bb3f97,
cf617f348de24b0eb3f776d6df5d9876,
c0ec35578a004466b7a83fae66c7eee2,1167000000.0000
719dd9bc8f6e41ebb52fb411b3c76482,
6a9cf425395645218b54ac5d3e3b6e15,
17fd98e635eb4db682990f4e9d8da723,
a86661e2a56944949dd445400b2a1fda,
f8f2bf25e5904f6490f339cd2e9b1cf4,
908853fbe8124be9a77eab1edca5f16e,
6e231ef4bfd44d84b548694287e6ccfb,
28b6a95102274d2c90b569d63f02e025,
6babe8d058c148c7a9755160ced83060,
a1cdf4c7d98845f6b536ec4ce4e43e99,
e93f2f6304ae4291ba482195a1304bf8,
67636bac616c47f6ad54b46fb79de257,
f9e01ee374764473816da9526d6dbaac,
778167ef89044483ad1f9acf7262b0e9,
9886784ca517485f957819792634bfe0,
c6f6207891154763a67a6ae2e3ca21a9,
f6762b936b184f5980aa9b358a71bdde,
1893274abcf54f6898c5c266fac82821,
efae84aa86fc481890518029f45e8432,
ce727097162c4d80ac4807ded1e05f4f,
0bbe79c2751b4f42807e1d6a87460a44,
ad6d0463e1c74489b921905b95c43d6c,
8b7dedfc03aa41c0aca1d74d417203a4,
552d73829ed74d82ab2ccfe5cfe96c95,
322f3540c8d945aca524e3a04db9da57,
10db2f16f8dc4492ae4f577454c79e0c,
e4b09fb6f2fd4792b13c9f4cb2998e0f,
00d99e0247774b38822d3e85a9296e2c,
7745a699cedf4521b02bb03812431507,
cedee78aa09f433f896c28024f8b8368,
6aaaba6a48824fa8abf3e76d5ac670a2,
0073897436ea4ff696908392b7913886,
eb32348fe123445aae2f01741c8d9f04,
4527ce97dd61404bac1969f4b01da3f5,
c12e432f618b4f4caa06c841a2f465e5,
2def0707fe1f44f0ba932f2714bcabe9,
566cba52a6bc4c6e87347dea65b939f6,
dea665b7c4324bffb6318fc787cdb4ed,
c036f371a3b9401cae96e65dc3f24d08,
71f9abf8f2da4129944b18b91d6856a8,
dd1f0146c82340b4b33a305bbf880e7e,
c4465a66aa284bd693659cc85a545875,
34048c28100747db9a76a140cd222fb4,
bf7816c433a74d548f5af1006cd2dc2e,
ae5925b0266e47caa7c7301b0a670056,
fd04c4c29a8748d882b82ab92a24d98c,
a58c74197ff44fa29132d1d9bbea43b3,
71408cfde32d44c0b11aa9c0ee14da8f,
85e10ace380b4f5a85f6df04ff2f4732,
bb099e32c9794b2b895b63234567ce84,
3e97eca4638e4346a3b4b981f2a699c7,
9feb2db778134ae8b5b948b6a96c870b,
3726e0d835ad47d58ec17186177ca985,
ad326215073c409fa381728683fef16e,
ae2d5ad1197b4f8887aa9361ff416e2a,
171fa40562b043639d0d58bdb8b728fa,
3edf5b37154847fb8918489e0f1b9adc,
4e0749c8db8445bc99f98daad38bbe07,
81632ee877a64a1795603ff562ac547a,
189092d1227846e783fd5194e654011a,
4063a99122a3442ba5fc7e25941d35b4,
7ec02337f1a3439f905068681e08e6be,
4af3305f3f414c95bda64354ecae918b,11000000.0000
89b17c9343f647e7ad8588db688c1da5,
1f7c9943d1534e75bb2940b59890ffca,
9a831bf0d2b4445bbb9f1a0f85c76b10,
e15af68651b44c459f6c2375973cf795,
4bac2ae9fed441059c89b4888298ac62,
c20dec62f62949c08b34d67808e5b1e2,
9c4b07d34fdf4f5785e935efd97dd839,
bee73bc30086460dbc7f7b45c919d8db,
ab606c7ee8bc43d7b926a3fd268c6bc8,
531e9107099e4e4d9a9217771279713f,
44102e9be1bc4270b7cb9e656a2119c7,
4cb43a2858034eac98ac3fa57c56d09f,
0ba956943b75436fba5afe8792f5b437,
96885126da714a00bf6695271dcfc187,
3a2171f982b4401184eec3546f6622fd,
93b2c930b3464a078f9406a6ef72b945,
449704dcf3924e26b2c269348c0f12ce,
3d7ecd5e7e7e484e88fa9272aed54398,
aff8e96350de42ffb40a59338821b9af,
e1284fde34a74f828b88de1db1ea3fc1,
a9841e2ee7904f87b8ccb7a85f706afd,
1a80a74962bc4359b82a3b2115110655,
d06f77ba41c644c6981a1a94bf578a78,
419cc42f547a48598da8c35fed58dc9a,
b968a7bd9d0c4080bcd118324f956de1,
83fbe34761434f6391929715e9593ab2,
e18749fe075547689c418fc5a79a0bd8,
1dc7dadef9e346c9b64675d5d61f388c,
41fce9a886534442ba5ab022089f5748,
d858126185454175aa0253cc70881c82,
1bd74320f03a4685bb8f68390b84cde8,
0c678d1324f842f290976ee8bdeedebc,
8768e7353c154bf7acd3c80eb81eb9a4,
bef9148fcbf44fdfbd00f286f7292639,
0285338e60b347c0bb75fc0be1e35a16,
86640ed0d9914b33938c9d75996c07a1,
ad3a165db6ad4d57afb44ca96ff2db1e,
7b3dc15b457045f0919990208bbbbdc4,
dc1c92fd4484466390dbb61505a5a8ce,
add14c5a86684cfebbf428cfab732914,
959db655a16b4ce999e39f642fcf45b3,
c587cc782f4f45c5a1dce264e91db664,982000000.0000
8f8cc7f63cb04f2fb7bea73022d3d9ac,
36f615bc57c94783abe162b4522d061b,
c504815c2d5a45eaae2dd996554ce7e3,
c2a6b6b422c04bedb4a19c61cc6960d6,
926fe0a9dac541cda48314700efb1f3c,
e636665de1d443349c137e724586855c,
d3d29134cbb143128dadf4bba9bf87e3,
92d351f9771a4d41919d946368289d1f,
b5945ab447744a6d97add5424b7e1a1b,
9ecfd6e19d4242b8afbb080d9c4fcf2b,
ae5b020e58334ac7baee7e506a46a128,
2a1f28725324432089ab0357fbd569dd,
985d9597dd554e4f8003726623dc136e,
553c7c4b119344a29e7dbe7351cb3cfc,
6eb8bd3f3f3048cf9f04797f256891b5,
224cd8866b404a5594c6658f2aa71358,
b11234c6f2c945de9bbc05dfc42e85cf,
0b0a17b2a2df45eabf68ce7e0eb87dd9,
7025a11756f844bca091a607807019e9,
a711e0979a754ea78600631d3e3c39d6,
5ec1929913ff48eca964de77febf8454,
3d4f9e302d754b97a5e05c772256a77e,
122cd618d2b4498e88c2976fac71acf8,
94f7440ebb8e44929bb803581321226c,
b9eab516adf544a087b27822ae625a50,
9451578395994664a55054d229f5da8c,
9f421ba61e644714bdc1b2eb90d1173d,
4b400cb362104f95b9228e03012dd6c0,
a324b47239eb4044b9c2d942a0a7d814,
5817edc1356a42f397706dfde3309683,
8bce4a5960bb41f1ada86014f8668f82,
ac12d452fe8d4c3d80cb5ca954003c61,
ab5df720feff45c5aefb1a7ff616e9b8,
a08bba84cf034db7a6055d49a04ade1e,
1feda0fd0a314797aec6dc7b9be9c540,
9c042995219649bb83881bb16a567f4f,192000000.0000
248a62d02d304db2b5737c88730646f0,
450f76ce8f1145489cd2e61f6cd46c48,214000000.0000
b1c1713c643b4beda4e479d5b26c0423,
449dfc6caf344c97bd75fa47834b7ae3,
9d127927a5184afb9e2ed1f464d32873,
9fe19dc16395457e96e3ba134b9810cd,
ec55d518e34a48d1b1b5475b36d27328,
bfc92802a8f847258a5cc3862ee9f8a5,
636b7ca3e6da402480e6e3c6bc246f57,182905000.0000
f290448fe64c48249ca6254647191c1b,
289e792d073848e8b1f325e83a4af7e3,
7b7f33ff57d74e81988f59c11488272f,
7e0575186bf045389d4110fcf47ffa62,
fcf3125313464647b38ddab24c4e8307,
1ad84047f5ca4fb3ad33d01214ccd537,
5b8cdb5874c64c0397d91fd5c61dd6dd,
15c904310ad94e1592ab686104fb6759,
318b54483ed64d1bb4f4c425a37384f3,
3fafd86877914d4f951fafd2e87cc164,
19faa420166f48f5a554a98f4d239161,
8a73a4fcf134478291c7e40815909ab7,
a8f21a70f86146de825ceb5c1d6fd2ad,
bb53a6ce84de43d2af06b6f4d66573b6,
93196f62543241f49ec5e6f874bd40d2,
3ab2793d27df4df08b6b5edb180a2690,
17b94ed75ada4deab4d901d6fdaccddb,
c48e510f0b7641c28d6f24be63f9ac82,
2121514b30fc42199b575025f91b7712,
90f4046859e9411c98ff21813759cdeb,
891f6af2cbce460485e09e397def2995,
b8b05a3505394217ae0ca0fc9b6db5be,
175519300ca749f2a7c366c7d5ecea79,
9d873e4d50e74ad88e26d22302bf1b0e,
6b22618206604d06bde1e894cbaaab82,
cb09eb9b137e4a829dd248d32664bff8,
5d06d7785c874e48aeadfaa2e87e65cf,
2a07209bb46c4f599ac9544771c059b7,
bf416a2e122d48a2ac9bad167520ee26,
b7522f0c02aa4bce884ffb6d85f1d540,
8f32524a7cd64f6d964487ba447b42f1,
4b9a422cf6614fb39955892a7ca85d1d,
0334be9bdb5448e9a8e4a8cc1c9651de,
86be16deb90b46ddbc3f9bdec9dc3418,
8c05e69a94cf4111b9aabd2cbe3c609e,
30301ad484c04276bb7cd11f61278d25,
dd218fe95bbc4501a1ed3bc545ad4b92,
f98ff626e34744fdb84703a2acf8b1f7,
690b185416cf440e8ec0e7a31d7529b0,
f185cf7fad0244429805257e90e0acca,
988d9fcef4804fd2a3b2602d21d8cdfc,
0a316861c0554860ab6e50ba2519a44b,
71b45dce92b445a1830b160ffaecc6ec,
fd1ef79ab1444584a659322be3870d08,
2b8f3567ffd942eab26528801ee473ab,
360cc64eacd7411a95561a7c4e10b70c,
8dfda0f64a8842628062036323f44a5e,
b3e9ad6dd0fa40589afbc27d3364f936,
72ba48a100ab44c184ff7aa3a4b8c023,
2b59e96d795d44dd8846d67dbca333f5,
65440663396042cdbbaf001bc9d50d91,
c1eb29bbbba84b05b280d3c94331cab1,
6fb11ba4812b4051a782f5f2e4884c07,386602000.0000
313694527b65489bae076c951d2e28bd,
1a4a73df6ac04978aa7d777152552e82,
d03bd382dbc3419094451ebcd3c9bcf0,524131000.0000
6320f11fec7a47aa8ac1703fcd96ee64,
8c1a9abbcc0e4b14b049e3a05398a05c,
0f665326b2c241daa7b1022449077a1d,
6046b7f8d2004d3fb1fdf80c955ec8e5,
bf3765739bec4f039d9b4ef25f8742d9,
d2309222ccee49d0af3456be7bdb7949,
fcf272bd05c343d5b718859d56d29b44,853000000.0000
18ddeb693e084f8599368a8733e7032b,344000000.0000
89f6677978024949a62fbb04a52ddb1c,
c88efa62c74a4d4597c5b616c0a0e932,
f844eaab16b44556a3973e1ab39d5e1e,
3e40e7b0e9c94c1f8f1e9f43f902e207,
0517ac1e21384d72a2d4b9669ed6c9e2,1383000000.0000
965e43c3bbc64afca6bee9bccb9a922b,
b5781b2c36794db9a653bfb37938c849,
3081fa8e8a6c40faa1a04eee00320dc3,
bf415e832b1a40e9a0b7947dd133111a,
6a43b37b3b9e445381fab4b2ab3e35b7,
cb5decc3934542569e98cb009b137306,
a60164a846f64111a641c3e7d9935806,203000000.0000
a127b90aeea847709ab427571a8cc174,208900000.0000
fe39ef881f4943f7ba05a7b8bda48705,208900000.0000
7f0f31431b7d41c48a8376125e2d6813,
f29515620e6848fca109db861b2da247,
2a50692cbc8a4a2185af1cd88e573893,
36c6c3c6744b416986247b47e041dbb9,
ee1597e4d60e4bb49f1881ef7a438d64,
732ad7bdfb3e492a92d4af563bf1285c,
dcc47488087e4e0a9f2e120ece2dbab9,
b9a884a2556840bc94408e5b71fe424c,
adaba0acdd0b4cf8a30fe96aa01b6ea4,
a350c3227eba434cbf522445b56c3ecf,
a2a10f73b54943bda70d6e470d1ed68d,
f81b0d48be1c476bb58662c2451eff14,
abbd4963df3843d1a8dbdf964b9b4b9e,
7f62d17ebb2a499abe78278d8ae04859,
2aef1f119d63478888b0f78271ac0e66,
9cb35ed601834793b3296bef822e6050,
1a0e8e35bcf147ddbd9afa0789282832,
b47adbd0bbaf489b8ec660b1e6bf16f3,
b087e31aab984878a9038ae7f63dd42b,
26eeb80ccf4d4f8696787f95bb6b01b5,
e785d9c2109c46fab7c09612b8c2b992,
5d56624c54384cdc82e8a279260601ae,
72ea6d6e4c4a4f76b924a4f61d716ee3,
33fde530f7004d78887a5af97d0a8999,
694048b5172e448e8e85dfdc2ad8d4e6,
96cde076c4174755b106ae98e5b72e66,
f4390ed74aad418dbc6e930f85c2e9d2,
1357404183994b669404221bc68df314,
2f6b8ea1c5db4632bb07751b125d26f6,
2b7565b8085d4666a268da99161c27d7,
11f4206993984ec6be9f01af073ab818,
095c44690d464b41a5d2af728e35500b,
cfed9d5bf0d9437da22bb9c2bf2ad404,
8fcc5120180042d894562a0c701cc4d1,
6614fcc72874487c8b4880270c4919e5,
1a28a8c2268f41da8210545904e3322c,
65dbfc96ea854a0b9b127ef976158c65,
10e85ec6d345438b885988d4510bd8c5,
1a5a3e2072a3478f8b85797c3b5bf3fb,
8de50045d8b14c4e8f8103392bcaee58,
e7d2cc65224b437fa2dd7380a1dee44b,
41f6ffd261ec47649785afe1df512c14,
0fdfd6142d954d4c8f82e13e27891869,
b31fdd7ddde04da39b61fa90361f6bd2,
a2d80cd2a5844e5e94b051a32c1b0eb5,
bf60ff5b153643b1aafbfa1249f5323d,
5d0d3e1c04084dc781169f6f1f2603d0,
6e4ec233c1b2477e9bc6b1e9779e7f09,385275000.0000
a4df17f2865c4d4fb1e137319a43031a,
5706d83269864b2ab7a6625f2dc9ec03,
072946fba78f42809239b42e3983a055,
0a2bd8880cef4807b6350edd8f15bd0a,
cd8e995f34ab45bc883f101647467c41,
420def9a55814584b4f7f5efe8bd4578,531000000.0000
87c419ff0a004a34a62abb821df13b72,
21daf399c55e407399d98333e2cf2e4a,
09a15d94c31642bd8666937ffce9a2fa,
b53b5fc31afa477c9a48108773caa8ef,
c550d8ea44d64d1091c00de92466e35c,
9be801d29627419fa1bd250b2d8dc6a3,
7b9c7534d2054dc3a34d0322e1779a58,
ddaa13d90fad4fb6b8a8ca509a152377,
2d7120e4e708451cbbe3676a7371ee22,
d25e87c4459f433da05367167698f1eb,
6027074fa4534515a82751d262e92b21,
324ede431b0d40848b1e0f3aaeb30f09,
24f8d7b8028a48529b5d84e1216e3bdd,
d6a573cfd95e41d891c63125c94d7575,
9ead4afa437e44269b6ac0d0b051e9d1,
df1f89b7d89b4a55806b8e7a5eb1746f,
d9ad5fb1287d4a59ba88f7a8bfc22a4b,
58acd4c8428e4c9e9e511dc9a58a8668,
007afedd14664bac89ef9d519c5f4ec9,
cmrqomsc7002jit4f6c411jpt,
510aa1401ef341f99c6d3dfb14a1a2ab,
2e145c7090ff4874ba5a87575459244f,
8194a8c1a46b41bf842ae9b32b3143ab,
25615b0b95464acaa83728f32784da5d,
78eb387741e5491490b784e5927fbdac,
42b6e287a6794e6aa3575fe10c2794ff,
a99ee4cb5f9b4f36bb4d5157697f587d,
3f7495e95f134e0a9a12fb6c849f1868,
2b2eeaef14ec47bcb39aa6f8f2cbc733,
70c6b42840cf4deba3bf3ebe326e3859,
25e4769c1fd24b9994e4b0ad62a0abac,
f993d57ccdad4d6096cdf8520b447f3c,
747e843485f24ab2bd3224b8478fba6d,
621097297f67438b9d94f88106048b80,
c9d7551eefc84b5dbe319172a79029f1,
a2856af688f64ecba165aac7c5cebbb6,
0f6cca5d0781476991c9000112ea1edc,
e4b5ea9d956240f89ffbec58e3663061,
3d9af31ef6764d559aa07a5f41ed7677,
61cc1a4ef24c4d64b9fff601921da59c,
c5584da7b94d4ecab51b04886aafec70,
9124e3e3004e463aa19845b25100079d,
f7c838f9dc65403e8892b9625d04bc7c,
dcbdeafe33874ca9ba90a848684a1759,
d1aff1dff6394b15a087e2d43e8ca25e,
0c79f0b41acb49e3ae96722f582aa1ed,
80a247f301e444c79609915608b15396,
0138b185b8fe435dada7d74e6868494f,
42aa1c12e6184b4e8e780ba0b695a829,
2c9e6111913842cab2dac91c37beb99e,
0d4aa669ceb44d8fb1eb0f838426179b,
44f6fe6442e24c8797154e31af8b71ac,
e1ffc1488f7643f4a90993c540642364,
bbf048cdd9ab4dd3bf1716c40c7a6a72,
1ee383e3ea574a73aa6c1dcc102649cf,
476fc021c0c1414186afc44f48743e4b,
793d74b6753f4c9e9faf665521a68c69,
78306990e02e45279eec18e8494c1afc,
2a541434548d444da2ebfc6bfbbc9a73,
614e994fbd974f0cb1c76790b13c6667,
81d8546b3fbe4d6fb77d402535c6e1b2,
380c1231130e4abc933f639279c65c2e,
027fcaa7d4b54638bb7a64ba1f8291a5,
df03b38719b445f4aa66bddf9af2e450,
526af70232cc456d86e02fa0c1f68695,
f6f03974541e40a590ddbdce0f5438e4,
4c61d815dec140aab5c5e04ea784a98f,
4c708111388149368449573208845b3d,
fb753982d87446b4a71a46ba3e004411,
2c6f60b3ffe241eb9d5c827a087dcec6,
4aa92fd53d67460884ef1663aeb32641,
2c56fb8d31e8425b8e4c9502e957bfe4,
187ad19ad98d4075a2634a0cf05fe325,
da599707cca1471696f99ba51d9cb97f,
06f764a9fc22465e8f9fad6fe5faf8e9,
2edcef4475324df29a067d9e07ce473b,
7b3a082fc2ba4d9e8d880fe8341addc5,
5c91645688c14bedb8207861058c92fa,
629bc3253f79448aa5e9ad8e3d77ff22,
2d636970535c49e1831885e5d81b634f,
9d6f64d763754363bcd7aa0c0edcdb46,
6341dc87b7d243c6aeb757600e60b9a9,
cc76ac6060b84447bbd8f0a26c834ec4,
7b047c578ab045d781cba74259593661,
ec87910c4b6744a5aade2ee64b27a6cc,
53e66292d2364e52b3299b154c33511a,
e2a1c3130f6244a6b696bcea08dd6d43,
83a89bb9521047a7b06d5fa718c13a41,
1db1c58d9bc343799a4493843f1da8f6,
9963c5cb878745abac459ca4e39bd730,
4afa19d048a44cfeab218c457f81b2e8,
d63cfeba02bd49419a3216fa73b32e50,
8e9c728ae7bf4edbbb5fa6383d375cab,
aad1500ac2154976bd04e1b0329d7f54,
bcf85d6b58d64924b7febbdd1db086f3,
54e71dee6f3e4b278fe901cb35f4787c,
4bc288830e2a43a89a49981bb386cf3a,
0cad095a2197447385347d81445b6091,
70a8438d5e644fd1aa0c4b4614a78cbb,
d4078354a1df4bb4bab415157bd3937e,
2bc99cadb0c042d2be501cb7df4c368e,
b75317ce41794509af1e024958fdf258,
5d393b5159454e73b2a61a33af645114,
37baa37395c542b8bb74d06d0f5f6a77,
a29ea9c854ae47fdbf805f55872f3d71,
1cb5c87b5bb447d1826620036ed6ae0c,
536453d5256543ebbed51d667a252e32,
c7157c68c8e4465d82a89e1a6ab19cf1,
6fce2528e08b40f5b987c836a2587ad1,
a4d742b9dc8a48d2975b4f6c840bb001,
8c0a912b64154186b6d687fa4f28ac0b,
50f6752c17224bb493dfd02607af06de,
b2527d66398247f1899ebe46303799c9,
cdce611000b540ce970d99a4ec8da0cb,
528714fcc4ff4b79a2ba7b268461f573,
35e9174f4eac47e2959a8568c896d5f6,
64ffb0f484b34fd9a4f24e46c1929b0c,
e3c2de1aa85741978de851de70b7ff69,
bb84dd223120497f8cd21e85da3a30e3,
74c1630aa9ee46a8b8434994b8c38cac,
f1a8704e0b19447fa02a5d87b001a1b6,
0bc99e081f574c4a9f8c068764db5bbf,
34816d3e1f1445569ff63ef3340c2c74,
45c614e10d3444099fbf5519429d7fad,376511000.0000
ccc2e4bbff0f479bb885740af5a1726b,
6c6ae48fa4e74e738488b4fb0fed9775,
c20d88ca7b31420f80ffa4603b17ed75,
ed0a7d6adf584d96a685634df198591f,
36574e98d690437ba82f4899c0fed67a,
b278d35ac89c4592be44729f82d42d8e,
e0385d97e78f4303a3a4d3c57ba61be6,
0493c6ae616f44ad9ac29c9d2b6f48a4,
f14a500703134937b9afcdee31a4af42,
e0a2d401a81b46448da6f25087e7cae3,
0f38116640a8447ab60384d7b1ee61fe,
e0820aef19f4465a8f1f89a4e37df3c0,
3e3a332fa7d34f428e744ded46c78787,
ae4e6f870b014adf9fca1f80cfb30ba8,
143fa6f39b5b4fc0861e2bbdc56e0c39,
759bd67fec4a4e048a7addfadba6be5c,
235de05886c04298943b0749ba239a1e,
5cfdbd1efc184eb1b09a3efb8282a7ab,
64072e88fb56433c9f4e843f45e2b28c,
df8206b00f6441baa475d1db5179d0e4,
dfc3c482720744c38d0e249063f4344a,
ae90a032a8ee404780e0b548ec9e0286,
44aac96c6e8b484694c4ee6592ab726b,
68619b6ae8db488ab2af75020c1ab68b,
3d3c8d2f31f94aa0889011b78ceeb9cc,
3a158befa4e94b05b0351ec29da02cf8,
6df55f146dd748d5913a8b0d5ca63e67,
650e2dcf66ce4344b23e5d468f0121a6,
5760a112a84e4a3cb6b887a5645490d2,
0afef650fd5a4bd8bd1d6a5f6259c3bd,203000000.0000
ee41bd4d12f04cf3b3fa12eb4fc0d6e4,
42f76574a23e45158ee0ce8ce802239b,247000000.0000
e5bccd3888874aa783fe06c90119255d,211200000.0000
ae352e20b4854aef9440d11055ac3d68,196800000.0000
31feb9f4232a417faa05493200c3f26b,196800000.0000
1aa12ce9cf4546378f47ef5663bc2e9f,
905ee3168b4a423ba60e441e17d774a3,
91baf98e19684151a44d0b7a9f00a1e5,
d927fae753dc45f9903d54c84e998b87,
62b8e71f2bcc4261a4125edb25cc59a9,
6e11bc811a6641689a4a93803151116b,
d7f2eb8a76f3408b992cb926feda4c3a,
55854a2a29a54d03ad918da7f6356706,
e3ad355a03fe4604bb5c16953d0ada23,
c73322e8536a43aea776457ab5c3de45,
3009b78fb051459b97b3a55dfe6186ae,402000000.0000
b824c282bee842e58fb033b95a9dd5d9,369828000.0000
31e3d225ec0d49848ebf14f6fa84ea97,
a92c614b8cb0425f8132dcfc97e7429e,
75d7289d4b804e0da27f12e73bd48c66,
64f6126c4a45445f877d4fee20111664,
94488818c22c457ab4953d33a4e315a5,
23c22edcbae6490391f6ebd19b93e434,
70800c54d31d4ddc8461dc970a4f43fe,
caf12c31d4fb43698778e80c054aaf42,
47f15ea07f9543e69fe10e615cf20983,
f0418e8296f546728c1e239edd11b6dc,
bcf5f3d84a2c4298b96ec5ed962f15aa,
4e1090ec5bac49b690b77065df13799a,
2d1c7e2dee454ee2913af66aefb0e124,
ced6792ce93e40a8ab1f7d19f07a6b64,
212c9948144c448392f1f2b0711cc86f,
db79c9c101764c0db131e828b6b5a7ab,
a8ee801debef4764b981c72ae3fb2555,
e41ca1d394464bd299227abae4166583,
6bb9468e2f71479eb127fa88d1490485,
57cd04bf99c4493ba6c38431f5b9ad0a,
dab0ed8f1d3047ca8bdf0d9c82a1da19,
aeac2a4c02be497694c0d7840347e43f,
bd76571d32ee456081af81099b5de098,
b78cec9b79a0465f8d63646e2fda710e,
626823e0ffba43ffa36ac3d8503dd9c3,
0f3aceaa30c8451b8bafd75a4becb110,
c8a5c97d5eee4c74a643470e75d60aa8,
9a15fc78b065430f8e8f5758ad304f69,
d25134f30b2e45edb3d1f2f60803e4fd,
58d1da45f19140729a82e7396eab3e86,
955e2a20c3054354ac3e4e4ad4a226cb,
c85bf2b4ca33484c99a0194f716e5bab,
2287f99dded24d179ef7d1053acf1677,
9c667dc48843421caa03e4a0d6cf5748,
1c5f59ba949c432f9d7561ab0f178b55,
b332b29af5004b83aba09b1b0f9c199e,
42377a2538b3404ca8eb616e85cfb7fa,
65be65ed145e4ba3bd976566abb4ca6d,
e28b1096aaf548d68813367f9937947d,
1794821397474c5ca0ca72eef66644a7,
aebec158c37d4cd5a6ccb7c9fa962904,
faf9ca5d03ab4ca393c3fb5b2f15aafc,
3e2a0270da0d4899afc86a184e1e7f7a,
f04997c9e5364e059c35f5168a7590ab,
b4171302a0a84d06b842c534f3235cdc,
13fa6850f7ce459d979e72140a533f85,
1eb175e1c63a4ea9a438f1a49fc6728f,
881513035c8e4f20b5af01f41840bc20,
968ec69b4b914f33b80960f0e2f88534,
7987a7597dbb409aa871160cd30dc0a8,
7c489dae397f409ca63f43f852975f8e,
4bbbe9181bfc4e79b9dfab5e9e8810dd,
445ac7f184aa40fea68eaff604ed8ba2,
3a391ea5c998489eb39db2c9c8a229d2,
78ab4d752f3a47958ed0b0163d632b78,
db46523d40a74167b114fdd0ffc87254,
8cd15f19f5ab4b9cb6742b09f36ba6ea,
9ece3465d9f140488127620c35a224e3,
02688f6c5a16450e80eb67b7e3bfbcca,
780051576506462bbe98e89b768a9724,
7ae2bf39454f4b54a3c1f5fee65b7788,
83bf7c0c140f4cd0a7bd1219842c9395,
38b7381b62374eaeb7558d535f898af6,
6f09476473304a26aa27ef612265227d,
cc78b3e3870b417b9c0bc4872bb5e348,
47ce959a65ea4661892d3e84febb334c,
57fd0f16b9dd4892879b5a92f7b1922a,
799b0275d5c14f258d72a29eea7ce7dd,
5e90657de598434382404906e6d03869,
30356c50f62445df9e266073b1b4002d,
c496f65c4dfc4f56b03e012a2701a656,
517231bd115449349473c5e71f500453,
bae3cbb5fae84542b4756868d22de58a,
6dd0e349693d470c970089f3ee11c8bd,
a96e06b82c114dae88781d46c8fe0858,
0c5763cffb784767a7423551b8fdc118,63000000.0000
6f755facf20b40e891c0ad2ef2e95cc5,
a992463730624e44999c6b2df301bf75,
ebd1c574e99e4de3b652c0f5a093a67e,
6cef441495604a1dbe6dda01d133430d,
d40697c481ad4daf93ed6b73fa49f67d,
423efb7f48974e03aad70539e654aaff,
d1a6c51574e945c4a13d1476612aa3b1,
dd1d22fd13f44f1f868eeb4fefbd4265,
bd128328d88d4ef7a97dbe83711e2a17,
2fa12628840c454ea5f51d6a97eb1917,
53be2ab343214250a501290ae4a89668,
451af2f533f549f8b1408b7770bf14c1,
79a432e63f734ff0954f8bab4982f7a9,
c977740edaed433eaf055b41899621b1,
a94f8aaeb55345e79a8210e10a93c4a9,
a30e3a127492414faef98792b0852d2f,
459a45d74f83457a9fff97a7235ee96d,
f29b868e107048fcb6382f36e6a152bc,
8416845eb47643238278e6595c780d20,
f5494ffb19b440f38634ab517ae87aaf,
c22df1b657b048e5a7fa6ab1b849da59,
044a243c0f2b4b719944b5d66ec4a2fb,
e611c529fa4c4dffa55cc7d2e6aa74f7,
e9ec6f0ec9d44be89de6ca91238de8bf,
d66022b45a024ceca3774cd64850a623,
d3de0e61d062422ca96bc2c0e1409679,
ef43b30b9239467184660dd09fed7156,
754fcf5999d64e8183a15ab77d4820a7,1893000000.0000
85fa3841aca54183abe4151d7c151792,
7328fc14167c4258912943957b77b251,
6cef7ce1214040b6b104242596de159d,
05fbe016320546468b217585bd66731e,
2d0cd04ea3cc4685b3ab4681e22f95ba,
e70da62267d242168f8c4ac425a885ca,
2b924c5de6754d7184eb19724ab99a87,
6f82bc49252d449a8b10889c025e5da0,
7a5768c832be4e18a68899b2134b34f1,
8bbc46f2db2c466a823a20f7d34b5d79,
6de8da7606e243528d00b52f837ebd91,
b49fb40e6ec246609231c01865b6c172,
85fb93d8b80640d782bb3f9545fb8393,
a091bbae19bd4a648f91592b374a2283,
f9933320dffa46dcb93c2f1a6ca7e3c5,10483000000.0000
25343d7eaff94616af038345d8b04b63,
8408bfaa821e4cd08f5723458d0918ea,
88ce9807588a482e810ae664cd14cad2,2343529000.0000
8655f732ad464c3885de21301eaa9266,
07c6e4e002e84ab280e6ad655d998b54,2524815000.0000
0ec3de86cfef4c4f9eb2925912bcec29,
d23ada5655b1450d8d692ac15f3f4f5d,
37700531e66b4dea983dfa83b7e6c436,
5c6592a4cb6c421186e4f325b7a7f8a9,
5ade031bfc0944b89af4339471384bf4,
2a0436997e8640fa95c8395134d9f319,
a141462ca0b04e80983e5098ad565e46,
4334cef1b5f44b8c996b3fbef089897b,
c6dd918e363f4542811eb3d9d36c1732,
c2a0a44d14df45f084adb6e6737b9b45,2537512000.0000
38a8493436384a93ae69c7f42a067bad,
4e579b83719e408d9f5e78336d9d9173,74200000.0000
14932ecaaa944fdcad241a1fecf521a6,
30fd221f77a64a5fa65d8b4bd7589dfe,94000000.0000
9181206cc47e4e11a6a311ff21386835,2230900000.0000
c5402253c3ac43daa5c6c3e8e2836bfd,2580914000.0000
d0af398a25994e8ba9505e249b77bb86,
3107df80d7834968ae31a22ec7e50f5f,212300000.0000
f6df1a9b614d40d9bf388af7e6a52608,2032000000.0000
1f49d1224ad84ce29cffab2638234761,
bb592d683120469a8789dedb9a2bc3c2,
f86ef0cfef584467aa3d76a22c3d5137,46000000.0000
dfc31e2d4a6147e09b59ba6a34c2fe32,649000000.0000
c16e408f6d7b4524aa5d4061c5458506,
0cf4a7c898c446029a70dd0f0032863d,
2637264812b5450ca4624ede75de1e60,
c11a68c4769a46968ea683aaf188795c,
b3913933d2414ea280fbed42dc4cc38a,
8f89a051aac74ce9bfc834787061e1b5,0.0000
cf9b308e24344517975613a8dffb2fbd,0.0000
90a9534f31174227accad22a9844a0ab,
25df3ac242f94e87987db99938cea17f,183303000.0000
4b4bb1f08f9841ffbd790e35b8d7120c,
eafecb4f9211446581ee082db0cd51a8,344000000.0000
ea5345ecaf494e2a8d3df4c6827a6faa,
f358501fb0e1491991f7d2f6f46ef85e,
7debae6db0b94c9b8e1fea2b31f031e4,
850c5df68abb4b568b3baf518bf1431f,
23d929a465ea40638599351eaa8f5f1c,156392000.0000
71ed8f5d2fb949afa3d6d4651d9da4e6,240000000.0000
e097ebeb3941473ca3b36bc1dd9ae33b,260000000.0000
d0769af166bc4c5480a1ecd9685e3d73,279000000.0000
d4c0903ffd854633a23656f31854cace,
53d831dc6ff342e690fa446303f048ac,
fd2beb851b9c44229c22d836f3c46a86,
836a8eb39c104cfdb1e823e8e8b6165d,
dabbab6dd9914ce8aad233e627f98c54,
086fc8e10ae947a3a60b70ed61b4d622,
8712f79999de458d933f65022acb0474,
5b42b990a9634da6ae3a6e07980f6f63,
30b339acf9fb4649b393d01ca453c3c5,
a0bf6d8f311742fb805a1a93c16eafc1,
2e987db1ca7d48f4ac1d38fedaeca0ae,
049c476fe46a46bb8bbe6e5d3919036e,6266500000.0000
3e1017bed2f74be6a19855343285d135,
846b330545d44f62b50aa46fb4319996,133800000.0000
9a103aa6ca6c49d189e6175772181dd8,
ab48445e757b496c9850beb714f2eb2f,
e934661d55314ec8b59b69b7d60c487a,
8b9b04d252fd4478b36bd0ace7830149,
f57fff3f8e194c27b6db8c4685cff2d0,
126acea93fb14da28cf0f77514f4ad13,
8b4025cea51e485c97f206ede1eae2c5,
21362cbeb94540afb413009488915218,
e8c55f86eb7c4f7ba9585cd5a0b4d62e,
794f5364747544a48c4e853d1a1f67e7,235000000.0000
39c777157bbd4af88d75895b2f145e4b,
671552e39a454e33ad8307f8cfb77923,224000000.0000
7a48bd7b96764d83beebfb1c7e285e5e,195000000.0000
e25728c4dec24d9eac7d1550c970bec0,
320cfcbfcd5348119adca517dcb57812,
590272112b9b451ebea9b5612f3cc4d9,
99404657138c4f92b0db60bf8de4d84b,
05aaa23ce6a7412f9c22a21abd368fd1,
aa0b1a9114c94954ad8712f475836c14,
d14f6a6aed62408292d5d76447462ae2,
b4b5c0a071664a27b3e6a3925e4039b8,
e04e8ca633a849c099724b00991c2df1,333000000.0000
bc8bf5ddc4d5473eb8a9fc68217842ac,
a32278e9d07142bcb1e029d4561b78b7,261000000.0000
4976adb54cb840a8955a7caa3c71e8bb,
c54b260c07cc4ca0b30ddfe29cb16042,
b4d34ba417684987b527c59fbb070b23,
ce27a4494c844696bdb0e8a59a93fd30,
3aaf1fe60c4a4a42b30dec02263899c0,
fbb0a0ce003d453d852016b960abbcce,
c6f0899acac246adb8f5989babe60fcd,
06fafaecf63f4146a53871c5b79d6042,
496f6bb229b64bbb87efb2b28877866a,
9318ce3aa98b4c68835180264e85e67b,226000000.0000
95991fa4d29b4ef69983ce222e908632,
fe85a5789c904d8d88c6dd375dd60b74,
6943738622be44c6870772e1421f600f,
c7992d8c03014e44bd2ccb6a933a485f,
4c2c82dbbdf64eee875131f93eacf1b7,
abf9b785e77447fcbdcee18183dda01a,
a4a976a7b9cb435b9645a4293bf59e15,
5b27fb1fb4f04b74a99837ac3a5d9207,
0b3ac39611344b049bcf8ba07028eec6,
e8a7fb4117d34481bb7e4ec6f997a1ac,
5d5d40b78ddf4c32a16de1ff29edb990,
f83b48a91c544135a9f7623258ef20d5,
f44547b717e741efb78dae94d87862c3,
76f75546f8d8406fa16d835b1ab381c4,66300000.0000
a26e593a39b140bc8aab0fccfb81464f,
988d169eb27b4b268fbca7ec5d14c5b9,
696531728abf4bd68b54bcaff0ff1e64,
f73b334eade54241a3404a566c8c2f0c,
21214f09683445d0812ff846eaa0eb4a,
5f024d31bb3b4260a36553540aafd077,
9f928a328ab14e3698e1791a5631b8ce,
ea8a008c7dda4f1caa7607752709ebeb,
3aed3de7fb0346ceb6cbbbb161b51d91,
8f36c54ede9f47309498b0af142d8cfe,
f489cb13e468482ebb509d81eccd94b8,
947051743ac54798bb6320c9ba60e54d,
73db61a8e84a4fbb880909cd80a61161,433310000.0000
0d59c4bc64d94377ba656480dce1ed3a,
280ed0a87e214da3911aa864ac2c4333,
74b1ae86a71c4d96bd8c18fe2aef7257,409890000.0000
6771d8255a89489fa96b9444934ab3ea,
d1b9de849cbf4a4396b037981fd0ee7e,
7558c6ad0ee74c039cfa676521b65cac,
ae2faf958668406e8cc9b8f0f1054087,46214000.0000
f7f1c23b12e34882b2c1d13012238666,
7f810b2632a542e4bd460d75ff36e434,
28634c5f38934e9f800a27bd8f6fe739,424000000.0000
9ee24161a5e44eedb3ecfba447e21fc6,
9605e39a5fa2466189934a5c69340133,
8c33158769c6455499f3c27bfe8c785e,
3ceaa0438b0e415fb2f1b7dd5a16cee5,
cffbcd5d18384a90b0c4b31735b01307,
e94b2a217fc046928c52f3c13f1ce619,
d0ef94e557164f9086527e75a24be282,
fc52dbcec7e84733a074108314be0b85,
181f289313fb4d7a8db09b167ed64656,
a2b05695f6534857af39d319248648e1,
3ff2c6244d9b4e4bac954a77d22681a3,
9805bd79026b449f89f9214c7960413b,
df8ab77d0d3b4b35aeecd5adecc8378b,
d0449f02b3654fa8826f8b16c16c1e06,
0fddc2ac3a4b4e7f9062574f7073f771,
98681b52bda54f4c94befa02c67bb713,
c25f433b543e4c05aa4fae106e60a832,
8ca02e07e6aa41cf811d0e5e25256b98,
30d44951ca744f4cb4f61c624c597cc7,
a54488ceefe04f8c9ddc26175abc0398,
e0137f7517844af5ad58e581f9fd86ed,
8317367cc43249a6a1bcd65dadc2c218,
8299c91d903c4b3a843dce5c329256e1,
f803ca9aa83b42e98f24345e78dc1727,
11a35343e2194dad9a387293b3667fc6,
e0491694790544d5a2575412373e224c,
13d53216247f42e2aac1f76159e48580,
f25aed49cbc94c5b95af6cdb109624c5,
c69559ab0fba4c1997194c559093b739,1966000000.0000
ecdb781778b34f0187943d071d134dbe,
fff79d6e22b54303aeda28c649924b91,
0c03a6774abb49f28a3e12f2063375ad,1880000000.0000
79559b950f904b54a6cd30d24056ba6a,
028168c34b7f4d35b0a9d00a33026dc0,
064f875a2dc64230bdc0794506692c50,
787f6a0ba11a4eeb9eef6cf41adc0278,
40ec36c06f76402a98643687d2ea4ec5,
ee10bb71179944868a4d027100709e30,
9dd2e70d887c4802a4a5f7aa112311b4,4489447000.0000
bdf3f32edc9a417f9fb08902cf4e69cb,
f4b79fa972b9471885b8f2774bece5be,
a11b688e75ad40999d5773367d0b6912,
230bc686e42240a298752c8fda603ac4,26000000.0000
6c2d2040cfe64368a2104ab9f4db0e5d,
04b246efe0674ae0a59fe55ff22259a8,
51c5bb8bb62a46c392a4d5ab13da08e5,
eeb62c4d1b56429fbfd2873826d80b2e,
a6d22a83e1d14378b7c6680fa0418c0f,
d93240eb199042d4b21fc2c599e228c5,
d60554ad0499478ea831394a7e124066,
9d102b960fb34293a6a846bf32492749,
c4fdc73651534ad0ba2a7ecc24bee291,
67e9c076137b4a86a805e023b95c323a,
127d8692f49b4eae8e5395a81ae8580b,
78dad9d8ee4045fe9328ea0b57cae6a6,
e4dcf2d153594421bed139f7f8ff93f2,
a6aa417e9c584c7ab48dbfe8e2f667c4,315000000.0000
829b4fd124624010bb5aea4299e5f2ce,71105000.0000
739bb2c3fc7949f284be2fa7053492d3,41761000.0000
878f6cd6cab94a0fa90a391123a2b6c1,
11c81d87f4034446ac28692dff53866f,
28c0439843264e6d87f76a79ab8e00a7,800000000.0000
0fac8925e295429d9b936a610a7bc53c,
f50ae9c5c2c640b9bbae930c71891ba3,
c707ba36dadf4ef29a693bc97d2cceac,
31b6c26e9b4c4ac8888b38328340e50b,40419000.0000
557aa390c0794e8598902b915aa5dfa5,
5463fb804b624b2a86647467aad1c07b,
e1493983e42c47cb95961332c1ee6ade,
44e1f07abf4849b0ba1cf503856de6a1,
a629feb736f744538a5f989f35ba83e8,
edcbee008d8040278b6c6665e0ebfbba,
27e50cf62c8f469f86f099e301492d61,55043000.0000
5cba3788ce184c53a1dca0eb52c45000,
baafca02c09145df851e59b30d10b066,
ba26ea114fb44d06abdd61688556a589,
d1ec7b298ddd4f009b539c7362968844,753000000.0000
d79165d1d5be46ae977db17e5b7ff3a0,
31fb9b0e764a4af283fcafdefd70acd8,
e34016770c1f412abb33dc1c9d4e8665,0.0000
96bf954935f24d0f9348a668a5aac6f4,0.0000
828f54faff8d4ff4bb22d6b2e1e688d4,252000000.0000
e704173648b24ae5aa7b19cbb4823fd5,4373000000.0000
fdcd1575053248beadac97f78dd919e7,
033f7f347b4e44cbb0e0bda49b5c58bd,
511727b4df4d41d291aa48bfd750b598,781000000.0000
52505fb6e87948d79642f83f610ba23c,
620f6fd709cf4abdb1a3e5dc398c05a6,
91447e706bcd4edbac14813e7b338605,1633000000.0000
bb53feaec2194dd8b0524cb32a48b411,
4fcae0bf2cee46e2b0a733a5c8cd387b,
1eadf710cfdb4656bd644c744f0bf60d,0.0000
20f0409d51a34844992c0cc8e1554a7d,
d207b52fedec4a91b7c26d3f79fd7a5a,
9c6e93671df44e70925e81ef6cfdf1c3,
41c2bea1dcf444c19a6946abe850859b,
5b7d1e6b8d03472eb116f577123769d2,
6a8d43a286de48c8b0fbb226ab734ae4,
ba4a05db80474bde865ae9a6514cfabe,58600000.0000
5a4e7cf8e2ca42978c5a6ef47b16ede6,64600000.0000
d7232b6c67a6489daf398fd9e7ead990,
8d246ca2b0ea47bdbe0e6174be430b24,
41910ca5b6e2496d91b0cab455f9f57f,
6b3a2fb460404cd7b63761c8dc491bc6,
e9135aa63dc444ff834e70bd35d4d230,
44524cc86d2642fa8508dafe273d6df4,
e5d85e25268b451080825a49bb371ef2,
21e08d5d165c400b8e0aafe1e3fc1d07,
968073f3b18d486689a472fed91145c2,
fa8f75c30b8944e09a52048d46fda569,
4b63f9e4d63d4a07b6ab6575b87591a2,
8733562bfcc644a6995ec824f820a709,
31a1cb6a67a84d2a8b551be42d00b24a,
c81d51bfc813469a8e86e05227493468,
dff16c97087a491798ba9cec1809d834,
0e169843fb40411094f842ce7e6b4df6,
36c4a093e4a746b39a59e7897534710d,
3b480b776e64472399d499056a7974e7,
5777b448dbf742bb8b259812584767b8,
882c03100d454cf48f22cabc4b31a372,
27f948263d0140c9bb4267011313c4fe,
d5e5d5df61234256b24ae1a473490d19,
69c05871d84947a582c368b6cd904563,
4c025526a5c34d558cad0cd80c3226b6,
ba22808f78f343aeb31044714852c33d,
6c8b10a67dc54cd99f0c9a273b96456f,108000000.0000
f815c9ee165f4f55ba15624de7dd7aa1,
b2da317b8b1f459680daf912c02a7151,
d00e9d31ed8748f58febf158592abb75,
bb98196b147144d79170d923a3e88ea9,
2563dac1bafb4b8f903da8d5777a9b25,
83b33407e36045e6afd4d245984cf8e6,
4513e7dfc4a3451d87259471ed8bb4cb,
af5ba2eb2cd145099ed6f440e968f50c,
a5dd497ca88b4818ba3869273f65788e,
0176bdc3c06b46ed8c815de1ef07bc01,
72646aa2920a4091bd84ee3004409c02,
7059291f96844ee5be09c8cf3bf4885a,
fd24f085eee848a7967ed4ca9c87d74a,
798f2cb785b045ed8d1a8d0ac57fea65,
92bb29ce481c433086118de5f432d479,
a029211fad834915bb52900bce459a0c,
eb137d8b42ee4890b7db006c880293d4,
f403f468cddc4c558348710861f6e04d,
ac9586ff2bf64cb0873ab833694e2d7a,
c1a35333018f4c91b59fb7e789ef0284,
314ac99efd034c18b91ffd5f72088f03,
9cf47910b61348b989c7ec2267e26475,
358ffceb34674b0eb04510667590bd2a,
44b6e7860d2a4ac491ac85ab4b976258,
ae86880d31464fd49ac4ba54f6113f75,
9f41f6c785734af495f5c91f1753e4eb,
7adf579420474a7eadf8032898633b97,
fc02069f1e8a4284becc605531875a89,
c3a04306ad73411b96394cd01b18f8a4,
603c21eed8564d4a85e1455b4f6abea5,
2e65772cf2f44337901cb3429ae739cd,1393000000.0000
0ed6ebd913304e178363e88823494ba9,0.0000
f2d6ec62b3c847dc99bf9135ac6ceae0,
8950a79ff6824751b8090ccfe1ac301f,
e5f87cb4af3b4f48ac407b5078d4bc1c,
b2072a1efa8447259c5d5adf82c82af9,
d802aec1babc420d9b64eff6cc6cbda5,
76d73922b2ba4eb5aaade13fc5dd9664,6022000000.0000
a8ea9dafd14948f68bec116ee4f9a91f,
3da28a66ab5a4c9f8b3b5e2b08f99af8,
679b486e82d844d6bf48970ea12c2856,
1bd70a3d7e154330a99dd2b336e53a8d,
6df48c1cd0694dc3a55b01af7d74d7ee,
1087a848b62a412e965814ce23bb08c0,
f0c5e5a513854c8b98bda6669ae8584b,
b7023ac917fb4568a364e63d861b8121,
6b9747c982d5442aa181d834f491239c,
72f4dda8afe44873860e0eaf00141230,
5e472fbb8739478e99f1e2f366ef397b,
694a1f0b7d094b13a25973721992be4a,
631b557f0d1e4e1288450db210a3ee45,
f8be270b255f45c08fdd79d15434344c,
f8473398a29b4c32b59b6f94d08fadf3,
48e33b558b3a40c686d79f84a7470d13,2243000000.0000
aa1f1330d3b44b37bce4fc31c079b0b6,
43be0456410a4fccbd9daa8cc8ceb91d,
f38706fb9d8d4db6a6bc5e4b0ad8c5a3,
cb5b2e5f9fd240e9addfe894c6bfea68,
169267e9428f42f89440b461209f8c17,
900787375c0d4b2eae30555babf1a01a,
8bcba20c64cc4358a9a34e0a9cf7b542,
719284cb9dbc4b188802f15f66f7f9cd,
9487e1cf6f634d6396c340c0bdeaef92,
f659a379f181466ca864099b16bdbcdc,
b984180d07f741d5bfa7ec6a211e34ae,421336000.0000
63879bf7687d43dbba52f4dcf57a193f,
4b1858c96f994093b25574554e0b9523,
a464e91528d548cea6ff2e15c1a42fd8,
29f4c1b0de994fb59ec3cf45d5788845,
b3459b0b28af4b518311e3afda8a5054,
7f8beb4958584c6c821719cb75ee7301,
e6f07c8655e94a89baa8141a411ec6a1,
a3e3c69a9e3641d7934f0d4415d3f1f6,
dae4de8a4520477fa7f2e9e6eaf42406,
c69ad2521575407a9bbe099c0e00ea4e,
19b160d813794160b46e9262576b3080,
255e8a2e360b43dd81cc1d5214c3d4db,
e9ffa730e00b4387969246e4ccadf972,
6e14ccebeb75479e8b2b43cc363ca627,
295d8ec2a0984011a3f7c2270ad0425e,
fae846747eae46bb905668bbc7f40834,
2fd8bedbb5a0419696ec428b7e805204,
5ae675a3688a418a8ba1248cdfff29a6,
ff82e2f627bf43c692f2ee0ba407a237,
0480009f709140c3b52ff5f12b019346,
508e28b14f3b4df6ba455af52feba35e,
5cf96ee68cd4449eb22a7514c5f990c8,
a1c04db867ba4d5cabcc3b3236978704,
f779f01f496848bc92d367cdd349d772,
56f73177f8314889b5389ba323c463d3,
659c947ab4904ceaa370e36bee3236ac,
3c647e65dca742c9bdd6a5576cd39e6e,
b92cca1299634228af047804197564c9,
75dd6d5b649045aebff21552c0f303b0,
409d61d694d54f1db533418d1b7183b6,
a7072b26430d4ae7bb712b3a908ff1f3,
66701eb8ad5a4342be84970512aba13b,
31c32f73c0c44364a71ed1b41003e0ae,6488000000.0000
7c0fc014446b413d8e37912f8a435248,
3ed17f0ee2bc49fc98f519458f52679a,
fbd77e1a57994fceb087d18f3e125b33,
9dda62848b234c73826f3b43c3788a9f,
26f0c4473db248daae7ad4203aaff5b8,
87abb5bce7364c01b20d672ee8655f4d,
de70511aa59a440db5e93c6c18204617,
6aa2ac5ec619465295a8f24dd35d9884,
41bf0c98f81f4e27947762d7f16bf387,
f899b2839be84ed7b6cc35cd160f6ba2,
cc6bb97992bb4f5db321e8d4225e8554,
467c4ed4b3444f1aa1308e7e3cf60e6f,
cmrqon4cw00bnit4frwu5cahh,
260d007e95dd41d88ff1e10a1a02ae24,
092a72bf449e45629876cc11a07f9624,
1b5c37c2b4be470a8d57a2b5a612f886,
cmrqon4d200bvit4fhwtnovn4,
9558af70ae36467eb4b5b27169cf4f42,
4fe1d509a9c64f88b3de0141708f1d4c,
c9e62add939648758f908395848ef51d,
e2efc0bd90b642739a52d3ec2847199b,362000000.0000
69c2ee91971f4e89b06ff5b09733c212,
1afd30ba9ed843ac9f8eab200501616f,
4039a70669cc428891e9714f188701f2,
21c5993621624cacb660bd5afae96b3d,
11371eba81c4444f8d3969536bbe3fd4,
1dd8e9f7237f44acbee22bf835929ca9,
1fcf3bc2b76f461dac1aef9484cd9697,950000000.0000
15492632d3d845a2baf19cdd7eb76b03,837000000.0000
1976e94a858f4a3d9db6de2dd6df2fcd,
8f34cf2a4f0d48d0a96127ad97384f55,
c2c4fcfca05745ef861873cfc3385d76,
34ef5528e5164835a39744bfcb3460b3,69000000.0000
374d4efb72c04a50a31ce156ffe0fbd5,
f37a78a92da342929dd10eec4f61a322,
8aef8b82052545a0b92b1080347d18bd,
6975d1b3de054a7abb89f15d64998bd7,
ced806bff3af41d3aa525b20bcd95a5c,
3dbedc30400e44e8932e9c27e4b0ee02,
d98cc930f54242fd9ff7dbe770915ce0,1061000000.0000
06c243b7c247455598651dbe5be17b7e,
b8955b2350064efe8dcda79b5879345c,
677c2016c8624a4fbeb2cb05ac7792c8,
79a722c739e347289cf75446c9e55010,
8ea2f682a879421da416195f889b3a8a,
9e8ac7427d5a4c81b38836082bb7d9a4,
7fa0d19d2b7e49b989ae6e2ea494c5c3,
47972683bcab4434b5f75451b1e4bc5d,
7289a0844a094d15af1d3a1818fe2ef7,
ef079000e8c345fe9aadbec59ffabea4,
87b3d813c2d449b4931577452b3a156d,
fbc83c7634d545688ccb2ba6b652bbfc,71991000.0000
0d8133829d124862af48c74420b2b795,
75a48195ac7e47aabe51cda4083c3a75,434000000.0000
6186ec9ed9aa46688c6ed6a7da79fa7b,75730000.0000
c7a6a9f515934c6aa54befb416e0dec7,75730000.0000
2124677e2600456ea4f7a8878bf77c7d,
dcd0c8b6da6c4b82ba7e31ed17125b4b,
8e64341848e943999d157552d8ce1680,
e51196294d714f05abc66e2a5376e601,
7cb6c2976d554fb58391797f9cf5242e,
6d236bf07a6f463e9ea8b2c48795678d,
6c8319b6c95d45759188dc67cf768214,
e80e0245016e45e9b9e6e25e16901c7b,
011fb02637284a6bb658da1560ca3ab3,
9bb673e0c8f642299746684b84ad370e,
1aefe788547942969033e3038638050e,
93b96febf9da453eb569e4555a23921b,
6a2a2eba52ba466d8b9476341b8e95cd,734900000.0000
b2cdfc21fa704951956f540bdd33e75e,
36ca66f6da4d4694b7de8bfb2aa242c3,
579d401fcdc148f78aecabdac59d7262,
fe442b0311224ee19ed0c3b631755478,
41fd94600996436989755a1ec18c4189,
c7567268b5184c348a75df9fd6e3fec2,207000000.0000
0ddf69c3c0a84cd4af7db52bacc73ad9,126000000.0000
af2df4223cb64ee4a1fc422cb05738cd,
a980481d6941481cb17905694470072d,
19e7f7247fbf45e5abea4e3e6a21713a,
3d95b36c595441478c2ddf273200016f,
63254502025f46769cfbfbdaa3b18556,3957508000.0000
c8fd51e58efe45ccb4ca2b22763aab1c,
dae14cf1052d4543ba6a5b7a94728e31,
d472c4c9a63945bc82de220eadba2bd7,
7f1423b99f9848b7ad952967eeafc883,
6582b4addb8d4223b6e5481373c7486f,
d63ed09825c24e8cb580adf528d2399c,
1ad2ef21d7794b89984208cc25173d31,
986ec6a4e90a4d0d8450504c259f3b21,
d060d8a86d784b3ca6aba6150efe90ad,
43fe6bb7391842bfbdb6d87b9e6559e2,5726000000.0000
bd83b4bc1bec46a2bf12d5cfe327b578,
2c13cdbec9414183b0081a39d9597484,
882578eb4f2b4f02b20fae92840f6f66,
07b5d6087a8c4d17a7f663ce27e1de05,
853cd3196855491a84902424e40ca284,
93617ac6c1694e4db1e3cb09fad9fe63,
4e7f10d04d634e98ac5875558f2ce717,873000000.0000
afb42a58895147d3ae6a97a006cde35b,
27283c70f8b547d780afe2796772f0fb,
d213e1363b7644b9a8c231210492024f,
00975cdd7ffe45d79d00f74cdc4b494a,
828bdcc7fc654cef933fe65edc19a4d1,
64db99aa5983481587abd5021d596fc7,
5a9009d635964c399a33a15d0fe4b5bb,
43b8c65a3e884135ac7ab569d41ae366,661670000.0000
6c03356903634830bb164c92002c1995,824624000.0000
b28215a1a0414a46aaa9035b31de73ef,
05dc266a0b684da8b2b8bd01c85d822b,
5fb7d15d0f40488591a7ed8f5b0094dc,
bb3afbc993654f46b27617ab83e6731b,
75f25807bc844911b73c4c639ed6eb7c,522975000.0000
949e4edc621c4c9ab88fe9ac84dbf36f,
9f8d1138908743cda06d3f860723858b,
d6c31a0096a441c5945d112d8addee9e,
905bdc412a784ac4baf3a6eeebaffcb6,
ba63c97dc6b04bd68d49cbd75b203716,
de77e87113364766a7c19e9ce4bea3c9,
49d36196a2194d98bf906e019315f4e9,
e6decdbf0b9245fda72c8458d8c957f6,
5a6814531a644be38b878a0973925ac5,
d53a93e40b5d4f62b8e138fa9d061493,
fd74baccf1a3485588d3ba1c76813cd6,
a56b30ee74e44deeaebb46ba071de487,
9367183af87741b1b778c845e151a3cf,
348c2e0fb9ef456aaa6b6e94ed6ee947,
5aa23ad64f9949c5bbb42535e5a0b053,
b0ffb87cf0df4064835973c8463a95af,
029bb38f3c184925805a71489deca9a7,
737d695e07a84dd5a6b8fd87289dcebf,
9439b106050744df8bd83b1ed9ba25e0,
37260a1dd44b4a06a4301280c8d2f175,
989d188ceb6643bd8156f955d3d45fd2,
f63486ea95554c44baeb4c396d364e33,
0f98a0414cfb49eabe6aea7e8a63cbd8,
6e5990f58e764369be25dd5471b72657,
b7d5cdb132cb4a3491c3df0755c5c1bc,
c06b912529a34cd3a232590383d0fe5d,
cda5421a77994c058b00bdcbe339ae15,
963f375a3b0a493382007f2e176dbbc8,
31f6f522d0a14f9d870822a214ff592b,972000000.0000
c28ecde97e8f4996a5b136a3316ae65f,0.0000
c01eb6c8c2924bfea82138bc999f0877,
8f8c5c378ccd47689421a34a9bba479f,
f9a19b209cfe4f1d8b230e152acec200,
13f7318138794ee2abe78981c8187116,
39a7391c1be3473e9b384b5d2a5da108,
2b09edaa44d14ea49fe110d15ba4f6f0,
09de8651e2b14c86b8a7e33ade0a3a24,
db8c008db9234287a272ad5e4a056c1a,
d285c2f24c8c4204a14e48cf6fc0db43,
0699bd8ff04f46fcbdc675a09057d0b2,
1d8f64968ffb4be593337eda84abea43,
50e27e9debec43cfa9ced7989095e874,389300000.0000
136047ed96184a438aaa5292763b8347,441700000.0000
22d6baf08bab4b78b7198fa953465046,
d723496c3534424bbedc0cdcbbb03518,
c4a71e39bff54eedb4119ad70d8ff0b7,
8e8535e45d1349d893b10d71d4aaa117,
e75d1e355f984dcaae8b6d19e2c35a18,
afd6e19e35a04a6790543a2c292033dd,
7b2ddea2586c4fda909078e1fc750217,
9091b0fe9f49455990c58065b8ac5893,276000000.0000
0847105abb584d22a5eed8b6e22a58f4,3000000.0000
c39775c9076b40eea5a1a74a153ea4a1,2600000.0000
9a5f8fcc44ca4f58a4c6529e57083521,
50d9478d028a467e96b39ce7f7e85c48,
4d65fd133bdf4acb84476039502aaad9,2500000.0000
938d0d04ca8544deb8fabe0253a19ac2,2300000.0000
bbb8d1c273114e8fb7d35dbc7a05eb59,
e01948311fa044b1b5be6a746579030e,1182000000.0000
e8b6cf65595147debf0e45dc1728b756,
cf620c0e4b504cecaa18636f2feeb4bc,
5d18edf38af34325aad375633e85873a,
77fc5fdea4e648ae80af00d3dc14cea9,
92ff4c353358483aa4b86f13ac10dad0,
b87d1d180b964f59b902291939b78e17,
fe20a5d94c684b27b3c1448cab256e1f,
42ca1c8f82534d75a20ced75fea168d6,
500fbc3321e4495ebc3bec5c1c4695ef,
cbe4215897d349ed9d27428e6abe2083,
b03440e20fca407791493419430c5bf7,
fe6e139fc0a14c1b92dde362433ed6b9,
521cfcc1b4b94affa6f58fdcd083100d,
eeb117126d3047f588fff045fdc247cc,16236000.0000
28b6e0d9159a4e2f9410402bea9e0349,
72ac296069c3451cb5dab68bbfc6ca54,
307134969c1542ac911fe5513b0ff751,
ce25ca201a3c4fbcb53c60a95129ec93,
5eab5046e70544758015d1c4b27c3745,
2cba1e584581416f93d6e737f67701b3,
1688478592444310b16bcb355c3b8c28,
2b149576bb884d9dac09a1097d748993,303000000.0000
2c367b51446e4e3ea79e0d058bea9845,
8d490db29f77429bb09d102f2b93162f,18300000.0000
d4d4be4e4a594f27b98cfd1c0514d150,
4e996ccafa2342c0bcdd16edeb104012,
686230c7eb2748f99d21aad05a25bfff,
c1d8127f90ae40ec8dc49bfc4215a34e,
34b602f5b69c4e179798351141a13440,
56068a5c3901432a948fea6d4dfe9dff,
944892282155459ea10577bf6bab0605,
32a290005cce4b01bc1cf16157333a36,71014000.0000
8da67fb226664000aed48f4a5ad84655,
e352641835d3474ca24ecdbe8aad1e2b,
53ed40adcaa044d9bbf41ca58ccacffa,0.0000
aed216db42e747308986d761ad3b9edb,
b3a9dc8fced949da88fcade59ce228db,
7ac4a037dbb54094be5618b012f586f9,
a0f95f81706848cab9d6a6fe451380cf,
e9d071d39787476a81da25853b8bf80a,
732cbbcfc9f44cad929fa32d22458a08,
ca1284cb11a34d8db41fbae5bb3f4cea,
cf7bc987bb3d4b5fb5fd77cb8b332749,
4ad30e5fc5f342799bb44337cf8d2899,
13242dec7029424c8fbdf703cb807017,
f224b8a5d00f47f5a30c0fdb8bf6ba7d,
25665f5aa46f44eeb3dea426235ca129,
e2f4848ca08241bf9330071685c9fca7,
d05296ae4ffd4aba9507e40675de1df2,
b371429481384c61bc177c3d5ac45917,
321942eb9f05492887ac89098986c6a4,58000000.0000
10cfe83e9bc1441aa1dcb12530eb9e6f,
16d3faa1151246d58c56bda17a626acc,
e27d16d6cd534d98ab95843b1413bc3e,698500000.0000
35d90b7427084b0ca0d953c3e6b38603,
24b818ccc0e04eeeb388e44d204ac257,
6f1c4bd52edf4d7e8cd3ee629613c25c,1108986000.0000
f874955980b446ceb9b799d3f8d9958e,
aaab25bd610141f2b9a7e077f771b51c,
5df05789b51c4e87808484e80eddc19e,1901000000.0000
0870ee52ca224663b7f5e7618b35f8b8,1901000000.0000
cf1f998273d24edb9390c25ffc385c9b,2443000000.0000
a76ff43cc9ce445d9ba40690682b8d3c,1680000000.0000
f997b16099fa4e1ea8c98697c2b8a7fe,997346000.0000
1e96632d60e34acaba8287e9cd1dc257,232260000.0000
faf6f5d3df2f41e7a1c8064ee0e50215,2443000000.0000
1fcc6921d6574326aaaefc0937f22fe4,
62eab622db214a5db70e539c75de322e,
024a659e7cd14fd38bd1e0884cbec34f,
e16e475f579b4d218ca009a256e9214f,
fa88ac8369a44596a7e67e0fce4265a8,
699c04f60ae94346a123e39741247c74,60000000.0000
bfc80a983ef6471caa8eded98dad826d,
74f0fc94d94d4ce7a6af19a907ef5100,
af0f8fac044a43a182c79e34a93cf654,
a643586093254d8c90702b4f8487c4f0,
441e666e22854242864a967a3085482d,
f6ceb7176a704fa28581603e37785436,
46f6ea099ecc4a2982cc14d398ca2f68,
5a89c921e0ae42a1b36e224b1a518ca2,40854000.0000
26117c96b3364be2a8cae0b5ba35545b,7617000.0000
c03fd06482b34c6e925de9249765f566,182905000.0000
6b5820033b294a29ac5a4d04b4f2b011,3680508000.0000
26c8363942ed4a5d934b0845f710e9e0,
9313308faa0f4dbcb36d57f381e8b580,
a27f134d56b34b7b8f5b609bc3946852,
828d48dc98204f5b9645f150346f0efe,
f164cbb04fb34b8e8f3308a852d6ddc1,
8b829b75b3c349bea7e3bdc53e06f03e,669480000.0000
a8eee7c5c92b43cca9d3eeb534e5a0b8,911827000.0000
9d6b9dc0a94f4cd3a5404687f8d08658,
55f7e55b41d7457581f7534685923246,
6b0b1180334948da9d55a33088439699,
4033d94c5fa84e13ae7ad3e8661754b3,
edc9a10cc3c84c10b9d4c40f2b389baa,
3eef88879c934bb1aa5e85ca85712dff,402000000.0000
e47c003ad32d4dd2b78264f213e3d18b,0.0000
656c75fb0bd843c7b25136b7dcec8159,
35282506346a4ca9bb08b7646353dd81,2518000000.0000
452f167bff6e459abe26afc4a9f60a09,6071000000.0000
1b6d28feda874c80a4905cbe8dd45622,9039000000.0000
cfd9e2fe21c34d6cb724481a7be1718d,2518000000.0000
f821ff2eface413b89ee5415da7a4a08,
c9b0004c15974821ba9eecfc0283bedd,
5b9c15b8dd914e66aa396b525b7ab260,
5ddfca1460fb4d69b8235d369b33da05,
1736d06c07c14ed080290a10329d0d78,
cf6ba491abbb4af582559789acc5a2e0,
4966795f078844958a7f84e298c88cf0,
1fb71f391a8f459bad53a42c17086a11,
661196f8f50f4261bbd348de6aa89c2d,
d8378c83d0524d18b19dc5df0ea4877d,
c0c976771abf42a18a0940693a12b160,
0d681711d7514c8db82b7d89a19006ae,1098000000.0000
cdfa65d0734248f498339031255ff487,
6462f40f7c7b49c0a2103239bd667fec,1372000000.0000
9e7f3ee7abc546aca7a682b85f9db9c7,
3565f468e7cc472f847adbe39dd6305e,
66b2f6a2387c424db3d36187486678bf,
6a52436ae8c5410dadfe6256b5633d53,
a2bc73eba44249889743369af4a4dbb4,
31d04d9478d04c35b32eea9c2bbf4c7c,
278c511ad08943728a7904cae08e7e86,
ab2e64f323bc420489dade591dc3b0cb,
3ad60caeeec843a7b2f0e10733a11e36,
a74055752da445fd9f040f02d161b45e,
77c293b7dd8f4804918fb0ab89fdb275,
aad3271b19a948d7b603a8bc947df736,
ac9747641a2a43569b1a89a750b89c57,1084411000.0000
905b275f1df6471da631505451162d83,
16ae027534774b839c72301aca492e51,
5269ebcaf2c24a7f8201642e494c769d,
73bb57cdbf294f2a94f7698aaf2a26cf,
1085823c59b5427cb09c010330da7ddd,
213fcf38defb498eab3233da109884c6,
20402369a767493bad5d11a027c1b71c,
bece576075314638bc112c280ecbcd99,
d4032ea4605849129d9c0d45ed1eee05,10300000000.0000
6523cf9b652c4bbdaa68aadea765314c,13000000.0000
7595a6e4fe5e410d8954068b3caaf1cc,9000000.0000
d78136c332f2480bbf4aee08e3a80332,
7664733fe2b94a58a7840bbecd92c99b,
a32a2b78edda45f58ddb81ac18230bb5,
739bdb74215d4ccf8a53d0faa7c7d6aa,
0eaedf5d53a94f55816190f1a7eaa21d,
29519369f920423f93f608cc092894d9,
60ab19ce748f45f985e444ecf0ac3d2e,
2a9aa3386ebc46d2a5c8c6f1d9cec134,
f56bb692382d4b4cafddd0461636c78e,
56167418bdb14e968967b015bebe780f,
98c6f602fac84ed0a44624571a5671c0,
5767cce405004ee5aa8419e5de321ead,
25ec196869f04d59bb37a5564686656c,
a7971619be8d4fa5acd75039689bbd4e,
885643a4f9404add94a31ae6d430f36e,
c042048f72ec4bd79be0322d58c1846d,
ac2bea86b844474c82982ec3e56626df,46500000.0000
5bffeae80bf7433781055124f61413cf,242000000.0000
acd7fb21c3a64fadbbb491587f30ac25,348000000.0000
219fd32f10c94a508b18c78f9e269336,
5e12ee4229d64eedb7457067328dbe59,46600000.0000
8a85a724996e4d199669fb0ff746c6c9,40000000.0000
1d9cf9a827b74a51bc1f0a4241bb3bae,
488df05df384481c9cb220d628e590bd,
2f46d4c102b64efb954c4a1fdad5cc85,
b2df450d95874163a96f7369661d075c,
9c6a688289434e5dae48515d2728efbb,26000000.0000
4480841bacf34411808f84c43692f95f,
af2708f7c7284df9b82f8daafcefe672,
cab60a2f202b4e86b1fca5a39950230c,71000000.0000
dd8289b348a44c4589b07e3d5ca783d3,63000000.0000
13e0fecec1c34739abe745c75e4b4f1b,
10bb8e65b43b4ce1a27beac8beeb5d87,
cc82a554fc1b493f84b565f0be60961f,
0083b7ce811b49aab7538e18b24996e0,
e4bafb7e64734ac48b33849d9c418f06,1612000000.0000
5cf194e6c83b4936815dc03b0e2033bf,
11327d8c107549beb90746083253eef7,362000000.0000
0050637436bc4d5d9c3aa955fb54ec9c,
1ee139deaf5045b9b3773fffe7991030,
982a81f3842f4c24966c4db59f84dfa7,
8ec05a9332d94a23954ffd3862415dd7,
a8fef94a7b0c4b0aacaa7b622c9d0171,
7afb57b5f8bc4531a5b604c78e19f842,
000e58807ebb427a98b99d6217a572e1,
5291cccf97cd4c57b9a7bebe8bc5b58d,
6a7802acbd45458886ec96edc2ebf607,
acc5712202664d2184a7897c92587754,
787b86f0d08a47f881f3a277199692a8,
64eb442ce698482cb8976dda91157620,
823c8b2e5d7f4dd394451656df0ce36f,
8cf35fb24ad64c8a9cd09916ad773fe7,
f61afc08d3b44319b5875ab84dc5eaae,
a086e14de5f34dc0acf1ef8d7d04d2bf,
d0432471f8c746589fe8d37874fcc142,
1608b01b25e9465e8a7459124ab6dbec,
ca1b87c6980f47dfb69393be01c551f0,
1c2c919f672e457aa900e771c2567787,
936f7614c7814efaa736f94100395234,
be21e4c92c51406699df9495ff4261f2,222349000.0000
68bfe46660b24755859458d69fee8d6a,1713000000.0000
e0829d043fdb451989eab1b2f86e5b9a,
07edf6e4a179441a8c21948f8be06383,
173fb0744c454f7e83f958d9707a570f,
62de72b478f0495f87a21dec4da19a5c,
d9b2d545bd5c401489a534dbe92c73dc,123000000.0000
6e4c7a7faa3240b9b6b036bc9250df13,397000000.0000
3a5ea3aace5042b294ba3da1c7b8908f,
3314e300f0954341b00b5627da50e4af,
292b6a886705413cae2cb64655072967,
47d46a8c9b3d40f2b57a1ff010ba87f1,
ed28bf91bfdc4476b77770de542f6639,
14f788c8791a4aa9a51cb01e577d18bc,
2ea46d585a8b42b8a8d4a54d311644ee,
d873c4dd438f4f9caeb8471019f9322c,
0b1a0fb2d8a246508924ac5ecda0033e,
c9828934edac42b4b9e51f31a079ac24,38000000.0000
d32d8237cda8454285fcaaf1f9af87a4,
c12bd64d06ec49d3841a39ac5cff6e08,
bfd01aa3edd9446f91cbdf049b7b343b,
cd45cc4f592c4197acf80f87185030b6,
1189b39125e1437d81b9b60270c78cc7,
e2ab66eb24a54954b318e6081e1e37e8,
5465c0257f474d59ae8aecb34eede472,
58815e1f7b73474cba70644a95dfd490,
82db17aa670c49ada8f11a9323c52eba,
4111aa1dbd284c6fba8ee9d2c66bc14d,
7769a09661714043862d1ec47b713679,
da7de9498a8249628a5dcdaa8d62e49d,
3ee837ecb65c47e095192ccc8081841d,
4a4f3fcce9c441c4b4fcaa6353ba0de7,
105ba0c692a048a284b22e59e396b118,
7ac40b043474412797b5a4bf8d54d5b0,
5795346e619942dbbea56c53cced5a82,
5c528d30761f4938ae057b05b7f383ae,59200000.0000
40ed197ce98e46289e8452ec2c4953a9,
655f822c3d584362b8fabe7cc3f57daf,
f6db24801a1d44c88100bbdade44e919,
c44e9946b2e94bdc943ba573bac3cd5f,
5e20b6fb7e524ca0bd00d877715a3035,
99453a60987e4a94af38c92c7a976fde,
4e17599ac7384a268d03dc7926f7d1d1,
a58b8210cf4042c5a02336c7985e268a,
e7d745c1db5e4654982c6f3c0c489a8d,
e3d8b5551b1b48499bc3c8bee9c8dc55,
b4dd0d06d3cc46bc944095a94cc9932f,
e478164b5e124139ad02e7366d55bac4,
323d365bc7eb47d1b42d7b0d49a1222a,99300000.0000
83b983df974346cca9f4f9b9ef7a34c2,474900000.0000
3d728219f46647599243d102535b64da,211000000.0000
35baab2f535c4e3185382be109118694,
1f20ef063ff94a0dbbcffcb8144cd68c,
425698af98814525ae59b74c541361ea,
d91f8e98e7e24d4b8695d1df9adc4978,1362000000.0000
6392d866f3ba436488fae92873d9d70e,
41f83133d44c4fc99d7f9fbfcafee800,
6d8a49ae96394c5fb534ae1ab7dfcf2b,
5f357a2bf1f947b9810ed8cc01f501c2,
3e55602cf1ef4947a9bb6107771e1ac5,
282dfb3a6a2149158f6ae0be0aab47a4,521994000.0000
5add5332136a4a1c8605a60b5751fb2b,806417000.0000
ad631fa4772747c9807c1237b28640bf,
07c28c6cb2694dfe9849bc00b202c4ec,1278089000.0000
5d1976672e9c497ead7d80213b3a4e52,
68d4d5657dff45c7b4dd8ed5e47fbeb9,
9e58c182e8fd408289223c6a0b1d50ea,
727638ebbd904adf963de9c87231d543,592400000.0000
135f3cb280b447608ab8b29fcd8b85d3,754600000.0000
105de80950cf40d082ee274e3d6a1960,
fe0f9f8715414f53b28fb23d12de0488,
f90cdfdd3d0e41f3ad536f2007e923b0,
44578798ceda461c927c3935827b1a96,
031472bca4ac4c11988dcc9f31f4b72a,
01291f5ef48747b8b84a46b322c6993a,
282364a9494c4f8c96c55badd9d94c91,
fef7301e7482429185c044f12da5443b,
b886acfe8f38409bab8fcfecc8fa6e44,
198170b99d654cfeabd7b80212eee8bf,
770836e73ad74666b8fdb0819b327d84,
589e94108fb14342b9c18cf9e083b009,
4f5ab1272e01438398363a367bdab478,8005617000.0000
187f360a7f8841688b2d315f7ffccaab,7873305000.0000
ce7b3783f3d7406c8cb9beef33df7385,7873305000.0000
c7b1280d86c94283be6d8713a59d3961,
f180fed808ee4f16aefa686e00e42be7,
6ed73919dc6a421d8d6de36c668e141d,
88fcdcbaf6d94d499f91070ad78966d5,
5382c6ee3d414d628c958027b8999807,
49f72c2d5a854c6e873e3e2b472ebbc3,
70a2f02db311438782b3cc439e372878,
c8e85a1104544cd4a694341baeb6185c,
f16ad21e2717491e9020e3b93936a138,854000000.0000
cd08450767524b0d994bd788c59dd481,854000000.0000
57580a4fd9f04efb8e6d56ad1bd2df5a,303000000.0000
535315596edb4a86b72234726c0f024b,9316000000.0000
3760f3f0225d45639a1e1c7f5e2c3084,
ab370457681f4ad78a2fbbdf782b0ffc,
d843d34eaf714953bbdc9c3fbc591389,
74712d308bc44771909c0c7c2521b3b3,
91d93e64a5664804b912187b16a5bade,
83cb65bfaa8840bbb4c325de8d42bd17,
0c18374020f94ea49ec60c17b9017049,
decea8664b4a4e6a822f16945f5aea41,
26867d76f5f84fbfb305976bb9aee968,
e1f613690fcc4d6d9063fbfc6564e1bd,
15ffe2d74614410c969403dfe97df2bd,
f0669b25e47448f88a0ea2ac62933fc0,
b68d8ea9025b47219688a01919b2dedd,443196000.0000
ac251ab5710d45819d006b6636f4f0c2,
e60496cb253747529e1c305af2e15f1d,
58a9e1f490b842f49aa4b9266313f2ff,
0b2516487cf34a6587754741e3213a76,
3c6645e872ed4e408aa5b419a3e1adbc,
4f205c08d3b3471e84340c69dd47fe97,
87fb0ba02be1466bb17b8341e54a4ec4,
aec214699985498db10dcf796a597c85,
e5e8d4256ca1432f80b1943a58f1630e,
9870f94c64814605ac4024bdf11384c0,
99848bb1e59449e7a72ad5472ca8ea2e,
16c2636b3d7a45eb9c3a2ebb1d015d8f,
e1c07c569d7345ff8033682dc043f316,
c37a781ff6c74e139bc9377e2480693c,
2b1edbbbba444451903444814cf670c6,
49ce1115f1b54d92beea08eb917c94c6,2000000.0000
8b92518759024438beeec2c9137ac764,
adaa05899e1d4df692ae77f71717076b,
221e97b029494e349da097364c947fcb,493000000.0000
b1179f689e634c7f8ecaefe516674fe5,
f4b7ff600b7d43f88d560ecead92b580,0.0000
5c2937f9a48b4aba832f0e037fc47b1e,0.0000
0f33e30be2524cfaad5d02752e85423b,41900000.0000
0c469d3fd210421ba6363e2027c27264,237835000.0000
342e49f912a141ebbdfdba514e54a114,
96287a0782d74d44b0150f0ba11a8f8f,
b99034ceb2544d7bae6f832373d02748,
21fec7feef5b4beebe206d2ecec25548,
2ce61563aa3947f98467e2853e51d09d,
5df8e8903245409dafc96d46094fe14a,
e94b0318a26a478c9c72ff2355fad084,
58796ea0dec4433abd4872e3454f1748,
b1f2133a66074beaac24e10c5a0b0eee,
97240ac508564cccb3c6c572473fc20c,
d7cd4906367b4c1e81e5a3a24e38a8de,
977a1fe560ce4360b74f5e3aee90342e,
2666a3e0071a4bedba05887f7f6c9e4a,
9ebf0ee721c14d8ea48359414a3fdd45,
a5ab46832c62468991731826aec0e6b8,
bb0dccf71f0644238d54bd5c928a91ad,
6307a4a4869a419db5fde39b39b52f02,
8d74975c8d7e4289a508ecbc07bbc37a,
a1fe48f91ce744a4b12d3c41d7cb80b3,
3b710911133f4b7ba1733bf787613e19,
67110c47ac2944cbbe96c21fe5ec6434,
c87abee1ed06437db0fbe246f104077b,
4eb913be6f484ceb81dd73c508eb91c1,
46b7d128badb4f22bd263df0d8dcffb9,
a9ef6f99aeaf497ebc9f084a7b2092f1,
c0229c36ce93478587c9d7e7413101b7,
0d86418bcadb40d1b847571749ea8899,
18af4a43208e4cfd9163e30a8b707f61,
302dbe3eca98467d8cee729f1d012fac,
4040d2ef6c4742c298d7ee41122e7769,17100000.0000
56b9224d2b8a44478926a6ecc20f5489,
ae4fae462ea34c01a9d63cf034a172e6,
d55e5725e29f4335995ea33607db94a5,
1fc9ef782b014f40939e6fae3ce1c9ac,
fd1b1e430ed1412fbb1ef5412bf1963d,
f5195d1ab1224063991dc0b058f320a4,
71da08e99b2f4ce190a2e313fd2057b2,
60322f1f7ec8491ca5aaa09857aa3310,
333be903fd2d410b893d5f35678bf5b1,
da6ca6fd105e405ca69ac11ae2421c12,
cf85ab3bf3ee4c3abd9cf7864f7c82db,
22e3fdab17ba4419945f41399c807242,
b0a10000c7ec43448fc3660e8c912962,
2d9fab414b794b158eea7fb2fc3e8cf8,
3ef53508726347baa87230937d45af34,
33aec7a1751443219a550f7bc9b374ec,
af894374dc624a3ea2a851438402fb45,
3fc419a350094a0a830da458c92ef5be,
5cb7cf4045234483b8193378d469d243,
5f127cd5271648e6b120cee136d0fced,
e385954750174a549756e1c41556cc72,
1cb34f83cb084cd797d881237eb3cb44,
1a21ad5ffa4b4412a021bb83d2888b4d,
36b943762dc041678b5c1cbd0814668b,
ed5cf9c5a3b34ddfadbdf72c7c10ac57,
8e7d8b3a0c2f432cb407c10b28712c25,
5e2122afa9b84093b4a7a31c40598d09,
3d98d7e160ec409fa45c40518b8ea7d4,
30d7107b268b479aa66bf852f6fd8264,
d815cddef10b4787b10628092c1a519f,5484000000.0000
add2ff745bed4065bd8d3ec58027e2fc,
2358b3c797284ee9abd9fab1202c92ab,5457000000.0000
49d0282e7cf549a7a9792bb982cb487e,
115cd899373b406caa6da0cefef8f7a4,
773f0d253098436eacb35ff41a37eae5,2341000000.0000
da93447574d84a5db9fb4f1daf62796e,
508c70e5fbff458096890a6edced7dde,
93756c6107bc4efba41c98f1a83cf4d7,
68531c92d99a40c18c060645ae8c7ec4,
320896d8c2c94d279aa292238a628b78,
28bf1715319f405bbff9e14d1e1132ea,
7dc419924aef4807ab06a2356c9666a4,
1f476afdfc064469b78206369c6e6df9,
d23c0aa11b1543ce930567cf51dd114e,
c7f558acc5f5467a8d2f5c2a74fdd119,
764af9cc7258455996b3f0968d8e18c3,
3d6dfdac3c4444aaab03eae76c31dd63,
ee9e30e611ee402d909ad9e7d091940a,
c5b876c2ab3541268f5fdb20f7f0257e,
e01be5bfb51e45acad671b9bef15b506,2315000000.0000
a80cf342a53a4ec8842edb993c5fc002,
72f85aa8201e4aeda3c5db80dd72e41c,
14a233cf3b65439d873c494595c28d44,
ad26f5715132411289f5fa9ced2e600c,
fc28ac3fde6b49868999c69d18b87a6e,2448000000.0000
a8203e818e81405a9eccd44f2b7a2e9d,
d83cc4b5e42144deb3ad5d22593defb6,
b0370f9d0fa44407b79c1f963227c13c,641000000.0000
6d83a4d1f63341a18a9d1551e5a56ebb,
eb9e11f5c6d241b3897e48f558649561,
761de622bbcd402eae3d9192317e7ecf,
a3ea6949d50b45609aa3cac197ea0730,
4895d32c883c4dcc82aa06ccbdadfb81,2375000000.0000
bb21781f89384d878575b35f924ed55b,2387000000.0000
8971c71878b84d5fbe4789deef328136,
c19b6a84857b40a5bc13da37823a4806,
b64d8d55d6a74fc886e364d40e4708f6,2252000000.0000
f7b830bc6ce94d3a8c753eaac1c657e3,1401000000.0000
2a515d3516ff4a62910596b5ca85b4d8,
c77b03dbdfc44197a69880b43e1ec87b,
02cb37ca13084ab79374979448653ac2,
719b8ead79824ba3b6a7923ca6d21f60,
4af881a799b8499b948c0ed96d6261a3,18200000.0000
7d47eaef09914ce99c6335379d7144d1,18600000.0000
a8fd8b5aa2d04f99940a14b70c33ff96,
d1baafa2ff6643ccb8f49e60e52a9f63,
6629c39b91ff4fc8b227964c0f93e5cf,
063dd632d02140d1af623214486dd9e7,2175000000.0000
ef75b9f8c6ac489eaac9eae2c967b178,
8c095068d54c49f190f4147830f27815,
03e584195eab4aed8bd52e57b51274a4,
251e5b2ee4af44f2aaa0108bc9761839,
c38bd20e3a8445f990b9a067aea6f974,226000000.0000
8fa782e4f7b4458fbccbb289498c88ce,
8d3ade4abad441e4aafeda0fb7e24e59,
284ced6a8f9e4fcba0e83d1a3ae21ba1,8416000000.0000
6716b3aaa9bf4532a0cffa10b1440058,4355000000.0000
ccdfd4e0f7374953919d280b58c12d72,
3faa6650450f418ca26a89491490ae26,
b19613b7954e4d8b8f2656bfe30846bc,
1ca4247b493f4bcfbcffce2485be9b67,
da0d5c2a28b34dfb97cbf4877cc78ab4,
0f792ee825f942af98603721a2c1e647,
8acd8b3e620648989cc3224d2bed3f91,
f2c0d36e5bfd467b9bf6d1dda1d79d80,
15490530c13e4606bb67f60734409098,1564000000.0000
f3b9185d0816420ea98327b4e9bd3337,203737000.0000
66b0410365154635ba0ed09f5fe1c335,
d425ac9be7a44b9ca942b4e6197b5698,
a88c5789cb5041f992b1bb76b101c31b,345752000.0000
f47cdf20c598419dbc91a6f588f8495e,
c2610d1fd2a64282bd4a88d93b544812,
bf7c5d4d235f4575888c430ddbd7badd,1414000000.0000
d9f84e2a0b1b4dcaa548010e5727986b,
8e032d5e6fd942d285ebc394693782c8,
e9a17cdbedce45d9934d9a3f7d92d211,
165421d444f24bc0bf63414f3fc6829a,
df943b4b437d4da0a4c2bf7bf11fad83,
3b80f17f0c2347a4857613d1775e5a4c,
aa39c93d0b42434f902769e9b266d93f,1353000000.0000
21b7d1393be54a63bb92ff975365badf,
a1b397576a334ae0a54e8949a93c42cd,
f3d311f76b304055b3f5a98ea617ed7a,
b47805410a134da38d3cc16a6c152b2c,
9923f19a87cb4ea1b4dedc56ecbbfaea,
dc35c9660d41468ab276ede1bdf94720,
625e83aa4c7d4958b5bd363f6838ac41,199541000.0000
46ed2161ba9a4f36a4fbbdc28260b511,185552000.0000
5de7c8e5ad6142e2934be131ede21691,
cd7bf8b301ec46d690d12389445bda56,38982000.0000
4f980ec549de453ca12e5bbb3ab2bb0f,1298000000.0000
843eb7879bb5443584e2b718358ca5eb,
4562dadebcf141ceaf414ca0309c6b74,
27f09b65cff04f3795629492f279dcac,30000000.0000
5600a08ca12c4b82a05bc2f33df6ab8f,4315337000.0000
3c4537f497144ef68441ea081e6f4632,
8a3eb2e46606401d9090268eac8a53ae,
b17e230c8efa44bca3df0e82fbee8dd0,
db60807995464fad9ff653ab70fbf513,
9a2ca34cb4fc48109e70c9bfc7b76ab1,
cbafce19eb2b49d88aef1e1832256b32,
5c8ac029af2a476d97d3ecf97967e4b1,
b2432e197a7042f1b1c1c99936505ec2,45000000.0000
aa91802d10bf46628b592598e78a7a72,
89865af626f948d097b10c54885b51ec,
48461d6f09ee4a669622d7b2a5a164b4,1353000000.0000
e4ea9caf95fe4d91ae110d6a941720b6,1346000000.0000
c308b0e21a554ca392f07537483db4e8,
b439628bfed148a5a4da9c029e4d50bb,
baa9f428e6da48c4acc2890f47f968d3,
7f15c0e229a443b0b0baf2fa93f03872,
1665c9f92386418fba7adc5de9f452f9,
1aed1059815643eebcac6137098f9b72,
3638d982ee3c4855a452aeb798665dfc,
eababbc2f62a45edbf9da6bc68604049,
8c757d7ffe4d458db1e33275a7930a04,
41928c2e8fd9418e82322f883e2175e5,1324000000.0000
93ad60a103494446af5f6c0005ac14c1,
a89ae02021af4bf4abfaea547497c21c,231667000.0000
76e532e9ab414cb48ebef8e9e25b5a90,
5dfba8b23e2641569c86228c2a811f22,
fbaafdedf98c4f99a563be1bcae467ea,
c9964a5097de4f65a7881bbf74afc1fd,
6e508abf35814d28bbfd94ac66cdf945,219619000.0000
1e60a2b075ab497d8b7e055f89318b7d,226022000.0000
e5154525f5f64866bf21d26409af774d,
4e88b668d798497a8adcecccf6e88747,
b333a878203443d698c6b1265160a571,
a0b6b1d9041742469adbbbfc119c7743,
287ffc7d4c024dcc8789b6060f297de6,
82f5be2989894d2fb74d919023e6e0aa,
32358d68d58e4e3587169d123babdbcb,
435d51cc88b34fddb6d4291cdb0948de,
e1e1a0bdbeb9476db6cd298a5623b6b3,
751ddc6a100c4bcb99f94f9eee54ab00,
dd118622063f4757b7ef0a8c86cc9b2c,
a824182686fa4ab58b61d6f1fc682de8,
0b8bc036ba0e4c4887f024645da7e821,
86c2fc227e36421d80601ae0e841862e,
418cfaa14e534b1492ffd17e49e107c5,224363000.0000
ed92b5c198884436a853decf4bc9c9b2,
1912c7c968a248c1b6b1b757bde5bc89,792000000.0000
b00190fc61834ba79daad1d6fae2af48,1327000000.0000
0c038c60cbc4438c849e86abea2f831c,
8bfb9d8b5d8345608e76b6ac8eed912b,2307284000.0000
f43ca85e2c884589b01443550b28f627,
d36f6b5ddc2d48debc1fdb5373c57176,
1c54709522aa4d97abee748799386eaf,
3a2678153efb4ac09c3030b097dfeeb3,
f8f82c15438f4b9cb68f469a9cef9258,
55b50b4dd0cb469eb1bb064b16450685,1123000000.0000
fb7c10e9a5bb4ae0b04abebfcf90d726,1362000000.0000
895591812c1c4e338c61407ce11f1891,
cf8e9d789cea4453b6e132d063c04983,
5c64945e61a34ba8b6b989ca357de630,
324fa66d900b43d9b1db62aa65115447,
40f68ea94c5d414a89ed799e45ace233,
b69b7dcbaefb4e318172c15dec438e65,
3a298ad504524478921c0f1b4f70120c,
2e7eeffce5c74cf280f6effe5ff82833,704144000.0000
3bf50f5ceefa4c0b9079558340507750,
c5bd3892e897407abbb49f60a7da8367,
2af1bfede8bb413a81888a679223a03e,
5d9bd7d605f04e5598cbe5b86dbb6487,
a60264b128af4de49d2f7fe78ac2cf28,
7bf54ec1a84b49618743678a0b2b69d4,
de0e4f12c07e472c8737cc2861ff7926,
293116d0f8cc462db7de80dac66e9fd8,
a899db94a4a94079b3e3541e7b774afa,
7f9daee04e074179b899da9c42172a79,
96341fa0d6b64551927a8e023779d358,
bc9df56febbe4d0db00361dd023e6248,
ea05c632374142799ed49d1ff522c3f6,
a9bc865c37a145bbabad14e1c1014e41,
98b223229ece4f5f979e005bbbe412f6,1387000000.0000
f0eb189aaa514d2d9087d782dc175aea,1359000000.0000
9d6a13b421894769a028763c106cca2b,
8798a342ec3c4ce8988e49c69f8381eb,
3a6f629b5c7640c483eadb5bc364c473,
61bbcd6ec9dd4b5ba8f42c7b39df521d,
deab0fa2d40b4358a051ed7887ba67cd,
60ba75bb54da4119a86e60b61d93d55b,
b3af3021a12b49369dd02647d40265f9,
e93935c5ec13490b9852a800226213e5,
beaefb6a47094ba39e4fdeb20d917861,
48f780597eac496ba0d237c855502d14,
da80af45ae9d4366aeca1e3acfaae4e9,
1eb591f1bf0c40019e4399d62e38f454,
0df6481ad45d455aada03fdad2411117,
c7f2cc98416a4c4c9bc836fae869f0e8,
7857db137c1f414b9318031bb48bc34e,1417000000.0000
6f7195b499854a949681d22ee625373b,
bc9faf94c34e4bf986370094cffced97,
03a870c96cfb4d558fe3cb4ed061515a,
94637010d66e465493f6b563993628dc,
5956455a697e4b85af7439c0d3fba37a,
590c00ab717f4328936267c5a4d4f74d,
0b446aae1d634c1e8744f28c3dc5afd6,
3afbb9947af4471e91ea003377359ba3,
33b4d89db8a14e7d817e6b99f3d9c77a,1418000000.0000
a6083e4a7f2e43bd9a1da9049031b1c4,
929502a430084440b731d54b6b2879b7,
72b35d5a044c48ff978fe295002ca07d,
2ab2e085548e4e3ea67f66948d513f9e,
16aec870e17d4e79964f6f5cbff4d8c7,
2dc2b2780e9f480fbee5ff431957f648,1383000000.0000
39e54b2d8dbd409ab15fbb3d465640a3,
9e861f6844c54af18325db346c18ee04,433310000.0000
867e5bbeea234186ad0b1d558cb8b81e,1458000000.0000
005db780bb24465c83be519502f4b1b1,
e0eccb5c8f5548869beae8fa4c1db272,
a58add006cb94c009ec36e925ae8f9d3,
1773677519714d2f88b817cd2bc89c67,
6ec3a9f903244ced8c19801947c114df,
ffc6b22d674b45f5b1e868ce3397233b,
c77f2e0fe35e4ce3bfc543dd8c3ba1af,
e42e001d43f94d28b1243e102972e5e3,
74ad5935147c4124bbd58218a31ca0b7,
18b6863f704f48b49749e5270419ef14,
94cbe019304240ffaaa4fa8fd19d277f,
faf4baa60708478a8c99f9012c93863e,
baf6b29c27374f8d9c4f1d79c56b1b1f,
5a8516db114644eb85da5f6510b033b2,
f243c5bdc05346c79e344eaf4da121c8,
d3f4b49b4d094e8eba78fd7fa777ecdc,
4204db3a09b546159954feb1f7eb0443,
51a4966c29624c3f8a395ad89f91fafd,
ee24103941ce4c16936e8c613d3917d0,240319000.0000
8a81751910774987abfac846ecce3781,
028817ccd77c44d4872bfae6d2f444ea,
0a134dcfa7c640dcb8532a092a6035bb,
60d368761981498cbaa986ceb3a417c5,
a2dc1445c25b4a08af256612d55c2dbc,
0ea5aa5f16324d0d80e6fd7384f04447,
9769e561c0be4f5ba0381bd01e34d6d9,676746000.0000
b163affdf6254b7d8e3efa0a0e14f0b2,
c8fd66ec34814332a360753c5a88c473,
7b54f6f089674968b1c822f1103f48ad,
3b293fe65bbd40b1af63fbc5ab2e8e66,
c7ed33bb9ef04979a19d463cc7eb40b6,
fab8d101c43c45caa3bca8840cd4cf30,
441317a0f45a4dfcb475e29fe1b08c69,
633aeae1c8524c888f695c7868e30602,
3e233d93f2af47d9acacc02d07902cf0,
c22e84b9e29b430b91cbe7dbc057015a,211093000.0000
be2a538acf684214b140a2a4be0f90b7,
b8ffc3fca96f4cbe89618cbb0e60e484,
909ce5c5f6d14560a017f52d22e8cfd8,
23ce1b5b7ce74fa282273bdd51ddc5c8,
6f4d96b96bd64eb2a213fe50a7f770b0,
17fb7ec6bfcf498c931d90ff2bb01e1f,
c20f2b097eb8463dab2bbde3f7c5632f,
fd809065e69d480c8a2ff6f6bc616b92,174500000.0000
0e1274c280294e7eb5ce3203240beb6a,
171a1ce6ee33409fb817fc1beb45a2ff,
bc2045bb98554af0b8c092587854d804,
0dcad3e60bac4df28944f6c0bd18d92a,1457000000.0000
3ce308d9ae384ae583890d65463bf278,
3abd8e45bcbb4fce97f110d4f0d25c58,
aeda2668c7074d91b111e181add5a5f4,
98e0929762be4052905397726508ca0a,
1913065fedf346cd92fbb4ace2d59c86,
e9634a14872e46c68122ea2542bfddb4,
8df04846c8f84af696abf6796b77098c,69733000.0000
49f32a37232c4318a758f13255ad3972,
4b950f0e96f24bf7aa7e5a9a273aced1,
1b5f73c5c5704f20b06093f8dea156f0,
d0d24af8aa0b4f5c8769a2624f0bad76,
6906b1f17da742f5b2e5e2317b065db3,64916000.0000
036658f256b0462dbbe6a6a0e3c8474f,
7dcf31f7ff33491795247cb0a9437f6a,
dcb406a1da584d748ded5b62843adb04,
ea8af6be00294d0c9a7784ffdca94052,
5da031483f5a4287af04835a21ae2746,
0e854b06059f440db62d51601fb1e44c,
6731692779014bc3bd9e23777ce73ca0,
57f4d1fcb4464dd0914bcb74edba746f,
d4cba09bd2354027988bda2b9768fb8a,
e62e2d709d21416496bfaa01c4677fb8,
0e202b3babf64226941ad00c055d1446,
d391efade10e4573b7071a63840d8025,
ed7c2015cc1543e1b37b98d616de845b,1720000000.0000
5e2fbb823a2d43bcac8269b183b2382b,
8abe63decaf34613ba03cd1c8e236ae4,
e2413fd3eaeb46abafd42cc5b316b968,
07fb4e815b50428ba8d36e1d8cecc785,
f322a4c6b3284a6e98f0a8c0ba3304a4,
2080a61de85348baa9769e9a595a204f,
c409d32371244cdb96bcf85784bc9cf2,
18c2cd83642d4dd39335dfe33baf0a52,
174cd0c69533425eb7757d757e4731df,
32b50131cc794e4aa1eaa72ddabd22ca,
b1675220f71d4e9995fca20bbad47dca,
74b466e5d6444919aef7779686f50bfc,
5b361f2c4946407cb214e9b152cb0a40,
b6c749242a224f8a85ee8f811f09c20d,
dafbda2a8c2b419b8b177ccb937a0dd1,1720000000.0000
7d796ad599a745c8aaf0ecd38b2ee9e6,
a45c18743a96404aa988023c1954cc83,
491956975dc24cb7843013f9e86fe82b,
f9c3ac4f0d8b4bcfb9f5ed210d6cb192,
70361fa6c8b94bf39d6919f1f4157a00,
d159cad8087d4bdcb8c01f2543484d77,
d4cdfa0f770745ff8fa6260309a979c0,
79dfea611e0846189a2740069151e574,
7ab3db3b468e4a079b5427b7d579eb10,209165000.0000
1311001c5ae146d28ffe549bee2b2610,198455000.0000
691409e3978441d0bb0a88868413a898,
c5a2e6ff8460434c8c213b0085651807,
046979414a354ae59a9d010c9a8a1111,
50f853fa93ae4761947fffd56644c03e,
22a84d9df0d94cfb8ad229f65d42b260,
11293c8c2330435c8da4ba47304549c3,
9bd09de63edd4e72870708b8e8d426d4,
32e1739ecaaf431fa40d952121112174,52198000.0000
ec35a95de6784aefa935c84d0726be8b,
c8ef14ff7ca34f5189fccc5de1318c94,76613000.0000
a00d6c46eb604dbd8d4d5390134f7e76,
6962b430f799458e8ff82a1eb598d476,
97155c319ce1458d98a3f7ff3a2e6e72,
61ef9b37ab414058b48f264372616cbd,
9cc8ce07e6384535845ef0a8c6e5b6bc,
7d07e4bc40a14ea8beea9638aa62ae4b,
95f76f07c7b24fa880ac7440caa83c8a,
3121edc88d5a4a4e80b586832f38c5ce,
82892b8773d84df6867cb905050bd1bf,
5f42032c2989413bbb04e05c2f394ce4,
b26ce8ea0a7548239e7aa7b8ca02dc6a,
cd96fdf0f82b4d4db464ba54975c5321,76613000.0000
442da061f1a548049598df1d2a59c50e,
05f010bbd53841cf9e63a1cb6ea3f50a,
9ade707bdd19400889fb0973c12059c9,73235000.0000
d5b2f7c7d5ad4820877dd06b1c56e39d,
641f5c9370ca4edda0909e7b97f2715a,
a13d36b468794642bd0f935949ce71be,
fc9a49ab0c604ff0b9d285e96bce28f6,
fc4081fa6f79470982fe73534dc538dd,
8e2d25c78d6540bcae9d1f012c9d0458,
0a05a370cf6e4863b4984e3b4b33d803,
58a31e43942a4b789b84d61b5a61066f,
654cd6c7e89b43f8a8f2562a58d3c6b3,
dc5dfc5ada02480685c20277fe754008,
910c840efc82472c99a2cab0bc72bbaa,
8e245a5724be418db1dafcd6393b1878,
6f70f3c547564ac1a08e469dbe58c6c5,
5e9788dae7c145d0a443619688be493b,
d23aa010eaf74ede93e1953cca81b0b3,
069281fff25948d7b87457b365153937,
3ac634a6985b409580da9d11a63c22bc,
68ca72af0f154582b49293d335f7955a,
c8d39e87e6194f168ad65ed35197dfab,
5dac97e59a624282b3b391a0398e6baa,
f297dc4c6808402a9325646e31cbfd4a,
ccd0465f294a4e388cb6cb278b0263b7,
531d0046ad5a4eaa9da587a305bb8b3e,
f8119a4a9b2b41c6aa012bed192b5fa5,
fe34cb5208714d04b3c5c255df341e0d,
db15b5de38dc428f988c35d762e1bc5f,
56b693edf24d45728fd67aaee52006fe,
7cf1cb2a22674956be37cd896aa3d153,
a6d2f89a3eb24ecb9971af921831b664,
013de413b4cb4fe08790d65fb94ff6db,
c3061a47842e4717ab8140c76cc6adda,
fc49d47b83c3460d80a3bbd6a878e133,
106bab9fcc614874b957c3da9420c1c0,
f397f16350104d0cb994ad68f886f3bd,
ccf209612c474d9f87b0b533d2b5dd67,
1f09ebdf6e81420bb70608051172f4bf,
6061210a531e40609720c42a7acd7df7,73235000.0000
ac5c3e0609df457f8d881907e697f2c1,
4f8a8fce235345869ffc9315475b0202,
06d4d0cca85e49f092fa4abfd19f9e5a,3638681000.0000
2c8361977af04755ae5e5f4c6fda4d37,
a8a1ebbdd1d54d018a1d72fd21cbac60,
fc8cf89287eb4c909aec034c488a2d2b,
b97e3a4c90e04f539ff0b1eaf29ddf33,
0b5c25313d4e449e985773a3215ed28c,
3b57f27a6de34a519c9893180a58a25d,
628f48476cce494db26bdabf5ab13c18,
9148bdcc0b2f4a65b5b1b47328a71f37,153559000.0000
f868fff746224cf482e508e8774ed383,
343e55f25a6e460e856319abf4899e22,
20c83e28aa8f43369118060f2b04219d,
ec40e4ce133e4dabad7f7ecf9e92a7f7,62000000.0000
94379fd1d117412ab46b5e26d343679c,
bb3b4c0a2b1b413bbcd858c40ab7e785,1483000000.0000
b2262a96322a47c9a87a05c1e0399230,
0078183b12be4e0cac658eccc5d947a3,
60a50aff67734a2e9ff7f2b4917861aa,
03f235e058234e1cb9613d88bfb2c743,
1a3f8f05ace8418ab3728aab37e62068,
97b19c64c86941098de67d70c8d3d06c,
27c8f883967c49e886a7608bbb942273,
33d926debad84315bd74347151fcdf91,
031d0d240f1945e7a09c875ad7d05d57,
ebe9d29037f0461893ee3494481fe385,
bec9bfd983394f60bb9659d4b3be0d1f,
ff166ad10b5d45ad8fe04309bf282eb5,
5c920c8447d84dca8d7ca1072588fdc1,5217217000.0000
98e9182c40174a6abcb135abc39427c0,10726000.0000
d69c03c898234155a32fb13fcebc0a85,
ec96bbccaa144b0a9f2a3b2c146761c6,
a1e7fe622994494786e61a05e87605fc,424000000.0000
6edb5e71c99a4964998998d4fb2e6e69,
39e88103e8c04fefb12a200a24fd322d,
42682e8b839f4b13be7b89c21c2cd5f4,
5e5658579bfd407293bd808d45443dd0,
764a25db66404c519550dc196875c846,
b2ad8db7cffd43eda20f4b5e87365b66,11265000.0000
3619228b3358492e97284704edc54734,
0d824471d7e0476badfdb022fd4affcc,17360000.0000
82f24c8ce1ab42aea5035961f164eac1,
bf7ebd73aa5642de972fe5156641ecc6,
615c4a05a25047c68321f86e164f7868,
b55a9ef35a0f4d3ab6e47a4ad4c0268c,
883d21182b4d4992959f04b9e785f634,
5692f4f503e7404e94b58fa782660db0,
849815e403194682aeeb892a069204f3,39639000.0000
787059953fb941f5b69f479cefa07153,4262000000.0000
9ad93813d1ac4ca78c06c94ce49ae0e8,
eaa572ec702b4b26bf0bb869e32c8e69,
3cb3078c7a6b419b850f385b994ea8c1,
24742ad24bca4f43bd8bffd083dd8289,
f929c68661cf4f69b61431e66d73aa96,
f6ab27e7cf83495094033904ecbb2761,
9003f92209ce4ceabf60bfcb79721a19,172861000.0000
88e7f88d6e914c178cd6cece21db62f7,
316199042e3f486fb95c2992df073823,
55356338cecd4fd3af7bbd7c9f4753c9,
bdf77a928f7e4c1b837af730336bf8f8,
e64a1e0acce74e32ad6613d0e5307eac,
d967ed06b96542c383d5fa0383bab958,1854000000.0000
92d312f8dea04f9dbd07633548566625,194524000.0000
3d06faf72fb84451924a9ce1159d0b36,
c79abedd8c3546cca4784233a5d0d7e3,
d099bbaa50a84a86953d4ec6c3d16e3c,
f5861c04e85c4960831f6ae4a1ea506c,
1db7e841c6af4b198b52d81ae802c79e,1513000000.0000
c92d306052df4c30aaa4a1e04fdb11ef,
f6d9b6ddf4a04101abed4a8678fa5023,
0f4762fd701348f88657f0a32d2420db,119067000.0000
989cd87389394656932236e7f592ddee,190209000.0000
785ab76a60ee4c5b86145057599407c2,785175000.0000
d64d4a556b124ed8b6da3f1223626e91,
8a4724ce8e76432ea27552e5d377f870,
34103a823c8846219d3acd74981b113f,
2db287524c5948d6b648b942428cd922,
5470bad5469d4494b98fe63f9d3137e1,
6e2c72f093d7433fad6417a1cd2e14b1,
773dbe50f8c248a2a7c45761787cd2d3,
7c1527f0541542ce9b2734f3fe870387,189784000.0000
71d9590600e5492fbb11ed162be2a89f,
1d99c72e4fe34e0e8b554d88aa5931be,186807000.0000
4f13933c89b043a090d73cb480062850,185755000.0000
ed2f62fd51fc4dc1aba01d3d96cac973,
2ef2933a653047a5a0c44a925ae8437a,486548000.0000
54187779034f4eb8bc025314938d052e,2843000000.0000
2f2ebefc233b4bccb2129473b1d96413,
ac54d4646fbf4fbe932634850fa8d0eb,
68193da86bb24eb7bb279a3d85dbe34b,
d1216b0b03de4043827322e29531d456,
2680ef169fb74bb7be7c2322fba7228f,
2e79dcb4c2254311868df81a286af170,
1404bdc37fea48aeb890fdf82d82f421,
642d57b1a87c445fb8482bd9ebff026a,
cfdfc00f84714fcf9df450473e7b71d7,
ea78c566d7ed4df09d88a7fd54b50537,
35510e9e824c4d089370f2bbc6fa14da,
9c2409b9af264df1a26ea638c23edd55,
74d7cb71e8744764a4f9ab1ac96e65b2,
539f04be9ccf49a8865570c2b059f140,
c4dbde3be2484c9f98549668fcea2c3b,
6e15f11c92954a9e869675bc7a888d4d,
cf22dc651c9749a0979dfb0cffa8bc85,
93905643f01c43cdba90d1fa7275111d,
0e26d4a10c964b9dbf07e1a80e8f4df3,
3b62e4899b1b43b78a0572c7be928bc3,
2ebc08286c6e42589e9bacb01657fd8f,
c7eb13ff981e48b4ad9e775a9556f3c9,
6a15bcf2af754d9995beffc95834ad38,
d61edd1ead314e7f8449226bb79abcb2,
073e57bc622f4560be0381ad3adabb7a,
24881b2198954dabb4e3854ae30538c8,
7401931e21c44e758abcdbdb5b374879,
841490891a02446a8fb8751ac765e457,
8da04e38f5624515a370fe2487c2ee54,
b975b0a6cae847e1ab4f43d8f858c95e,
384e48ff57a541f8b9a9671d4b75f99b,
29ea70396a9f4c58950dd471295e4e9f,
040853e1dd8044e7b226cbbd04ccb9ea,
5757706b51664653912c311f42215e9c,
ba7fcf131fdf4320a3f719280f7ae065,
069eb6e4098b46b99ed8d2aeb8d03541,26000000.0000
12354c5dbfbc4cf7859f5123c71683a4,183248000.0000
2b9d64f299984aa39290a3c941fdecad,181224000.0000
a16d8129c3e84fb59e61f2044fd318a2,178076000.0000
00d87218e3174c03a2b4ddf7fa22d8a7,24391000.0000
af25419d66e34ecba8130dbbd9d95ce2,24391000.0000
99ce9f0b83b84fdfb6e03034e0502dc1,
3677e5ae137c4e9e9147be5ba0173b7b,
2694b56c17b44d649010d3069e148c9e,
e9bc7c194f2f4041bdc4c98fdbfffa7c,9564000.0000
fbe4af88fcca4778807b22294135ff62,97000000.0000
c15234c575db47c2aec1ae18e136c990,
89612b45f8204cbaa265c87f05f91e3f,
ecc7b6ca359f4a13a68a604a978be763,
00d7931373b14908b78f933881e50f7b,
1e8ddc693c9741458cca107f8fca1578,
4433dc4f978d497ca296fe31f865f341,
dc914099be674d428d5f4a39804beeda,2057000000.0000
b5dd319062ab4979890fd4cd3454b499,
10b0c7d5b9c9430f8c5ddf8280ef25ad,170211000.0000
38199ef45ce84806b8269d29ea45a021,177765000.0000
feba3e0e0a0f43d3a074d4336be30e07,2359000000.0000
86c65dc1f1374c39b17ee83b98ef8b22,2623000000.0000
203b55144fc44b608a920214f74f0205,4353033000.0000
4c763e969b4441fb980a5ea64822d5e1,
f451c4b0faf2475abc027cfd3a81894c,
788e50cde37245df9945e2c4a4bdbe2c,
3e93feb38dc64c288beb266e4d9eb809,
bea6c204e77b4df3b4c49f22fe42341d,
91ba421b05c248c58695d885c9fb2eb6,
d5c08c11dc854f7b8d605275a44eba56,
90e1276488cc49be864bbaa191667b71,
4aa1f73c3b464f9fb50fe878d3571e6b,3502795000.0000
71e9e04b473445fa972018c4e78c86ee,
a0900da06f7641d5b282ca7b24f01c7d,
4d2ab99ae3a9462c9b347ab5e27fa4ef,
041e17bc093541c29bd171c062b94716,9825000000.0000
e0c9828f48d64c099f12a35e304f8f0e,11132000000.0000
81986a3dda454badb858bb953c03dbb5,948070000.0000
3501f129ee8a403f86c74f0d48cf31f5,
faf91486d9264c82910e88ba2fba9f49,
c34b28ba0d9841e2832b66fb88ceaa05,
1d2d87f5a48d4550bec77a71858e35bb,9227000000.0000
cf0283321582429998e99ad4539e98ea,691120000.0000
d347855e50d84f8bb33bb46b530510fb,
44900d26ab224c47bfd728028598e040,
519e3867759444ea9ef42fa079143cdb,
85b091f0988643ada14fbbd2d94be292,
e189aefb11a1465d90358d0ca9833f11,2000000.0000
1dedcd438e7f42dcbec9142f0ea1a23d,8326000000.0000
11f9f811b85d45789641812c7edd9651,9176000000.0000
07301cebb0e84f0e9f30af18a778ff4c,9591000000.0000
e2280a7afaa0402aba59b5ea86c2a546,600000.0000
74eed81aed6f4bf188247d1b580388cc,
4df641dffe98411399b472b555f098ff,3502795000.0000
aa47bc93a8614c15bfbc41f92ede2521,
f4ffd248d58d4248887197823f862004,2820000000.0000
ca324a1c644249f5ae5af452efd8a2c9,
e0320aa89c3c47e8a569de49bc71b88a,11282000000.0000
63eb079898eb4e35bcb0b6dee0fbebe4,
4de447bae3654f9eaf6edb4c808520b5,
afe08fecadef4e73842fc163a7f92bdc,
5507c6c652124b25b2e1799ed09014cb,
2a414bcaa6844d16aa6d76ce38883eb9,
a4e5cffbc3c643a7b3f34d3134e4ea41,11788000000.0000
e9cffc1042754d5abba2fb9ed433bb55,461000000.0000
22efe528611c4c90adfa14706a1aee02,1216000000.0000
b0a60789229147088473138b1a9520ac,
93c0129085734ddaa1ad159458cf86f4,1265000000.0000
b6e5a972341a48d58370b6fc0c769a33,
58f5377b35274a4eb3b9bb09c3cafb35,68513000.0000
fbdce83e4ffa45babcb7c28eaa236106,65959000.0000
87ff92e0f78e4a3f90e80ea634f908b6,2837000000.0000
12b5b4fe4ca648a8a2bf20daa5cd3150,1320000000.0000
fa327ec4aeb64fca815b1f7abf3e4405,2665111000.0000
00021d73954d47ddb89462c77a48c69f,4641996000.0000
ceccf88ca95345f5abdcbd3d3cda45d4,274200000.0000
e38938a6513a4938ad6779558759bb1c,
55e8453688e449fcaa9bf6a9c099da87,4665632000.0000
a6d3a5b16025489fb923690d9fa22240,
5f26de31cf27490799a034ac66304bf6,
38f19590105b47bea79a0d0400646584,
926937c5bcac469aa3e0c476b3be9c77,
ab8ba33cd1a94e018526413547167e16,
928694f0c2db4e4b80f2b1b77bbd4944,
86ea45a0046b4b7a88d8b12385728fb9,55737000.0000
2c80c932585e4c7e9b64e35ef5911669,99560000.0000
c5dbda4be21e40398f3937063551dd26,
a37144aca5bc473d907f7ba6c94e23b8,227000000.0000
0f9bde444c2c4b3280da9f391c38e52a,
09383f5117944db98bb6c3a677fc5627,
7d7b30e45ecf4569b152c529306053d2,
235b8ecbfb224cc2a5ab508bc3081554,
7d14481218f141fb9af217d9d1ac74ef,1452000000.0000
10f77ce929344c9099071e7ddd8582fb,
1386a2b3420b47fc8a7918ec2418e01d,
9d705cc3406e4eadaa13ca0fd0cc18da,
1f799bf8d6224a29b90597469ebe52ac,
6b19f70992514f239c3230f396568da1,
06e28a0deabc47c4835ba5e8b38d56b1,
ac0a41f87b2e456a8dc2e32948491f5c,
c2aae5d160894e3eb3e17312e2bba34b,
ae6f80e3e34940428cff18e7d6bc65d6,98192000.0000
3d0a1c7582f045348d99cde6e06ff200,23000000.0000
10b316c3b5164f06b58bd466e13d2c95,3900000.0000
c18c7e6c0c8444c2a756265b9e428dab,98024000.0000
232d96fae74c48709677dffa73c754aa,733000000.0000
c8be7ce11e004aa5aae509c61a9b5d01,704000000.0000
8e55bab6ce3b46b194239a25f48711e5,1091000000.0000
77636f83fefe46da98bec6bc99ecf299,1444000000.0000
ca9fbdd9a6074af688f0761f45993513,
12f7643c3a804d99856b0a4763fd7bcf,
54f49eb99943407aa761f157a1da9173,6980000000.0000
8740b759abb7425da1978e66cf778226,1445000000.0000
78f336c0077d47cabeb343da2ddd78ab,908853000.0000
4c480d4e2b24499e8f221f8a9695104e,6980000000.0000
a32e97c0dd49449483aae67f846a2220,1716000000.0000
3f4a5fd33c5d47c2b4b12572a1714caf,
26c3d6a6c8b446ec82383c415b8c65cf,
4df31673976b4b0b8edd0013231226d1,
3abb041fd2f444d1bf6a952f929b2508,14400000.0000
f4724ce5a06a48e2a6374c6ba20f65e0,
820a9b5140314e00b733d5a5513790b4,
a927776c26fb40bb842679c9ac3d6dcb,16000000.0000
99922d791ae54568ad8fcc35447aaa65,735000000.0000
1b8e639bda9e49d782366cec435d26ff,739000000.0000
8d3dd75f525647618e865aa6357c639a,728000000.0000
3788559376344124b075d250b9bdded7,
32c126cba90541efb6865dc7312d1725,
6cca7395a3cd4372936042a12b874653,3994303000.0000
0ae0d15a3f9a4a67b0316e66cf42c39a,
8aaf440d2d154d389d4407fe6de9dcd4,
16f2c59189074ec09b5a9fe34b111fa3,
e124e416325b4eea9f99519d67237e15,706000000.0000
9e9450d7934741048d11ace5b3d5fc0b,8000000.0000
7bc5a0366be34ea6a086b4fafd623595,656000000.0000
b79ca14e3c3444d09a2b13cc5b0c107b,1662000000.0000
10ad435405b142faa30c2948a2062c48,
67c188d8b6ac4e5eb2ec633e8933ddf8,
10e30048acaf4b9f95e4b312390debec,
057df19a74f141269c6b99aa0c19434a,87600000.0000
bd2fb902c6134cdc89b0ae1a587299b5,
4aa2bdbda022468eafc95de7a8b264dc,
826763f479414a84a946b6894fa79b89,
3b06c5d31a15485ab79f5e9f48960e93,
75e5f535b1034adfaaff7e1f7d5cbec0,
de68f2f759cc4d8796c856edaf7c56ec,
04f9a9f863f342a1a86eabb3c3d33edd,
4c907064dc944635bb561a98b05f1f58,
cc383c616aca4e759e22730ace63d9f7,3074583000.0000
19527e05f82f48ffb8158f6db1d6536d,
f5be61a6f262461da73f4caad609c6db,3467059000.0000
c6f74be83cd4483799011632234c9da7,
aca6b486ab0c4539a16e43ef56bdd291,
5a9298989bd44d8b8dd3e1746c3914dc,
7c7ea7e455c346aeb6ca9c100542290a,
75f67233d6e54b4eb1bc2df245bc32fb,
747ef9c04b9846009fc423a1fd01930d,1063237000.0000
fc7772d2b6394d7e83d32091c9ba97cc,
49e6d2d1d675459f85aa494507aec414,
021ff20763f54158a6637fd3e4e58a09,1228000000.0000
39208df9b1d94cf3b9392bd0d8f5d308,
0ed3e9c7945547d28c936d13c0224b66,
4b4370b2263a4cfb8c1c116627a9a410,
d2e95d89cfb64185a1c03e3ad8083e4b,
5961d410b5d74bfb85c67b09ae3124b2,
7485f38678834d40b78d96603c75fb47,
df0667fd960448afad71083b488eb375,20000000.0000
2150d3ea03ba45d48ddd3b9e2501f5b6,
accac060f0a141ef9bb39699bce8a7cf,
612135f00f9c43829b5646c705ad82f8,12317000000.0000
7321b1a88f8547d6b48aab758fe9a37c,
25ee43410bf14712b0c86ab0d101d37b,
c3c13d229b66472eb87f744596163ed7,
044062deb1324b618e3bac7df92d2600,15275000.0000
2dbd1b9ea40b4fe38403f2bf458cc94f,
9522f45629e24897b4bbe686ea13036c,
3df2883298c448158e4b72b75d7c4492,
d90dceb16dd143f9bfc1b61f52c5a5f8,299000000.0000
8b52939266344a5989ce9d5615c2e5cd,
7a20b4ed27b64e1dbf33aeaa80f7ed4a,
bae871060dc042e3b0fec5511725e88d,
8c15eb3fb45a47a582f2e3a9c93f92e1,
0c63f438b56b44a99866ef458be22b22,
c3912779196c4093ad670860690f4acf,
070747334d3744faa1a865b4f503c927,
18e89caead084c82b23bbc5f2adb054c,
b4c7731bad50492f9667f1ba0a0d453d,
e3276ed38f3340e189c922744b63655b,
83bf30d9cd9a42c8b06842541efd19a8,
1da8787c510745a1a0f44fb72d73917c,
e1cde61cf3944df08e5f16fd0384a8ae,
9452116c186c4606815c10ed9da5a462,
3a26c4fa1cdb407cb63b1c46971a0af0,
a3d10007956e4d29993189761dd0eb11,
0d878db46494409fa68057c3dc5014cf,
9c31f04ac4ee4566bcb1d33b9f1e56bc,
545e6824dc174797bca310b320af9918,
9fb5e4e198644d8caf8a6453a329e1fc,
e2b2c98521fe40848978efe335a19e7b,
0c241e2b81934e86aa45986d04d1814b,
86bd9340185c4ae3b46cebef69cff8b2,
4de57b7bcb624d78afc44bc446b7505c,
7bc097db43f044d48e2f088e4f056774,
97e4634c353343c3bedd0891cc6b99e0,
7dacef28f5d545868100993e934ba61a,
24ae778386b941c98958e21e0bff5d98,
cbd11eb614684ab4aa4e045f46111645,
9e75affd5810438289ce4be3c96d48ba,
fccdf101d2184a4bad7ad7276688419f,
0712ce9ed21c4416b7dde3e29432a696,
a5d61b0fab0847d29377655970001d31,
e155811d64414274bb45f8839b529757,
5009dd33ddf9453588f2c4aabff1442c,
df8184a7084e47a69b6b9cecce3d7415,
c41e57f374cd4a66a6937eaea8d3e095,
5b1b2f95d8d94c92870b0887ed29c3d5,
6f28d074c3ca4ac28b6f86c7a61a74d6,
1e394d24801b4c6fb0bdc0591620e939,
eb98f07f55f04032a46725fab4bc49a9,
3d23e2a3da6d42a7b78cebaa5722ce94,
e2c492a36c5941a29f5fc0cc25ed5797,
7603b4c47860483ab29569081bcc879b,
1c8cefccfd244129afb2582854077891,
07cd6facfd994f8982719c1047803223,
b5d366c5b0444ac7a3ae1662cbc576b1,
9d0e5a931a8341a49352ce74f547b691,
c9d6778fe8a949c58d98f23f69272833,
9d801d18c2ce4595a1bca0e971350a1f,
4f69473e01a546ca98932381918ed1f8,
eb5a7dd839d54333bc6b1df95987e957,
3c5d690f4b2f4594b8ff39f28ca30bcb,
55ab5203948b4d2b8195b29a49a4703a,
ee4b938c0455409682ce44d9548dc8ff,1860000000.0000
378e5d35685d4527a6ad57bc2600f773,
21e66218d5ec48f2bb117b146732e119,
c37ff92303a44738989255cd7dfcb0e5,
f35de607b41f493e8eb94ac53dfbe5fd,
4e4cf97802a641b38f24836cecdc7ed5,
faf7095a229a4f2da9d78c853bbddb2a,
83893eb4a2eb46bcb19017d07798add2,
ed2f98604cd342979b3f1570c4b49f0e,
f24b2b2771c44c48a35516290c426997,
9162a21e490447f2ac9929a8405dc5e1,
1f6924b7256e4c328481dab6c2aefab4,
fa0d4e8f1ade4b8d903eaa1e640a6aba,
bef3b85d46b7492194a09be21070f646,
3b9a46dad75d42f98546cd8c1b9f8b84,
c532adfc4c284d78bd42d60908e39719,
33fffaed9049477394fac002e895e4e4,
de41bda1d39c4bc29de7e4e733d3d434,
b60be57813064f4db616fbd87a14475c,
d2d53b2dc17a4965a25b80bb7c221571,
88832908dcd54c4c8656d779ebff350d,
e7d3078cfc474b60b29e04ff47f44559,
6c4b290792804d17904f94b712e2bd41,
64e64856998a46c095928a7035192429,
84994ecac3a0495ab8108622f46b841c,
ef6703ec4604411a8849fd85d4c39c15,
4d57308d041d41a9b3b6002b424ed3f7,
de5dd934a24b485ab0d837e1488bc67a,
bbd85486e9294ada88c477a23b8e29a3,
a3501e5f4f9e46f7b6c848dc9c6c85dd,
d6fbf8b92e1745b5a9036d1a4f224588,
1aad571da9cc4d33abc7da854ece412c,
7d1cc3195cf34fefb3ab99c223d41c31,
5ec9ada95727428ea72e607ed4b73246,
30d3a1e5dde1405490fdc5ab43e6cedf,
faec5820f84a4ad483dcb97db197e4bb,
458ef3a5ece2485d869650636b9ff508,
a31b92f42f8945a9889af3d08aa030e8,
e013253e05344d67982f2abe95d17774,
2b3980f307cc4258aba250b89e0fccbf,
e8acc64fc896426fa947f6654f830a60,
9cdd494f1c4548a8b1abfb74f8dbc2da,
5bfd4a8a0c624fed93c4d7caae51e8ae,
030e5c23755e4433b80f2bf2bc941f43,
a8521f5e903b4de6a5778e3f0aa07061,
7f40c25d897e4d138096c45efcb16134,
23844c3d73674860b3a15a369dae005b,
30c15ae736434e5b841a9e6af533833e,
75b2bcbf48d241ca971a5bd1c323afd1,
d023d1c413f3407491b0f3603fa9d0b4,
dbd6ebe9e9034045848a56c6fb85105c,
5d2c1e95692b4b8eba53d39973456618,
6bc91c19864c4616a3bdf2ff6f4323bb,
e530792a76b14313966c7bc8cd3877e2,
050d10663f9841fbb7e79dcfef7a731b,
a2ee03c75af34e9cbd04b9020ce7c73c,
0013687f68a5440eb33692c612c4de6b,3385000000.0000
997f009af64f41b7809d36d639f03140,
b444d61b705c4a7d8e0275527fc771eb,
e75f115867904f7e87908cb6b6909942,
ed712a8fe6f9425faadbda9bddb75120,
b775be37fc444af39c507dbc5e1f1c6c,
208c3c9d0abf4cf9828f6e466a9dbcd3,
4419741db3a34be9b08260edb6911352,
b197475d17d14181a4b56e6f2551d1b4,
eef0ecba77ba4d6a8e496a43ac8696bf,
9c63d5b2336149ee9db492c086041608,
65c1f26bd43d4263959e09a14c33e832,3087933000.0000
9a55a8f5f22946f6bdbf6d893c54e9b1,
16934eefa2bd4ce2b57a5f88a181a6c5,1714000000.0000
7e46618d59604f3da3ad93e47b77a266,
287226d1bd7d439cb793052e7d60d7c2,
4f5acc4bb7554b769ef44b1bc2e87a30,
e56e2cf72c7b4676a8ba8ed3a2f93d9c,
5f6eed08ab1744958396909d6d5e4651,3418657000.0000
c27f1d2b981440aea045f017f1e08a6d,
ae95c9ad3c7143b8b0e03785db099efa,
adcf98fe18ac40ceb60af89eafe39f06,
14eb6464afbb4d2aaea85beec0db7d6e,
e22c5653ce444e96adad4a2e61ca0c16,
13c463fc68ce4ab9a893cf7bfe8ef0e1,
536e094a066744cb82db4c98a62b2e70,
01d0f13ad85a46329c4d84b14c18929d,
14d31cd875454767b6f865ae3696930e,
06000a0552df477b968cc0a5edb16b4b,
c8d0190f160c48be85694b569aa01515,358000000.0000
025e9d5d87234cb785ba151b68581509,
4dcc29e1f1044b7f97d07d2b56822799,
c853a01db00a48f4ac53a35f5f7f3ae6,
b165e1531809431dac20b79acf368c69,
12c50278857148b7a371bc5e4e0c2615,
75f6d0774fab4d3e8f3dd9d0917dacce,
bcec3b2865c44331a7a81b7569ed7243,
213439d4e96c4c5c80eefd84977b2fa6,
05f77c9eb35e4b1c9a763d9981b88c81,
f9b91537619440d29308ee529ea05666,
91b3ad5d533b49758a27a15286cad352,
70b88c7dafd9463abf5bfe49ca6d947b,
dbf0e3b327f743188148cf1c9c5f0be4,
e73cdce2db3d4183a1b524bab444e98d,
66ac285eacac4d91b5b1245b035c3c85,
80526788845d4b5a889f675d49b34c8d,
513d290aced3472d9c034ceb668445e0,
9a339b58f5fe4493a3121eb1a178fca8,4353033000.0000
15f06303a96d4af08533be0ee7bf140a,
248eebeaf6f547babc2e23e357d03b48,
b69a83833b5a4fcc88480d35f7b25018,
a4b2ec8f77424b9098fd79740b27d8bc,
b281f491023a4043a655ade609ba0e14,
5afdc34e214441cebb946d752aed4979,60253000.0000
398848cd88f642f9a085ed2b4887a8a5,
c690397b6c62419bbe5ec1d755b649c5,
e9119ba7594241bcbec6b8be185dd381,1560000000.0000
dab9be625991469db2fe77eeb283713e,
7ff51885f86c461d8ad75c7e7845e453,
391a8008b4f642e0856d690d9aa78fed,
f1c57bcc9bfb4104a5ae54068edda93a,
b39bcacc367d4a45be65af82576b7de4,
e92d58fd8c6e4fde9e6657b6240e523a,
2d26673b95274da7b2dd42ff2fd88b25,
e1121c09e40740e78a7c593342de6993,
1f56cb1ed4eb40b593b978026fcb1534,
e9fb30d947974e348650c64401377767,
77f21a26a94a4a098a8b9658ae4aedda,
1d40b7133eab427d9bfbdd3996fd1bce,
48b8fc5239c74d8dbee715a91139a8d3,
f1d427e04cc64e6c9d655f42aa36ab36,
9e5e3d14ddaa40dc989824a923d5fc12,
8b3cad84feae4472a669bb3bf2f96cd4,
3b0175b7c7e14da2a92bb74113565163,
764d18df2c1c40aa8a8ac44b456014c0,
0a56e7da2b1b4565969a4b129d95f9c9,
367be285e98e45109d82754a3a4a00be,
d357ca7c728241269aec249cd9b6b23b,
8af58fa601324ec2b30376afd1991212,
94553ca4ad87497297cbf4fef8d931df,
a987b7d95af04267a8fbaabfd7701c84,
aec47fd643bb4899a0c7fe9fb0eee7af,
9f43d3279c8349d483d70e5723486f3a,
311a36d6e0814e99a69935731780f806,
224e085577ec4748b684012422104d73,
7459b05deb22437aa8aa695963db2de6,
8c518b4c9e3a452289da0c1b910bdd9a,
846bd3004b864882982e98c7c00a017d,
fba547c7ad28482989cfa0f2009d4254,
84156d29f4f741faafe108173d2b8a03,
0263f48a81924d0cb42ae1bff463efaa,
c4fac966751d4cdc89a7bde44590d762,
14c14e126e8d4922be244d3e754d5455,
75f1eec660494788b9af41984e8003c9,
406b9ad1898d413e8c2480df127888fb,
3e6017335cbc4f7b98eadb43d444d8b0,
602b6ee2489d43cfbc95c0ef73ac42b2,167000000.0000
55e730f5d77f4a3f9f0b9313e3712196,
ac66b1bb821d436393ba719c01d9668e,
35e21c68b79c470fa30a91d7852c3d37,
75e85c74971c41f89cdc9f39d8c1d124,
da43be3567ef4297ae43a58c9f858483,
fe95ffa847054288935890c252be2396,
56f20d4b9ac848338bb419b8c4241c29,
5fb7b8ab2141432e83b5dddfe7b5f16f,
012665f397ad477293b341533f932842,
8c4048b72a094363b16eac8fa3943874,
8c9b28bb8a7e4f1abe3e7a5ba1e419b5,
9fc0e94b112e486ea28b3ff47cbc30a8,
5085ab188e5b4eb18560766352314973,
a8f5f6e4a5af4d508b6fd1055ea734b6,
03726dbf831f4eab937a8473e4dcd2e5,
2f32958fe3c34939a421aa6084c45dca,
aa995b8b9a094382bf648c0db34826fd,
48adb47db4554d5a8444eb01a3a0d8f1,
ca2c2418f1ab4cdd8928d2ed5cd15b58,248700000.0000
b576c1ed79834dcaa4e136fa55f7d933,
ad368ded881541daadf93b1746e14f8a,
8e57dcccc11148d29b78667a647ac1b6,551800000.0000
535db7e92f3d4d53931110eed4f5d301,
9f314844d4c3486da6c442895217d1bd,
a5dff2ecb9f7492b8f96fc06c6241dd9,
91f6ba587b8c4b4e8aa4bd284b5287d1,
5d301c6286604a679e6408bc139dcdc8,
7813cfc158384846a52b7a57df70922e,3680508000.0000
fe4649f4c44447a391b031f15d172164,
44748f0588de4a9eb258492b92871fee,
385f6479e10a406d9c2de8f5407edcbc,
47667e9a097c4b29a794c2cc9f7adf9b,
4468d21cbf754a5b8800f0b17cc08e8d,
e2c5613499ca4392ac91f2d46fefa9d5,
1b9e7f41f2a54a4988a4e31b7c88bd47,
0d015b5001264d398c9ffa284d8f5752,
be044dd4903a4c668a7f2a94f4358edd,
a4d24fa6d8ea49d69b0ced6c15a5ea6b,
d55489e5a6aa481bacc19c1ec37b2548,
d932ed271a784bc3985ad81c5ff7586d,
442fe9659f5e44f398e0122d4534b3a7,
c507822048a746aaa9061df157c0dbe2,
70c6f785f5df4552b9cc62bba5ee5988,
17c0b48cfd46463fb5164ab9f60ba364,
d53ed7f8e5e94cd0b78640fded92768c,
c660ee7e61e540a79f454ce3d3a04351,
39daf53be68c4ae39dcc2f711058d668,
571e00611eb245a1b0301ce0b6b35fc0,
9e7ff92336bf4d61b3933a211e236ac0,
2f446f39dbe94af6ada714a8e60cb08f,
15be3795a006456e83034d1b21bb25c7,
f61bf687003d411297edfed88e431329,
865167b796c74f3d8dfa51ea469f4a7f,
3e8643ff69dc4aebbf1f7ccffb35cb08,
45e7defa411c4393aa1f88315a52e4bd,
381cb335347942618b059654f06e4272,
b177f6d85e774dfa9fc5c04029ee37fb,
522bb09b36354215875807065a885e37,
5f7581d641014d588116f1d1eb3ce4de,
437b6365df4845e097852505812062a3,
30d6e3a5299a452e984abdbd62df28c8,
7941b61473d843f08ec6f1e69cc2ace9,
c94c008f568d454290ef4d706dc12720,
a768da5fe76d49a99326a806b9e42e46,
d27abdf2b09d474ba1fa9f96febe4350,
bf7b74d39ba341fbaafe93235f478167,
26084071b4044ffa82d90075aca1aa17,
d1ddeb3338d24a56a8bc48b17199f540,
15f091a1447d4211a081c0f496ae0399,
ef8083cbe13f4597bb0aba5397844d21,
4c9ea84b2c84435a9b2670387540d406,
fb7c8935d1b348d9a2a16465bdc70a72,850000000.0000
cca2f0ffdce046368cf14c238a77373c,
7ed91837b04244dab140ff6e06be0736,
d3dda6f21ef746e1ac5b5bd7252b98ac,
b5e86ee04e2f4f1f9db37b7975df76f1,
ac18697d117741bca11cabae3d88cfda,
bd464ab3304043db9b80ddf06fc5655d,
49de85bafa7b40f7a7555c776cf1ee84,
18cc964f41f44c4480eed306085e2efe,
e0edd416d53a412ab5ffff95c7852ba1,
1510666f99aa4d7f83b0cce6e0ffe1e1,
ccc3de9a03d54dda8667e76e7fd75408,
ea56a8726e434199b7e0519a86cff81b,
444770d208764ff7b4c100ab1254b184,
f04b73c6894b4d44ac390d2ef3c1cc80,
fc61b32ebb4d4a24a6d1cab1588226ea,
c40f1d02b4b54b4f83f27e3239ae67b8,
bb48386b334740ec807b19b3da2ec7be,
e3502dd2c50942a18daba41f8036b693,
41c053b54ed94bbf858717dc7a6ef35f,
01ac5d5cccdc442383f1681b4e66ff09,
3889cb4ee9d143ddb34eee281bbbd1a8,
89cd972579894a7084ef595c198f848c,
d84ad6b05a494980a05b28de3f757ee7,
04f533842d524370a999095c6692b765,
381fc39f8f8640e096e3bd19120b22d7,
de8c70359e644d29b7eb518d6b60851c,
a93599c0ccc141398c2987bd3f8a30a5,
f12db9df48e244a4a71a51f20f8a8ed2,
c73f30dc4732419287cc9a1ea853a0d0,
63a97f098cb24793b151418e5ec154fb,
7cdd72efa2214137aa4abed95aea51ea,
f93dd9803fee41649d303775e8615d41,
43858dce3ec640d89d153d028132b0c5,
cfb203e27c5d4740a6a7e58e639efa1a,
31e308b6a24d48c5bf0a6f3ca0e9ca89,
447f0e56ad2e443c8f24db325a246888,
d4e293d74c7840a7931d911eab52b736,
de6810b0e77944d7852aeb1559d577d1,
9995e3e87e2247bcbcb81988d3e6139b,
84b8eabadc30488a921d9272d1e4c79d,
721145aa51914bacacf057019a68e8d9,
ed4204c5bfe045fb8520e975daac6ac3,
6ddefbc1a5144e34bbb095726aee45e2,
b6e42057eb63473180f9e5a8be319ab0,
cc0506dd82894b9db3913e66d2c4b17a,
c4056241f3e44086946e257517ff446d,
da86401bbf984833ab9e2b62683780d3,
04775917906542be9d77e82d53bb55ad,1639000000.0000
03047704ba1747048d4be9eaf312968b,
90c5513fcb5e4de68e35f08eebc2863b,
693192b56ec24f7eafadc9bf72344415,
91da6872404041f989d3ad5b7e470923,
1ebbba69382d4ab6b407c9a344d17495,
d943dfe1be7047f78aaee9e39c884d48,
4e8497bd5c734a528e40d8d2b6f55097,
57532fa9463b4490a0c3d8312c93b788,
1e412bdd7cf0427889a51a083cb80617,
6893cfbcb65944869df6e7d02a24d8fd,
80e9f8a4f28c4df799aed6e14d0fc7b8,
cad28af9d9014670871ee5b87651d9f8,
ca6944a633bd40faa109ee4e825f27df,
b3806ce534ae4f82840af9cfc1436996,
601ceeac875d47fd817522ab914af9e0,
738c44617c2f411c88cd5a397567ca66,
5fa2ffdf940d4deeb9fe51fda266fe68,
cf424900b60a4467ad7806df101ecece,
6d1436f808e94f6d87f52661d155d953,
d5a93be83ed54b5e924eb6043303e09c,
b0f7d25f240c492fac8add98635117bb,
2aeb6c3d5b8c40c59ecf94ce93d2e2c7,
1b17660c74cd477b8e6cb814cfffb649,
40ca2d29a8844448be4ab197d185088c,
660d55f77edc4262b500e3393b9353b9,
20708d55460448f8898552d3331e540c,
9c3fd5e25a54433b98affae1c356720e,
47564347c91c4c60926a102380cc6ad5,
ff9bbabbbd9f4501baa3f34a5cd9db19,308700000.0000
6e56b32d34ea46c7aa99180f8ad7468f,
95e73d568ac44d76946cfc5624d8cb9b,
1d557144bf6f429ea8db4cbd5f6eeb28,279600000.0000
3fd8be5980154b518f36cda4593ab010,
f4b1bf77fd8c43c2a0691c7c99f59e09,
c601c67ff4304bebac6b4ab4adcc33bc,315800000.0000
907522c56ee1450c9ca74210809f3e69,587200000.0000
c50de7a69d1648eb940674d961aa2d41,824300000.0000
6e893e5678a2412fa9687995e1852434,630900000.0000
d7b9c6bb79f140eab028ad1caa4d8ef2,929000000.0000
a13f106a8f6049e6a7f2378ed72b59de,
dd45ec6ac6be4768b46a6fd9312f444f,
5b1b378241fc4c28a51534875182020e,
cb2f1fdb81a14918872d6276a401ecf6,
a35b58c867d448bba4ad44882257156b,
d4667f3b352a4304b68294b59ff23a84,
85d8ce383d5c44ad8ec83403137c7155,
8eaded79fcbc46f7bb1703f1c5dd1d2c,
2b91f750ad344bbbb140621a7440aa47,
2a2fb6cac4d54fd798fcb3a6035b57a9,
ed4c68b2b11e49feb2ff5f1f61972502,
bbb1c48d48fe4e87bad6719b71afff4b,
2b2b7b0a935e4e2e81d6daf28adaadb4,239000000.0000
aa844f56f935469fa8937b26d6de50d9,
c0c475412f40411fa12b992964fce1aa,
bd97c575bb064254b2ea409a38fcfb39,
b9c4f6f1a8594d77ae940597a221f244,
d2ac620231ed4cf58756bf8f30ed5cb8,
3b19bcf5b71c4330a4f5b641457ad033,
709e61f32807433e8d124ec25b91c2d8,
c71a5e9741154887b4f58eaa8dae09eb,
67ed639bf35744f79544c8afe8995254,
8e525b8bf14c431f843f469f9c306856,
a0e85e5b859444b3a47364f21925aa97,
64a1b6c741d2467ea87e1e1fb73aca6e,
774e66680b734fefbc2c14ae6c676c3a,
27e77b2b1049459f8ac042090c7f45fb,
3f7ae621264747c48ce2ec03a56e2a85,
d09ebdcb16584407a99866aec24e22fa,
7786b90ca1514022abf05e2d39a11d8d,
da4555fd34e440f680ccbe0272b76447,
69b6553a6e1549fd8b48b0965bdaa0ab,63500000.0000
7ca047ceaef9463bb28fa3671e563722,
b01bd55a542f46a59591331c6ca764e6,0.0000
7b208eef3cff4f78b17fe544ad9f2e72,
0065af37315a4388ba4bf6627f53458f,
f43f0d9440eb4908b1f495abb472c4f9,
e9fca8c44187462f8b88f6954c9f321d,
a151ed484f36460185c1c92799d92a9d,
acee260aa7424149a432bfd9476bc4c3,
a91aac3506b34ae7af94780107f6f98f,
cc283f3ebc384ff98627b16bae1287bc,
259956e25c614083a2bcb97468526298,
b1330a3e0a0e4bafb87b396afe8cac65,
f2e2bbb561f24a9b99d90dd995026fad,
1c05694bef1e4109859d6aed9290ca3e,
3b2156a1b4d94340a50306a199043054,
68c4dec80c5e48f6aba66699d0e80f71,
38544f8fb5b343508571f9026f9d722f,
7b3a14aa0469449fb52ebdd0bfc3bc59,
41d1711dab62402fa002a26e7cce2063,
fd624e0fa8964c50a44cc51a30a88e14,
0f9075b68d5b46689222ae874c9d7f6a,842000000.0000
f1fac684a4ee46e5a8e1064d4814f10f,
5c9b2ba672a14a83b3312feafc006757,
886ef5f8356f460b9ca54342bfdd47c0,
f0ef6dad2c9248139a89bf74360e7728,
6b18f53613b44d8a93fc2fb569b7af4d,
c0964696d2ce458fa8668294ed9e4f89,
a27d1393fabd4b03a14a57df7abc330d,
054f895f6e0448299e4610369e5af67f,
babb68c40acb4337aef1af03030f1af6,
4cac40f7b7b44a93beeb3ac44ea53990,
94d902f3bbe847f685732a9f9bb89e88,
d375da4e7f57490b8c1156c01ef55a2e,
50d587156352490ab8ad3fe33e1d3cef,
820d4a64d2e147c8853d7df2aa6f0637,
6361871c3d2d48a0bd3fd7a6153117fd,
fc8c05424b1347b9869d8385de388095,
1f5b433c656a44889977258778bb685e,
0453153cc80e40fab02f86988857f056,
d7f77456dd924958a62e78e2eee2d94b,
a983109377474bdda3e2d26985ff6ca8,
fc50728b09cb43318b64882438af7e17,
a82c60d45c644c1f91a4219ff2d7649f,
263fb1bdbc44414888e5bfbf859884ea,
ef2ea50964074325bf218abd11154317,
15c964ea59234258b86a128f062ad451,
bd5d18913cd442f29d5ea0e583179dce,
55f6ab1bf550477da65aef66c0367b74,
c8009695bde14c058331c86f71d80b9c,
529ed0300950412395da9d04ded69536,
95b0490b2e8246f09c5400476e50c7f3,
da84f6fb02dd48858112dd03939368d1,
981d6e1ecb6240eeaf7091d9b2200814,
f77cca9ab50d495993bbd67ec7b5417a,
f99790ad8a814f6cb9ce30e0812ce159,
ae95d3201cae45fe8b49e805e9c6eddf,
7e06e9bcf2e44e849e6c6c5fec77992b,
f896daf4c5c2420ebc62c4eb3b79852d,
cf5bb0a9a86b44cba92e73ef132f6c0c,
68e948dadbe846faaa2ae9ba7a7e29b2,
b16b6c3d943a42f3b0c02af6d7ff4803,
dc1fd4b949c64253bcd64b7e89510c98,
6490e009bc224a3384b98081b6126379,
235bca3665624d78b13ffa63f4f25708,
e776ae68971e4aeca6a0397ee97b3ea3,
54b029f8bce04064b240d47248e0fae4,
c8a87f75ad2946f0aa82741a7bff64c5,
a05a1876e3434977bfb55f6f973cd4c9,
b0c1e6d2d5924546ae597ffb0a03c530,
7c46b3a2e1384b2d8ac1b482c02f28a9,
e9c0fd3dd5ff48fd83e5817fe0342f67,
f07546e9d4ff4d0e853467e0d75d9898,
87f5ffcd7107452d9ac54a5b15e83bec,
195423f4a41548e38272917b641ab8ab,
2b05ef6319a84ef9ae473ed14ba0292f,
f9df387b10d94e4b98141ce23b180427,
280ffed691a04f8584532a6619eaa6b2,
2fa8229e5118414f8a92447a6cdfc510,
c290ba60321a4d87b730dc41d888d3cc,
b3a4a1740e334adc8a14fd643ad7a238,
5a4d14a2a31947a8931dcd2663cb2a4a,
f4b7bc516c7641098f4c232af34052ee,
3090109d137b4039bdc7c5422ec4212d,
4c3e3a9c5f8e456081a09e8467fc0e75,
c853196277484d29a3b471d7911f4f1b,
187f20911bbc4e529bb84891861aeae8,
63becf40b5614998921f60a3c36adfe9,
2d53f83e4a9f4e108322db0023ea2512,
d18925d504154e1283b27039fa85cbb7,
82639aa364f4478fa7dc7149ca2693f6,
f27b868844e446a5917ec92e1a834bdd,
b25d9cbfcc654c2899cfdb99ec0eece0,
7f49c8541cd94c168b4b285f3102febd,
ea6d364749a24fc884e4a0c9bceef7f2,
27ac7eed60114bbbbc86c3acd29cb99b,
293ba1a080ee4fdea1f84858ebfff439,
f0b4d403f88b4691ba77a21e8c027004,
3e1ee62dc9d84bb2828dd5439d52e494,
01d24b77d00340309f5a088693770dd5,
09a5b18bd5594754ba7a126e9013e502,
874a9b84cc1c4db6b18916121dd98bf7,
d912acd2f2f945b0b89f543d7e8bc033,
a727ddc18e7e4bddb87b6e4145008701,
03f3ed2e264d477f9813f85cd08d0f6a,
efd5fac916ad4245a27642a0a066544b,
2daaeec6b2a04c81a2091276cd5d3bc3,
c1e7740dba2d45479dd509e83207f49a,
9f03bc4c0ed542f3b944aae9ebc94d9a,
f764276448f14360b570d28f886b2e68,
8920fe1a05a74b10aee47a9bdd9827cc,
90e120d097554ad68e0d61d91aa03e69,
3a036dd6d17d4da7b4b5281f509d54d8,
d99ab0923a5f43fb825b84f7f6cf5d78,
b3fd4851a640480e8c347f819bd43cc0,
3a89324bdd1346f4af33957001eb1bd7,
16922a39c8454e30bbcc31e2af2ddf4c,
68b969927d5a4068ba25ea0f9164b8c9,
16a38509e96a4fd5bb5ddc409489cdaf,
aa63acb20fd244aab55871ac6deb81fa,
a7b725bdad5345d3af7fad0964117970,
f9413f2425b242a8b8bea34c36c3196f,
69d22437252c494bb742e944d9fe3442,
be5c284b6bb943ba82420bb0a1a40419,
d0c29d344b1742eaa73eac056c6320d2,
fac0fa4140454fb2a4d30cd330e6c575,
d24460e61baf4c21834e58ccc89fcd73,
d11dfa00c332498bb26c97508a0a238f,
3e8a2dcc862a4604a820577fce6d2ebe,
3958c9c465c247d7b15f470adc5d9efc,
c22a3110743d442abff910e7ffbb363d,
abcb78bf317c453b9c755d23e6735db1,
3cf4fecca4334550b0a701b6d65bae94,
b1faae38a6994f9eb8f6407fd7b4254d,
41846af0c8a44b7ea387cb724904fb72,
27cd52255cca4abfabb2cff937d0605a,
0755bdb5421d4955a7e467401a45edc1,
8536c1bc8cfc49e08abf9f06b366a353,
1729703aa3dc43b58686155e0753b231,
e2e2709c50de41b39cd04d687e2ab2c8,
13b247e0ac304794bbfccc00e64c460b,
a97f5f8d86fd47c7a12a9e63ead7e53b,
f08bfa802da643d29cc978c509220419,
6fa338525a5a4ebabc6d4f22ada196af,
64b2d72202764d7fa34197299ba04979,
0a27090e875043eaa960a62f57f5c544,
415346f1bdc44eea8ba8fa5030508435,149672000.0000
610c0889dd774478888d638c0ef2e65f,
c2d16f9b36424deda7e5551e3388ce10,
26ec1477eb45426289721b73c04611ed,
ad99e0427eb946b697a2ba4eb3cad772,
7cd47e5fc1a447f2a0a6de8c13f571bb,
b075257576614399b5b2db553b5799ee,
92a4b23a07414eb7bc8312dd2ef9bcc4,
cb8be936ebfa433fb45a6d0d7f2a3bb0,
ba2341178c374eeea1182b76ab779577,
d0829fe7bd3f44d8b44358313660f0e0,
8a6bf5c05e3643078ca360baa405fa17,
6122ff3e0cca43f2bee5e79d61fccc9a,
bfaad038c54d4452ab50c8cfaf6a7b25,
a957651b748a4a9caaae3238f37c3812,
9439ac7cd9a14d1495cefa4bcec21ea8,
5759bb345aa54d0296762a6dce12d47c,
b7c6b8a6a9f64a3e847cb11259bff83b,
d4c28d57e9db4e66a096ccde99ef3a6b,
df24a086b71e4676b8af0f00114ea0d5,
71a9de752f454930bf2bcdb2ae1fdc62,
cf866c90f98441068b0de43a08be6998,
02a19ce05a804fdea33a44b69304d2ac,
bb8bd9882367431aa853b8efac957615,
4b5c643b67f348a0b84e25923a79481e,
98f9c9bed4fb4ff0b06858bf7924e312,
0364c466389e4171ab406480b3055719,
fbe0fb5add8e4a2d97312b249cc53040,
df3dce2933394ab9bf5f64fdb331de75,
d2e850add343463291a776c4fb177604,
1efe7fb9187042769c86b7c6482410a2,
53a791b86694479090b6cdc902c93ab0,
77f86611a90e4695ae16ec863171561c,
89de06f448a7482f97323e9eb73f11e3,
fb0618018d044c6e9b6c6240c7b70afc,
d939941fd6644f5cb724cb9c57663f42,
524ddae6a42b4b38bba5bf2d5c097568,
d8ad28fb910f4f15a9c1e447dbaca4b3,
e76fa61b15654797809f304e06400543,
5aee7fbf54594b2bb7cabf360e269d01,
9d321a7e4fc94d30a59da2a152c009ed,
dbcd72f625784198b093597ab8e71918,
aadc937945654e1ab5744fdaf07ecd97,
39a53ba99edb41279d8ca27a39998bdd,
d88d86b7eb1646ba8791536c8bfb320b,
8a28cbd988e54379855d314c3152e717,
d2c37fcdd1fa4007b446f3f2c4f110bf,
bd6c512c590644b68785714928f2a2e5,
109cfd67dfd942ea91face08c3a314f7,
35c80450aaba4256808a83edb66f6b37,
75918f1ec5f649759c2769ba75ca046a,
51f915e4b6d34b689287612a868b310e,
763a5dd52e654f1ca6709fc8e272f3aa,
9137056ecf8447018dc26a92d584eecf,
82a70cc5423541298f3fe9fe58b28775,
9c9f50813ec4417c8a3531a6177c0496,
2885a9e3e67c4762b225d99e00496d10,
6f6964662d1b400f9f5ab2c949ff2983,
078f4b3e456d405a9b0a373026280fbc,
cda3bc408d6248ac871bf3d4bbacf423,
011bf051d0324935a90ee2d72de9c23d,
948b86eae8e14a09bde59c8c832aa7f6,
df8c6daca21a4d528e8e9d171ed5bc59,
4649125698a14206a3a69b7765eab692,
c4f6d34ebae04beeb812b77cc8d7fb7f,
f142a4f813ca4253b63807833f51e7de,
2796a9f7abde40c9b508c874f0ca42c1,
3105dd9deaa4470e81c8cbd00357a89f,
957939e25bbd47979c5ee9e51b53af19,
e6b8c3ab1ade4c4eb52733200e44a3f2,
2ef8819aa6f84d2c9cd52f76e495b4a0,
65b4f334888646b3b049eba31933f62a,
cf42635d877442d8bd303f87580de804,
0312e871385d4d54a6f9274d18844797,869000000.0000
6fb518bb34ed457d88ceedc40fa76c90,
9d0d0713fc7c474782e98a09ff855d87,
60eddc73117348da8ed0d7ed04d904e2,
a2f8562db1ce41a095d29b0159770035,
16c0f73e891049e49e9f73bc34b737f8,
693ef52abfa44be1906609f6956a7dcc,
9598f6374ca14b6da186fc5ffae03b5c,
80ca6dd17c2d48fea2e60b4b13684982,
539ea4f0732e4227880f8508fcf1c546,
8e493f143f1d4d0b8f90fe78424b85a8,
31dcec022ea8450d89cc7240cf4a2efd,
1553bc1f6d3640ffa88a9335d0085e7a,
3a3e4b900b3845a8a66215367e50856c,
fc4bd917992f4621925073d8800cd23d,
20b9cd59eb7f4548842eb45e933a66c5,
696a3f9a26aa480c8c47d6523515d4bd,
93512cf27df141e180b555119d5b0a1a,
abdcfba17c1947bcba933eb2fc7ae4cd,
8144775a67264a8aa979d1754ac88f1f,
7314bfcf2285404f892ecb001ac5ddad,
3c7e01353aca43a0a63368e3b41296d1,
994d8b3a266349a38453aedf63fb8ad9,
674f004579ea42f4a80a4ce9fe497a67,
150651c8b7084afdb5611144b52859d1,
3ef7a9e23aa44e14b0e5f5c5553a89b7,1232700000.0000
fa0d0cfdc444419e8e4fd1664e816410,
7c6bcb0563844a45bdf098b94569a02a,
4097ceec1c034ee1a6c16c17b69dbadd,
895d34d1f9ce4e86a2dfacf483f4e937,
661ffa7afaf844ffb9a44d619905c358,
8b94d2184c854ec9a0a0920c9ccd19bc,
36d4ab38ce61400bb1b51f9d9fd7c97c,
4c1ec695b56848fa987ccfdc89e80f2a,
8cdb02d538594b86a49fde3bb5c5c7c6,
9d75914876074e85bd4793a7f57f4149,
59bda279081f479f9d677c9b7e2c975f,
e7af1e2f7e25471a82162a76cfa35f46,
8605f52e839940f68859e084bd9fe6e1,
c5ff71679871498eb6b0784d90e7e2d9,
1cb2b84d33604bc8bc838f3cac601a80,
e7dd1921f545492794bd6b3cffe55bda,
27a49f4567934eb2a163feddebaf32d4,
1273ec07094946f49e518ad2ae914879,
6faaff1150d24750ad40c61b46b2a88d,
c9e2c8b4d28d44c38a8b5e9b3cc02b9c,
888a1ea67e7046559f095349651db47c,
b392c45b488144faacbe3dc6b2f71ed3,
59b2c5922dde430b8b7e6e0c6267289f,
09d7cfdee30d4ad799165408f9587d67,
c7215bf9ea244518adefc324e3ac2986,
7979f0c5c53d490d9a9de4c511767eb1,
f268df3755f54fe385f3dfc5bf44e4cc,
99b58d65e57647ca8a9409498e7fe398,
86c9751949f1458eb703b1e9aff19ab1,
d66bc752f3124da2827e1ea89424f2cf,
f690df8764a44b8b9218299a8061ef94,
db9d49fb72434c69a975384ef82028e9,
af0f8fde494b4b8d874057e5b5156842,
76b2b4607fd441b2a2df4ac339337446,
41ab636e2c2d46e7a999c061e1688f39,
bb9dd4fbb36943e2a37866bb38e3f2ed,
b160d38cea1a4aaf843d22b3b37831f7,
373d75f68c994f8ba3747c776240469b,
4c1d4f0235d94d30a1e4e07d94e23a86,
63a3e3f58d20470a8c97dce80574bbcd,
f56ef01cb810446aa4f525f5ad03ccb9,
34def071f2d34a37960cf8fe71a3e84a,
78433a615a2f4c17aae9241133fbd0ea,
ce180e070d184565bde1d08340fd1896,
ef1be70a282d4285b1adb154b8bb32cc,
712ed92902e74093bc7a7142194ca841,
e71c13d2f22f467e92a1c9a9d8fbd675,
263722645a3a466c80f29ae41ad821e8,
9e7d48ac70dc4e9aac752d4c70b6e210,
5ee56b48f2944331a491b38ccf4c3d6b,
052ac6e03da942159c6ac911e9dfbc54,
02ef0a6933cf4a4aa2324ccdc5a4b6be,
a45dc16f80b94171bd40e4938428066e,
3d4a26be900a4b16b1c8b81cb3ee9ada,
9c3dfa0eb3514510974be39f5bd9c341,172000000.0000
ed564532ab4247bab9f2920dd8749bb5,
09227607021c40428bd7ab26a4a23965,
b2f6d3f268f843078d0051146019b297,
6332ddd041c74662a2e900833f34673e,
f7e61f7fb00e4404b72bf1b610efe2d6,
5815bf3a796747f095c38120c912e7fc,
9b93f093ace64eef912a051bff5ba133,1421500000.0000
2aa02df952fc48ceb1895853fe01b2c8,
778608184c7f40398f72a9ccc897494b,
c613560859fe4d1db7629a29abcd636d,
128d18e90b24415da3d5e5d13f26c143,
077a52deb0c04c1394a45e1455996de8,
efe0901da69b48429f8111ff57f67c00,
be39aa6d0bd14428882c01f1bc0d1695,2046400000.0000
a72af0d6a27e42c0b4600d6b81a75d7f,
d076fd76c1cc49babfa214d5f49d653a,
515b677397654a188173df0c118effa0,
2a50dfdd778b40d8871eeb6c9b4b7b37,
b1c8d57420484734a7fd356e6f3d1bd1,
26f618245625484babc4f6a985db616a,
2ce19bd8903c4d97abf06bc45a8b25e9,
8d8112b5013f41a0913a1aa64ed78ffd,
c22e5d2871a44c6e814a50e1c4f58fe7,
8a47352b82c642048eea170585dd23f6,
70ba2c9af5c64f52940e998132ae70e2,
5a50017a8e334024b0092a46c5acc3e0,
8f99c6bffa864be1b21afeae5f4f1b2f,
068f9e6da33c43feb94963fb39bc4a9f,
9e58d2faf4b24b69b640958315be7c7d,
9ba8d115037c412a8ccac3a781d79e95,
a8817f85822549528d5e812a999ec757,
3a436c25a67a47af8fcdc4cda8424bf3,
658fba7db75d442ba19580894d957dec,
f292c69ec0f54502a172708514a0bfdc,
9de3d7545e52441381c2585e5af6a8e3,
894ef60630a44294b32719bf996f65c6,
90c29afbefde42d7b659602632974b4b,
43dd75c3bb5749d896865b32bcd307ba,
2228180c4dee4243926f49704a08b9f9,
73e103ba94ea4d10bf3160b859abad83,
9b506e4552ca4b27b4b8dec3cc2d1b9d,
ff2c291f9e504ffdb8ca0c6124da08d2,
f28f5681293f46f38d652eff078ece81,
c16b55d25170461893ace337442d1481,
711d2c609e05400c98b3ef938386d9c1,
7c753d06a7264615acbac0871a9b6127,
07c33619097441d4b00250faf316baba,
3136e126367c46bb9832670ef549efe7,
367b07d9956c4875a55af5d3b0f62255,2076200000.0000
a82779bb66e44b8c9ab33d036f0fc3b7,
a5cdd19c334e494d9c314dfc5cd8ce4a,
f904810ec1764b55bc184b2b339b383e,
9545ed3e953241e193a9953df8bdad3e,
c091ced8bfdd411aa7ad551fc2f9765b,
d383417b56774d868325cdfc0a9de28b,
6009db91aa7f4705ab6b7503d67aacfe,
7295128aad6d46489739cc7dd5ffff9a,
3154ebca4ef743fe9d5b1860de4562ea,
9f5571e2b7aa4a16af353a3b8e46a389,
0118dd17c9914ddcb8dea14a7fcdbb11,
40ab394812c547bcb187e8a095a2af32,
234b489983de4da99a2fbc2557279f9a,
e9f4346616f84305b58723397a664f9c,
baab6bf64b394dc9a6c2f47d00c2de6a,
43e926d222ef4d6ca3f064dfa193acbd,
44639b2d8a9146848d9259b69fbe04d0,
902449eecf504e23858eeb2bb268ec6c,
42c78f80b0454db593eb25ecffb592db,
7056ee0d73a845999dbe05938af02eb8,
a2235142d0e847138c522a34956a0c81,
29e768264ab84dbc83a9db1a9b864ef0,2509217000.0000
3445b7bef68241829bb4936dc43bd610,173803000.0000
c9506740a8cb46b193048df42154fe5c,
4ffc4d3c6e3640fcafc8fe8afad020f6,
4eb99c1cfcce4d29b5cd253c8f74fdf1,
3244770b47cd45d8886c4c86f30d8709,
7831d0308cc646518a135cfb3da7bc5f,
339dfe585e0142498033bd98241a4eb0,217000000.0000
99ed62b18acb433e933504c0656cdc0a,
9a5f379734474a8fbddd56458792d1d1,
139afb2855e946f398d74f7f3504b2ba,
caca241a7d994ce0916b8119e447b62f,
a48882c3f4bb4d66a4bb5b4f05bed395,
cecc94ea1a844c46a5114c92a79b9bf9,
9ec05b7af3484618b4e6864e20b3e05e,483973000.0000
6a30f92c981445a6895efe655644cbec,
05711f6283454cd29477e63ce9b8e00d,
447a9eaf64de4b2087a2c7e5a519ce91,
19f1dade0abb4a8ab55b0ffac58b02d3,
240f19741fed464ab85fa5f880b60a07,
0ec2a91d53244edf836e300b50256eef,
9810381cb5984f1ab7de87acab362263,
dff9ec26d5ef4794b7030ff4f29d857e,
20e62fb0196c401cb45d517aded287a7,
2140f77867774599954e74a5b0b1654f,
18ec1f8bc3d8486fbea4581d549649b4,
82cf7ad399c840acb69f5a655135ba2c,
c22f176e08354812aa2280bb463dd37a,
685cc7382340495fa363f140a8b86157,
fd7f208948d64f81a867f7541144cb15,6207000000.0000
731ec0acc5c3413ea6d53a9acd3e365b,
2782e46d9f7c4cd68637d75d60d37b22,
bd84e854aad549788fa1d29a092b5ff5,
ba194d05197d436c9e7fc6a843a9f687,
9a9d591f537547cdb552a5a742fe4c1b,
3b78bce95dcf4097b2056215009855df,
01363ebc757d46df9b3919e4b8c32868,38412000.0000
f8c7635b077b4d1d95ab789b68ad893a,
d20fd3c958dc42b2bb3e508428682bfc,
35d2bf4abbd845fd997cad00de31386d,
fc4aa57b139e498ab55cb4029f69ada5,
355c7dc90e444124b08a318a65030496,
279f632a9a0c4b6ea45c1cad0503babf,
15b6e1d95775481681a7a6a2d6024193,
50470eeaa11545f28502e3ed4d3c1406,
d82c80618fd54e42ab67a592215d85ce,
5b1b43688143493f8364cbd233b78bc9,
99d48f93a4fc4b0184e2259d414c3759,
e321be50faa44565ad6cdaaf92cd297c,
3e0d3e8d691d4366ba95da21c561ec5c,
bb5826b1822a402d8e3aaf4ddddfcd7f,
8d5bced1dad44ac38be14d6df223ce31,
2ac819c273c34453a701da5cf9b665cb,
313ca72b30c649f380dab1702933f785,
be0e74d459ee4476962138d3f2de50bc,
a7769354d31d4509a3bac1d1294897df,
81822ccd7dee402681aea6a047881386,
ff7007eccde64cfeb0f48db8b73ad944,
4bca707d4b9f46dfb5475c94ba1d7e7f,
c5cf307e9b314172b162823aa36389b0,
68e32351dff445f1a179cc988b921ad4,
f7c1eb2a8fd14cc181bd36528a86fa61,
7ed9174027f0498da28e512db3b680c2,
49e5384dbb224926b181d1a3e18848c3,
d007729835c34291a0b94e345c035565,
36db36166ce4424a83dd53616bbbcd76,
f38072de61464c529761c40ff50d8381,
b868dcde0cc942e1a14bdcc4984eee51,
7110f30bed604123ad2f5b27ca0e3326,
2d8a9d6737c2478ab66ea0677a717764,
d15d729976814af0bf0ab1a1cba1cad1,
0f817c0046494d46bd2335e6c070dc0c,
f63375e367984fa29a75c321742dc073,
a10b39e694074bf7923f69c377ba8018,
b082c9528d4d48a5a9c435eeadb9efaf,719000000.0000
7c03104ab0fe42d3853e7a6eff1b674a,
25973b024c154a6880d2d7c7d7df3430,
5ccd457afca848639afecc0d30347b91,
82f6679178e049ea87a6991b3e7b9e64,
d1e2b30b83cd42eda2e6ab8973ce6e57,
ccd7a7c0fef344fbbd89f818480f34f0,
a2fb4c34d85d49169a912f6aba8e1cf2,
51fe4cef68e24723b2359cce554f1d24,
335ea24d529d40baa63db9de5331216a,
b5d249e08d1f4d408e6f842b32992ace,
11af133ac8bf4e5a8c01fd97a19b0b2d,
e430adcec4bc45c191cfbe9dfc879395,
a00cc2da987e48c198ad1c891e301f58,
b9c73d8bb79f40da9e4a540b0b10024e,
1431e4d20bad4217b4da4a3e44bb6ae3,
b578e720134e4cd08e72edd803ea5e71,
29fde06bc39d4dc9988151a0d866cc65,
ead60bef1d4343989741048ea3c5946a,
18ac64d48f884ff784473e2f81d531ef,
25c459e46fe34fbb8905ff1ac07ced3f,
ef654307ff1645c4bfc142bcbdfc174c,
938927ff6398430eabe385552c2daaa5,
1965aa5988d442609a7b0d3c83e1828d,
f08480a2a86643d9b6bcf4a91008d252,
eaecdad0fa0f416492667ec08ff37b8b,
b1cb0ac0317a4dd596660c50c8860c6f,
2ed05a868e99449abdadd1b756c53402,
5182f457cbf24c19b22950132037d92c,
b1b85f864e5a476f953775f511268bf4,
92cf24d74f7d4da280d88fbee82521ae,1013000000.0000
f09a6fbf54494dc1b400c8eb513bb657,
8995674ecccb440d8b801ecc06f79b5d,
14a2b132f363424ba5383c86ebd99002,
e859bd7b03324dfda9bfb86183273e3f,
ced77e4e62894c48a6609a94fde53a42,
716dfb72a54a498dac423408133f18ec,1757000000.0000
01230f09943e4084961bb6a720f258c0,
8c4a26bfb4444f7aaca8190b3b0b1956,
7ec65a2eb31646ce94683c54a7fdd6f7,
c645011497da4f5396c2c27c46a60633,
db88b81da6614309aeeef8580b0eb595,
4e0d66617e6a4903af4d4ecc7187ac8f,
5f7e1bb5d59f4d8eb3b50dd1acdda547,
2a2c85077e20435f88af7cb840cf4f5b,
1e5c734b9f5f40b1b076beb288f38880,
85a98bc73d0542f6b0339e5420f8c13d,
0ea26fd4a2554d458e7d5d9b683c0e79,
1652101ac54c43539261eefef62d5324,
1eb40c21898347578b9acc1fc2f1a5f5,
7e2021ef0b454761ae1104a00b4531f7,
8624c83b511f4019ab16c9ff458fd424,
ddb9d05725f04a5b9db6b3c3355fa0d1,
a162e6a85f994a0f8ddee097da339413,
afa0adb12f204cfdad064cafafbc75b9,
4b1a404b897049ada140fc92456af80c,
b3fd7da018a5417f886b2a74c8b90bbe,
bf2abdc8446a45eda8194b613b640b10,
9aa51f3fdb944fb2b407e2be52118a0c,
ea6438acbf914d05ba0d1667d66c31f7,
c2226982c7bc4432b697edd0f4ada26d,
2eebc334d0044d0cae35954cc644ade1,
bab088baac1e483c9e36609a49ef77fe,
abb9d73aba0641adb9842064d1057fdc,
7f39edfd5fb2429f92512332be5e18b9,
6d716faae519479399b9c8f77a44eb10,
7547a5661d4e49779461407db933dcde,
88ffea8e6a7b448797ca5a272cdfb43a,
a02d3322071341778ad0128700e18f32,
2b121533ae084075ad39d9860eab4ead,
113d3734963a44d1a697c9da1bbaa4f0,
9fd416d3bfec41bc9cf46ea63bd36d00,
74ed691f96c645cdb7d8c505a3d12991,
342ac3fe82a648178a18f4020e4de660,
1e068ac70c434676821e2dad8c44b16b,
8aae49b9dc6643169ab4904792b84526,
9c47cd5a6ef3413f8bef4c3151f492e5,
57578bd7603f420f9fc0b8b22f4ff595,
c5bc5db458e146bf992efbb2ca0a7954,
3bde64c91508425f97bbbba660d43f48,
54f07e39e7d340f38b7ac3f8e96aa9c9,
723617f6708345009e020f809a187876,
5b466302bb5c480395788c7e1f09bdad,
403d1123c36b47a5bff4b15c2e30ee4e,
45d79072204c41968230572e41159c52,
ed93d1448ed24073a6f0f0a32754fe77,
a4aa9af5cd5048fe89501f5cf140c94b,
71e1a352583d4e96985ec98344985dc3,
d98da3782ec44886bf5c5d98fca20698,
ef1a9c0d0cfd40f89f13365357cc1f10,
3cbb99b0336048feb4c19469793122a1,
aff868495109494bb2f0780e801f1aec,
b3a6579201fb42229539953609518790,
1ff0236075f64155bbbfb971221a3a6b,
8f76749c723347f0a6104fa56a5991b6,
cbf4dcb9df924d128fe76385f18a9a4b,
1afe5413cd7d49808ff09d957a753c74,
27a9cd1a300949b0935d664070645975,
d5d7ac73db904bccbccc880e6d2bf86a,
c99726a06cfa4b0ca9bc3d7dc6596c02,
38b762433a884c608edf465f649bccdd,
122017839e0b48baa435f35df816e019,
91e12f9ae45942309a3b17a7925ddf07,
25a53de3febe4469931e70b2c26c9203,
71224c25aff6428bbeccddb122bbb208,
6e60ef3df4cf4aa6809950cc402fd133,
f94ab0b57cd544b38da439d6a94339c0,
756080b5c9f14b06bb83ba6067dbf803,
0e25cfbc5bc64d4d8d52d98960268fa1,
56f60482656c44a7ba3c8656b16edc7c,
d1dfc46df08c44f88e1951f5e7201f47,
0d4571fb050345e59b30bed5abc0e67e,
950959cdeffa4d74ad1b3e6a60284a7f,
337856a27fb24c1287f18d7cd167f1e2,
0fa7d3a9b48e4808a7b048745231f700,
f4e08868c88e49cfbc77b30f6a267860,
d06bc3dab78543b7a3cf23759c578162,
38f039cd37764fe3bfe2a9f0a4de30fb,
9bf60a660fb442b382844b7bb711c520,
1a064fc4fb4d420cae551489a1d51493,
e2413954d19645ba87250ac8d3f3db54,
0034cb9b4b7c4bd09176e4b33f1602b8,
c71ce77bd92841dcb6e4853a2e73a724,
b84fd623e0fc46f0853bc3843a11de19,
9966859cce1c45c69490fa532a852fd0,
3f715a18785440638d487e3f5faaea58,
3e77a11c80e949b98291262aae701a6b,
2ce7d7c1cc85493d8cd93ce25b334035,
6383a267b9844cfeb30b5bb3405bd169,
bfeceb19878d43f48e5451fa5290e099,
70b69de2e59c4c11a1c639644ba9cfb3,
d1cf46fa182741889e99b199c5849ea2,
fb42dccd280b4309bf6b3ab7a03659b8,
e20faa2254aa430281c3ff2e55371911,
247eaf5a634948358ef845612a0e27f8,
e7cacb8acc4a4a52abb3b14e7b69216e,
4d5b2673952547adb19508df40f5d784,
6045125745594966853a0041b1c48c19,
6a708ee52eae467a8ca35f607b25677c,
9f411a60f7614b8d9ce91b303ad2891d,
28a23d28165944cfaae20c2e6ddc019e,
f0a0a723e0fa46c4a9a99cc624ef7ccb,
8b1ac3f41d7e4c389ed23e5c39b315de,
533c42afbe7d4a058bbe60d7d98e6f22,
a50466764d754a168a6e8d818f3c398d,
30f7b333336f4915ae1b70c894e265cc,
d34ef5d2f29e48f0b22a1e6d00b9b04e,
94754198a9614f11a562d3916091385a,
36ac7306f99e48539caa2387c034053a,
437f4f1f8e7040a7aca38bc38e0a3101,
2e18f10260924fa5b19c442065b8a8e2,
980bc90223a749e4bf80d353d749b520,
468a755e16644a4dbf3bac46961c54ed,
1360b792f1df4ad0958deeac8b7c70e0,
3b5aefcacab8467aaf7cdcaf8bc2c028,
566d1e722d394cbe9ec588c0109cea38,
3ef8353e12b14c5f92966f5a613f8425,
c0fc877839c54234bd13fd72c0d446c6,
2322adfa6fa74e649d40d0c375cb0727,
ec6249c2e01646daa00060dfdf3a6ec3,
1700eb73bd804b96828dedd065741f9f,
7408d737611c48a19addea6b8132218e,
45a0c6be671244a6b36c22fb6323bc3c,
c47d1f29e4e2406ca47ef6639c528468,191000000.0000
39e3e587f1574e948305cae8610591d6,
53cde3a0faf04ffa914cd5bdd973bc5e,
ec639648e0ed455b837cdec5e78247d3,
cc120d3c00034785b3ed04e470803a2d,
318d0363034c4af3bda1902d41944528,
eb2631fbd0474b3c955cd36b030f58a2,
71267586885646d4aa21f174f7c2c5d4,
9ef23eca305b4520b29d06c06c2f397e,
41462a1d6b724df8beb72dbf50645aa2,
30d7011563f74fee92cf0f5c3ee6b855,
d342d8535a43407b81997679b62daf2d,
65f3e59355a84604a4d81200a24d75c3,
73ac626fb90b4bd1ae119fd008eb59a1,
7534ff9a77614bc386bf6c1908d4f7f4,
a5988eaf86d94711a30f91027dd0aaa2,
6b6f0300c0c7408383ec3d41f6802ebd,
f38971897ee34a60aefa5bcec9318a68,
345c49d4d21e41f385dc240043bbc0a4,
1e0ee8d66550483ba7aee323badceda5,
ec3828548d0f4b9d8cfd758e965b43dd,
435dee3938fe4f09abefdbce95f762da,
f643bbca2cd64fc4aeb09454453ce73d,
413b46da71144ce0848fd11e6efef118,276000000.0000
e8d7290ab4dc4dadb7c2f293a34f3e0c,
c9757a47d323449087152714659ff04f,
23af0475dcb248a6b5b46cc75fb28753,
5c49f8097cde45dc976d5ed2a3bc7750,
12a9769379b94b149b29306144c1dac9,
d23c941acebd4624923c2e3037b4050d,
1459400b999747f29c245471eb793e5c,
2d91b271baba439dac7281790fa51bc7,
be6309dd0a194461974ea0688953944c,
b304eae68b4f4eb4a2152a33035303d6,
e6097284d08b4e16a68042e71f7cadac,
f5a9cd48096248bebfc0e97e98c2c4a3,
6f4ba40d2bf14d47958273847a6dc43f,
8d2beb1af98f47419e5f81bfc10f6801,
fc27ad4e53ac457aa038f5e71a58d1d1,
d2c48d30777f49cab7723a1d81431e09,
d4543814287241e8967215dcf29cdfb6,
f33361aaa30e4091b49abf92ab414639,
f5521d0dfbd444dbae58914c77145a88,
a00cc8443d7c4d26b704333558dcf041,
27c7c9de306545488566e50c195d0b79,
d02d9a6f048c4028900c8995da65cb23,
e3591ec7a16b49aea90f0236ac6d8368,
3bbb0fd6a6374d94bdfd3f1e740dc2f2,
3243128402dd453d874a5e62a6964eae,
0a72a044ed1b4c1483f4b4043c8d6e83,
db687c3948db4200bc4c9a0136f104d0,
fa8dbefc987e4663aa2a70dfe66cc428,
d939d7d77306451fa4d1fec86af820a6,
42270753f77244cd8f9f8e1394900954,
6e71c81e9e89434f9f49f4e35975916c,
db7c340fac454178994eaca9e03b4cc4,
be8c8f578ad5485f82110a135e1cb2cc,
7e6bae54450041ab834911e46e9e4e71,
a5d70a44951647d88a22cf6bb7d60aa1,
1af85fc310514ec2a0afb95383230f92,
3e90c01e72c84643b924d087f5bdea8c,
176b16db7b3a499280f59740d85da9c6,
d0ca87f42b394fea85742c5ebe945004,
04c0f668ea3d4020929084c8023e2e45,
41429c3d16b540b7a3afcb3f3cedd51c,
f22ce178bf414674a07ea9f1f76f463f,
9194d824de954aa6bd9ddca46ca94609,
15d628e4c676474eb57212cb1c4d2d66,
dffa5987449e47fbbddff25e78fd5176,
4a8d7ab5ecc74e4596186180653792b5,
8d225478ae344897a06c606fdb9fe160,
01ac877f5b46408fb97105e5e698b16e,
3a2750ac487944618b509fca08aaa052,
195d46d4e8584f68880096402f370b48,
41cef7e3fe76464ba416b743ec40f989,
886074056b8044a8a9c98c48303e1f3a,
c7ae9960ca024b55a343c84172f7d982,
93977bd67a3149938e7c618e57155e2d,
8031cbfeec8547ac958631ad47f39503,
7c1610a2a55d4096a284c530fe4f6fdf,
9bf2bd3f30e74f8486f1acae8487acf4,
bd4f6015fd534b1fa64f8483a5637064,
37d718f37d6a43f1994d66f44c1efc1b,
3cade7b9ef9c45ea919da3dee098569a,
727337e3ccbe465aa16d1670a078b647,
9368c117152e4fe79aee2e6af86d2d43,
c6f77c00e3a94cddafa96e0f85d0f610,
8e959ceeeabd4fa8987b754e9f87f0d9,
7885157eb6eb4c6896702b2deb8b7a19,
d005d91ed5854bd08bb10cd8d33b07d4,
1af8a9046c6444c49217541715baf8db,
fe7ece1603154fe5944894b94aa74b30,
0d889fbd43b743e5910bc589682dee65,
c6607d5045e0487f94a6456aec62cbb1,
258ae1a6e3074bef86408c3c8b732449,
0b4cbcf620784af99d9591eba30281da,
884366bb35ab44a6b8b36ee7d6937b53,
c68d0e69800240fa8a39fe7b3b2a1c6b,
68e55bac121e4d9098a5c74a4f89f9ab,
4d6931de7cd44cc68ed64e81f3bb6448,
2bde56abd6d1489ab46d8ea8c7b3a570,
18c9c4dfcc9c4284a36afdd945bbf388,
4fcee0a2bc83431f86ed27f367a8cf90,
45f1cba935234181b6fa7550f7fe0132,
e274cdcf620349bf8bc33aa8d8d6681e,
a67b6fe9518243568772ebf548bc2dd1,
608bfaee535f4701870b177e97761353,
e383bbe7cf9d4949b9468f34d97621d8,
dc5f2187085843199699268a8d93e2df,
23de5d5b97c94c5ab469589f68433b8d,
695ee5cca9664ef18dda6da58a6967c8,
7d5d5607891c4d55b1e4a024702d7787,
7891538b6c3a41fe9221079c6084ee1d,
1abb4f7f07b649c180a6a4613d20df30,
16a57172a1a6418da2ed0de641e905a4,
79646a2b2eb146ef856bd9a3dd40177e,
8d42c7fd8886464680fe0697dfb69c7c,
5eeb0f6fa9e14e62a5e77c43f62ca061,
c761272aa7b947f8bb8c90c675b79464,
0a236491b3a94812818dd4a82b1d7f43,
4c33cf98da4c483baa8a63b980698ce8,
717318f933b44d96b11a8d53b740512d,
607c41c285a94a349d6099722a802750,
b365b0f0b7494aba86594bf8ea4f3a9e,
6eaaa7320e564a14b8db2a75440e2ca7,
3bc3bfff444c42f99834418b5ffd50f3,
054e4d26463d4720beec058383f0c0f7,
b0283d0a32e646c6aeedf6b2bb9d7e8d,
6776cc78bd554201a2d035bb3501fd50,
191632d6f74d45f186c5d2cbe8dfe88c,
555b418bbf27462fa1d294bcafd2cc9c,
f449ef9347364ada987addce19ea0207,
ecb7a10fc2584e1792170247885bd0de,
8abbaffaed49458bb7a9061996410b42,
6a774d80b8814a44931a6ec04f2760c1,
f539e3d7f59f4231a17284d8bf59634b,
310a639f3d544eb9a0d54c8bd5cc25bd,
4285f0f58d364474b33c7c576f7a9d6b,
ff84321ab23142b09d8877322831c872,
45e4d21691bf4cce8e579b9dc28b5ee7,
1a7c0d0a92c44965b4050152ac136ca4,
2234f17a85f0488ba6bd0d762693b4f9,
8b50a82c08d84b6780d6080e4a2f57bc,
11cd105cfa7842d4b1938b2948b7cd55,
ddeaf43759cf476aac173eac056cfbda,
dc7fa34b32ac42f5817a9d85616f8d54,344000000.0000
808a10b05f3348fd965c478fa6506d5c,
90ad80c87eec4974aea26de7019c2040,11756998000.0000
73ab470c3dbb42ef8e7d6d551d0a65f5,
84d97712986748d1b3560edac22b1f4e,
86108439e68142f1882911b0ea0e8a90,
c62745c851b142e7abeeee35830d4a45,334000000.0000
c3fc1d81dee549e68451e222cb4e30c3,
76b41a1d46084e4387142d3bc2f50660,
b7b48a41b93440a5bd8fa89d9596e237,
6413bff2f910473683f4c5f4f7669d2e,
221fe3c40da34aeb892470548f951c6d,
0f885eb7de40437ea10a8dd518966bb7,
2382c979d4884f82845dfa9816d50a20,1901000000.0000
57492fee2ad94a59923d3bfae96ee162,
bf54f94de441475996b37a88a4e29952,
204228e2e8cd4b16b7aa822412397cab,
317f86de458e4f5d89beede7381dba6c,
eaa4c9b2aa6e47b2ab4bd7a3095ae0c2,
c22a94381625495aabad4aeec813b0a9,
861ea1e335b9422e826e926b9cc5a0a3,
7ebacb3a48824ebc8942a7c6575c2eee,
06de7a7a20704558a60cf5d11e318ae7,
0b8ff155b12249558c5e59237193bc32,
435cb74385304e2e987a12d481e5ded6,
01ac1477a53148ed96d87cec115d8c24,
9b9cc6b41cbc4f2bb5e5d565d5465e99,
03f3dca7ecfb49cc95820aecf656298b,
4e6bf3f20f704fe0bed4a09aa32855bb,
0520c501e58d45b4b70fdb6bd401d326,
e3993c66cd6e4a9c893d48a63e85efb3,
96425fcd44b641e5b6bba37568091981,
24d0ae0ef6c54362bcc189607d1f95c7,
2f74e06274404eb3a74f3a413dd7c7ef,
5666c04021c64e06ba96562b0f34b5de,
a9aaa71cebfe4061a1e576b953fb22c2,
28e2936a58514121a95fe12778a577d7,
b518f289a01d4a95af5323191b19865b,
5a11502528fc4c04842de9056467882b,
09281fb2e57a4455a51f543263f10e67,
6926e27f2e074ad78186cd6891d773e5,
7ccc204d78774f0cbc792e83cb43a171,
0993db8e99d7441cb8e78e03b25d4afa,
5d916d157f914fde8abf140448e409e6,
1702c2210c6348448fc77b6583d38bc3,
d7a978288741423681d2f6644baecf69,
257d8c5041e44e4cbc66e78194c443a7,
2352615a4d734164a675dc79ab1b4ccb,
e636a62e8c054a9595e4893ea2d3f76f,
c9ac0b03201d40c698867b9c9d6cc7f0,
556dbf886e894eb4bade4ce594da573d,
af9234c432d64dff9668f2473482b420,
14b4a6db68bd410e8cf7be61d440a325,
59b8ea36e10a48b5b436394e90ac0997,
15cb4d866b7846e8a04876c28d71f5db,
25c0741e478c464d8b424510a15c5537,
8035a89c20b24af1be8fd3871bfdebfd,225500000.0000
0bb7dd84a5464caeb4da6d23fb9af609,
78c6c09ca1324fdfabc3e73825362f5b,
644b7bae3893483bb2afa7834fbe2c63,
fca5a428eed34319997d830d40dd94e5,
26c9af120bd4482ba0d6caf006e42f45,
f3226da8b54745ed8f4ff1ad8976cf70,
2d1e25952a80493fa69c827427d8518c,
f6904b23364b43368703b0969cb64074,
1dddc68accae49f29f956d2e0ae17860,
fe86584577494865bf439193cb908a32,
31e8c5e668764a0ea00d1c4f7a58d7fe,
154c2089399948f3868280e1e087b777,
52739742bf1944f6869e2e4950c784a5,
9724cbaa055c47b2ad7b077ccfc4aedc,
49108a953ca34ad8bf2e4126fad4177a,
f8f25456d9e24fa8bd8a65a1ebe8c2a3,
0a55d8de4d554933b6579af9e24d5125,
d400537198594ba2a9b9b41fa9d66ef5,
61f0eef3abb54edebdd78f99f8b22c00,
5bf3268407014b6fbf8b8eab0df42656,
0d7dcca079f748b69e77111761a63e0d,
1d4955b5f8d24bb8b577fa43b361ca69,
b85cfd3cc74d4c358d6f37ed355d3327,
78410003b8c6466195f32119baa71db0,
aaa15d790b4c48bd8afc2b58788f278d,
6b9cc408349f4fd6be4fe29d9bfe756f,
81c67e97697b42e69daa84a4fd60a2d3,
772b4fa742c64386902c3cb4191d62ec,
985ba68d4547463395dde569a91f665e,
1a2035416f6044f99161eebab0bacdb9,
59b4e54f59fe4514955bd1fe737e9986,
432f24b957bf4fcda5da9b65e38b4659,
bcf95759f90b47569068603c9cc70fbe,
1b614a3ef0b448049facbd234e4bf573,
6e62002c0a3a456a956979de2e48c613,
10ba00ab7a22459489dc21f677dfe463,
04f64182e2544f6ca34a341b2c1a6381,
373349b1a134431ca996f96ce3c066c9,
6f597c188900448e9fd50ae8ae198485,
fe51e436e5384ba89099f72be12ea6c4,
8a87651586d94b488f52253c5a009c0c,
8e1f91728d5c42c0a8edfb21eb496eca,
52bfd571c3c747afb9f27f01024c809f,
ddea488fb2d040cd9f36d0c15a08edf2,
2c1137e126364457a620f971e9915cdb,
d78bafc46f304db7b98685365d0eea87,
a375a5ab9cc349a09878b0484e4f3bcb,
4b054b0f4b734767980de8161dca74fb,
2ea29679eee2465b805a9ddd3b4eb31f,
36d0a45024bf4ee89f00446f93621429,
8ec217513c75412089d27642b6129a20,
3ada8a9dee2a461cbef96cff9a342c38,
f1aa24a0943244dfbc696659134571dd,
f55bd50d15b54ea98de008cfbdc7da13,
e482aae5f4d24b33b77420b7f8f75e2a,
be9996efd68d4084ab9237971cc861ae,
ad89ba90fa404a03a07cdfc87603a12f,
a980f63600754cccb590376d4563cecd,
69e06dd6fb53444e94089d17818a5e70,
250849fab96346be93018579d64517f3,
ec0dfa88f42844da889442f1e4ded440,
c254299798a44087bc869fb3b27c0c9f,
f4e278a11c354cf89b5c3498f505e119,
4aeb79ddbec0447fa5fa3c14ca8d36c7,
f83795ddf2b04e92ad8190090ad94ef7,
88117d276e28407e848b5c5efa3a3a08,
e4b3284f84d54a4e83b15f20755cd650,
86f2701441f5487985035d01fe109c77,
ad45a50457744a02a2f7eae48c0bbcd2,
9a21714cd1814b41847e8f39b07f95ea,
6943abdba9e146288068b99cdbb7dd93,
433c55d9a1734a28a8175f9a7c5ab9d3,
d715cd9e3ade4b70b8a9e14359d512d2,
b021fccb133f4b818c396c788d579af7,
d977d64cc0bf41fb97f459396ed6e3c2,
12f4802f609947c49d8d9a013e550500,
aa5cb3f4d2544f5182634f9eb9f68971,
3068c68e9f9c4b29ab37ed83d7364812,
60c1ccff4beb45939d70f02c595f0d95,
6b91e6fce7ea47b2a8ad196320552dcd,
52713aafe4c34b2880af59f86f11a0d2,199000000.0000
9d4899645ab24aecbd6450852d112330,
19f18628eb0f451ea4e1e8fa035390ee,
0979b3aca2094e41b1b78b83c4132e95,
007b853fd9304cea81e05736768cade8,
48572ad99446429d9ccd6fb420cf3fc6,
75f212d33f884cf795746d1ff0c087dd,0.0000
eacf28ce14f442d9a22e87a0356526c4,127000000.0000
219ded25d4c14746b1d1046503518898,
69f3f50038f74977b208f89fd39476d1,
48b2d8b7ee88445a9b4fa6548b86c523,
a4e472bcef7d4bfaaf935cecdfe49374,
eaef035b92de4d2f9886134195866929,
cc34600d7e2d43f6860e68424b09a5cd,
04eece25882745c6a54bc04e7630ec5c,
0cbf9796c2944810b7b3f52ceb887c1c,
5f127ff53baf45049ed336a1150680e5,
198cb85dead54f4b96f789846e52343a,
56d57ef8e8074bec8292245a6e5c5f62,
a154016d98ec4825a0c3c227cd5218ba,
8c6aec9d2a3940a4b58a0199167c23de,
f8979df3e7564d5db2fbfabf113aa685,
393f2426a18445cf83af7fa1dabd33dd,69800000.0000
897e3168844e455d87533fe6b6beb7a2,
bbc2390be8224ebca8cdf2f93de05a81,
380f26a1c4af4573a933b20d5a88a694,
86b18251de154620b86e82db963ab8b5,
7f11c6acda2c4e0684548c73cbaac734,
6ff87670c82e4ea98f4ebdcd125d0e6a,
7ca89a8a7b4e4e0fbf09006116d4012c,1195000000.0000
6065286cb2224265ae7d49cfd799ecf3,
a25065b3c84444e7a35f1df20460e2ca,
27d91309019549fcade682a4a4bc9a78,
813e92a341d94d92a340e06ce7539bfb,
b1aaa4a29d734bd6a6b3472d28a1cca7,
b840279c9f8a49a19147fdb89e8e2ead,
90f68a175345409fb65c096910ea5186,
965726229ec144afbc6a85ced2e06def,
ce9c2bc4c1584f24954db00c59c0b97e,
7bc5e7b650ea48c09d67a9ef666834e0,
20f92124826d46deb0cd690bab56b583,
11cecaf4115c4aaaad18971c97d4f0f6,
b123d75ba6cc4e81944d5af44b8b465f,
50152ad72d4f4ca2915751999f410ace,
ad38a40ae46c4c4c80395b8447d8603c,
946bc46c7e4a4796b6ae9638f144b870,
8d689995052a44e68c49c60f4b1d3b2e,
b9a666786aef4a9bb45f9a1c783fc614,
a4b9ee94f0344b16992158554f9f2afe,
5bf880e87c1d4a249996956d33a664b4,72000000.0000
714c72fd764b407ab59d0b33e843a1c0,
f759b1b1f9934550b047a058317332b5,
0109010481bd407d94192f40702ff37d,
8240780649ce491c9913b08ecea013cf,586600000.0000
c91eb4cad9c5476b8c639de63c66a449,
f1c6289c11d24919835750f3d787a8de,3988400000.0000
e5b0fde9c23d43aabc0214cfab37ec8f,11000000.0000
f5bdefcf72684b798a87cc6137aba422,9000000.0000
1cc233282ddb4bb99c60fbe469f59fcb,5000000.0000
4e2579b8fc51404b8e993d8a80143615,
c281904473554b5d9f1470899f4afff5,
2935c5218b9d4553a3dfad09177cbce3,
e23d535371c54f7aa16c00a2a9303df8,
08358cdcdf174ad5bf1c49547acb741e,
dc852a4a7c514cda9d9715fd581fa11d,
194e333cc2374e95a2e867a19dc841d2,
c376b72104dd437993471f59d10953f7,
71be1e8181bb41f8add7a0e7acba4135,
d251a33567824e13a7f68cda9b83bc50,6836100000.0000
43d5c07f8471458f8bf9bcdbd4518c2e,
6e04cd19e62846e5871f22cadbe45f70,
5bf192b37f214c459ea7096751da9831,
3d93db82a7df439f8a6737d6febeda68,
45b526123cc24fcb867461b1c046b913,
566234fa4654437890fdbc5c1fcf2831,6702800000.0000
7dec85c0977c4daf8e1af4c982427a8a,
9b1f4270dd1a4831b19a76da5edcc997,
92ed8cee126a467e990d6665f811758d,
e98e67ecf60a43599f931200c21169c0,
9ff866f1763b4c1d85e20eee08132eda,
e43ccccc2155447b9b42f783a9e82059,1044000000.0000
78e217779c964876a48d851793b69b88,179000000.0000
21e3a06b1a734aeab2bf398e791fd3cc,
438ae05d26cd43a08b52e7488c72dfae,
33ed4731d6e3467488ba7b79705611dc,859000000.0000
3ea20ba933b44273b46d5461559bb6be,
2ed89925871e451a9b5c981ad6e11b92,
c294b9f3de994269a9ac4a0e8718b0ab,
e50f37987174427689ccb24dba46574c,
dda9b75d7f9045d9881cbbaec34de3fe,
bb23cfd2dd8f4915b8162fbf63570fa5,
09789d9f36e44ede95707b524ac1ed06,
b623e41d3dfb44c8b285be7b84cbe5f5,
90c7a161bee24588a5fc2ab38d3eda30,
927f291eda784c8f9b7bb328f877d70d,
b94b67b8414f4e1280bd6079e4514bb7,
1376d6f71ba14a5f8f9a3ddd09700080,
9c3840baa5fa4582a72e99dae956ff6e,
32be23d3529244c594111bdfdc537185,
493226d4577341378ea72a0a1f06926d,
ab5c2c2ac8ad4aa496df1464da599ed9,
9fe3960dc6a145199e3e73e14e330972,
72b349460cbd4e5ebffc68060788f25a,
149551002a5a4a48892b00c1a2197348,
a5eef79af9ec468ea66e8329c2ffdc36,
661b654b6cad466583bda9b43a11393e,
34a8fd542e784e5bb45518ce25e98d28,
aa59b36866db4f8f986322f1c2a292fb,
f05d4434238b40af8fd0799060a85f0e,
113e98a756404d89ae9b04775d64bd90,
ec2666cff3364093a15e54ca2bb618ef,
6f7d4636a1404deea49f591e0310cbf8,
54206788cccb421997bd9717e3237de9,
8eff180322ef4614bfb306b32eae86d5,
4d00c3d48d2c41cb8b4116b30d46fb50,
68e8287884304261b60c03121fd4774a,
b8c93ea3b2c2409aba8ce93eb1897826,
1165fd66e49641059e03d7f0d5cb131d,
94721ea47d5249fba7af829c877e5521,
70abb35727db424190936bdb4f76b8ad,
27b576fa5db847f6a89ad85ddb5925fa,
a74ec07b370e43f8a9242840d34549fa,418000000.0000
a5fa80ce608f46e4baeadac70bd057ab,282000000.0000
e4741fb2f93946ac93055331f7778df1,
18dfea1123114836b5a8427c2daa3890,1170000000.0000
8b06799cefea4ed3be3c7aa9908433c9,
62b818bd82d940e7b9c446de4386179a,
b4fb753b58b04ee08340de58930a54a0,
26ad9ef5270c446f9ab9ec9e7c7135eb,304000000.0000
af88c1f6588c4804bd858eca90dcf33f,1220000000.0000
b586bc45d34b468b9fe4d88283679a1b,
6981fa23f02e4396b7909f041af8881a,
d5d1a309015044de8a9e766f16116b65,
7f1f4827db044b74bdbaebfd3e0c1cb7,
5ad3f2e2ecb54bbcb1c53b01ebe5eb69,
48baa8775afc4be08d4d206baed1efd3,
e000eb1f0c5a4684be2654cdd582738e,
a18d5536a66b4be0b4e0f2403c999186,
7244a9bac83d4ce3a3cc9bf3d843a4c6,
9e4b4d3e500b479b89f46f590817f9b6,
e33dfca84a994d4a95b2cd1947bb5cbf,
67230d81db36423ca1297596ca8b0fcb,
bc800acbd0bd45338f8d74fd9a964b9e,
9f5a6ed7f9b14403a30dfb541676cfe5,
cadff2a850e640f8970f6c49e54043c8,
04e9238a3edb4fc4b2d9e3c366e0910b,1265000000.0000
317aef431ef1475aba6c9d3a5329197f,
134b4ab23e3c411eacd6003016be7279,
2c770fa044394489bb819842974049d2,
d9251dc6582e426bb694f1b9f824791b,
5884ca11a7ae4f7ba27fd642e92f277c,
c3fa5f53fe1948ecab82fb4e11046871,
1b1deec031da43c1834e9619c79d663c,218000000.0000
bd5b99deda5443889e8fc250b3181ebf,
8379c6c7034748d8825a354a748db005,
9fb4c942707d44ff8ad79bec66fc0b96,
b1013d0400794214b498bcce413a2e86,472219000.0000
39f754392e62478c8ded596b86abb206,728788000.0000
b721235554f14d558eb7c5518dc5258f,483973000.0000
a1887ca80a5b4d69a659118dbbc59dd0,
729e80345f0d431a803d9ff7069bc0e5,
d02b273704c74d3a83984bf5d4fbf9cc,
f04f4e54183740dd84aff4a0ebb2f7b2,
ec567cda7a224552ac719ad5683aba85,3356000000.0000
490a45ea99fa486ca479918fc970a0f4,
235a6ad796ee4de28284c926c0391e00,
70fde9807cb14b42b437eebe42f3a29d,
91174db9fe4e459fb88f2bc2ffbfbaab,
f1c7369f5f29467985b2c7ce977bc360,
15eae70210e04807b19bc83a8890ca4c,363300000.0000
825da002eb2e48159af9698690707421,334700000.0000
d43b2296372d4bc7b1b4caaaf516f9b5,1347400000.0000
f3c0e81a058b4f158d99573d425db4e9,558400000.0000
29aec0a6d0a24dd38a3c469b06d593f4,1637200000.0000
24365aa2c3444c5a8185bcffbc868581,2324900000.0000
e2823644f36946a59d09531295c7af23,
e2b1b69c6be146dfaa781f735596eeaf,
1c5b7a2eb5814da298cb2650184ba980,
0ea95dbb01634d6ebd0bf8e9f5e33eba,
6f25cf14e5f54beeb58a476ba2fc28d2,
6f47bbb9b7dc4150887f4df1efe08876,
1c2875e571884327be27f9e407aec860,
d6d87109022e4eddaada80bc31e766ac,548300000.0000
18510078e5b04f239020099b6ccbec5a,
f6ac863b690f4ea6a3d12486ebc8ad80,
6fa1e4efd8f142f38fbce89493bf4703,
a0c426c4af7641a19d971d17c9973105,
5b77f73e7036427e91a81705790c5fff,
66cec6794ba840cdab91a92e12f3c28c,
f1b80c2a3578427f9939413cbc1a8b11,
5b003aea8cad4d938cff358b449afc42,
16628d29d7af409f9ba8c3652e5a5586,
e1e443b020814632902ea59b4cc9da48,
83ccdc71c0e84457aea8c74257692479,
656142110516490583a7a788504100f8,
c208321458ae414d9fa7e7abacea2bdb,
680c7d9e1d67490689af1daa8fe61a4e,
9b8563e9849b441ab12f4e1c5936e319,1012600000.0000
9e413cb663634ef2a5d663ddb5881fe5,1181700000.0000
0eb7dc55895d4ca59426e440b938ab2d,451800000.0000
295fd05f4d524919909f6bacb4de3122,
cd1b25e8a9f940f38114506f8a435742,
6482dac076cd41c19a6b2a2d345c5379,462900000.0000
6726bb9abdbc45e5ae0316db520f2f6c,217000000.0000
ffe46c7f442f4be196340c6a2563deee,10951854000.0000
a16a060da0cd4292a0bbf25747fea8ed,
52b8ba4f1e1545ed92eab83602785421,
640ae269479e469dbbef5d2189ad96c7,2461000000.0000
b5c5da993d874e19866a1b4d2f86e9c4,
d0b174a705a2450880d917aa735d3c39,
05a0c17564184497bfc9decfb40e3fcf,1183000000.0000
59af3b893921477c842403b6c9122c56,1188000000.0000
e85a63645adb4d60816de20c8ade7326,
05f8beef9ba44147abbef8ecc3fca458,
698b611a396c43f1a6b5fca571356d66,
dd3c6ca2ffee4e109b04101a9e04c934,1416000000.0000
072bb5a9ed9345a4893cced64eb26578,
95c0893d37d24fe0afda8d32690997df,
ec251e798223405d90b880d9daf808b9,
26d87bab0bd14a0ab1329cfc03939537,
a2c79d7cd46b4edbb5e23f957d3fd1f6,
47fdeba82d134b4385617eb94faf59e4,
9be35e1ce7c54fdc9e401cc8990b4641,
c44b1abd807646be8e6ea3ac7cc95aa8,
1e5153f016a641bea1cc432d81066e53,
9767e81f9f8043fe90594c0b362d898f,
002f72382a374f6ba000d530a6d3e6f5,41206000.0000
dbd34f7f396d456fb857acc6da102a95,115000000.0000
dd515c8e73ad4f86bbecf126a7e2c107,
8e4df21047d44e3e9c99267d08e4a29e,
b612a67bd868496fb544660becc91346,762000000.0000
a30a968ff36544248876ee3a90d70709,
97944718fc074d20ab2aa2cf5bf25fdf,
63d71c2761324934b8d589dc0dcec00e,
a48ac4a543d5466b8e3b2c6f0a7d186e,
8ae2291ffd6e45888360542dc8c0173d,
57ba72fb30604ab9a15eb5f5cfca6e98,
fd2ca5d2f7fe4ba2bd70109f83f73493,
98109bfab3dc49719df004c037c0a715,
99c5c73eb4dc4a588f643cc3e9a1c884,
4a413f32121145d7aec0448d0fffab3f,
ba5a13f0a48e4d1ba048dac0bd2569d6,
a82cd276f8354e31b7491e320933dbab,5484000000.0000
1bd43918791e4e69aec28093f62c56b2,
2075e93a2b6141fc9140baa4ce71f6ec,
cc040696acad46ad886c266ab12dd916,
c857fb8f45fe4034bf66a4f55adbfbe8,
7d028c64186641c7969e84e374fec993,
05a5363cc1f2457696a3ebc1e7120423,
298634500dd0427a93e6430a2d601571,
69c68db0f7e44f4c8fed61beffc26bde,
71f4f3b5375742cba7777c41e14a00eb,
0cb083eef37643089636aecec4d14eef,
0386a65719b249718c94509e23a63741,
ab6a806440d3444792ce531df8bc358b,
c111ac8af5a5413abdf6db5bf9504f7c,214000000.0000
565dcd3e02a44107b1abcf7f8d62aac9,
f7af020b12bb4fd194705f1012daf6d9,
5e6ccd88d8eb451f9e6019706d9f6890,
b74032e0370742cf9decab807c625eeb,
4f5a16fb7943462fa6b616e9fb7229cd,
b33226684f05476e8c765a34147fa7ff,
5d9613bf10cc4bc0ad0d1fdfa1fb095a,
b8212a7860fa4bf4a03c1622e7f4daeb,217000000.0000
3717ff5239434bed83ee2afb8c380094,850000000.0000
24b582be6b6644218cd5cf03478c096d,
b59597da7fc240c9ba5e2eaea7de1e99,
31676b3208d9460b8edb1a57cdfddea9,
52fc67b5c6fd4286a89f0d76ceecc61b,
e5521807ce9b43a0aa40ecb20c432ed1,
dcf750e8b10248eeaae16b784de12649,
4a943c8893914006ad215d8e92ab1c6d,
6fd9bf78540147a8bddc0e146635367a,
b70053fcc3c64bdd839e5f3131a9e29e,
ef3b978f778c4914b25ebdf35db4f0bb,
f5e24b2c1c3743ebb46df82bc3169fae,
c8116d775b954097a4e4abbe7d89b44c,
90d3e7e3c6704ce6bd157c587557b707,
0990f155e7b24a6e96e4eee488e2a0d6,
96be5af235c74bd79915b13d1a7edb3f,
0014f67172084e3faba8221075ce5733,
b70a1ec0474a4b4f9592128a6542fb50,
db3f542b193446369306c39b084fb1b0,
0ecbe516aa17484b96fd8fef3628b171,
cmrqon4cq00bjit4fxdrramko,
cmrqon4ct00blit4fkwmxaxw7,
f4cdae2262504dc7ac5c78456d6fa58e,
04b72a48f16d4fa8b9a012dedfd1aca3,
a28bca18366941cfaed25afb191d85da,
1b638f643c104393a509852ec9a6aa7f,
16026b31fd904507b23f0b21e784c701,
35ecd082e8124829b1a7f735d339b4bd,15610358000.0000
1380a47f299a47c686af08764fe2f3e4,
4d9d1f53098b4c95a3598fa67cc818dc,
38ea44852824437f9c22c4f5c0cf8c3b,
a1cf97c3fde44fba8010e2bf7d57f449,
3215369410e740b19bcbe3e4989330ac,
2f568113adc64afd8ad503b68a9e4147,
2f4b856e310f45328421a6e4ea9c630a,
9acd4ccb9e5a42e58ec27e53b3435abd,
ce0354d6a8cd472da8abd6475fb03b5d,
988c7efd1c054c13b0aac928f055b472,
0e4a50e7849e4e9ebf2f39775df2d75b,
a34e9c546e79499c8a171ee6515fa5dc,
3970d59da0274e92989d23f0704407d8,
fc7b3f48a8504e228a2ddcd153c84733,
68877abb416b42ccb316f855d3858a43,
6d976f3fabc04fafa7270f3ed10f9262,
e20e753958b3485cadfdc167419c9f07,
68d1108a77b04ea8b033ae3741fe5304,
6705f37e13274fab8b21fb08933c9724,
fdc90bab547a4bc1aeead85e9a951f62,
f5176848e8d44e95935c22878efa1c00,
eb6a69a1611f4259bb13df7d0aeca5f2,
e740b2955210423ba7ca497fecf37636,
710b6a5358f44cb99a43c1aa322413c6,
bcdfb633d0d14119b9bf79f6d6e078ba,
918f56b43050488fa025c4ef1736aa6f,
941917707ec042afb4220eb448745d27,
e7629f9e8071407f85a2b07aac6f0b17,
30365781aca748db8b300ad0a7e0aa73,
bcc6607ce43a40799c07f4a3f5e7f3e0,
a45155a0a7dd45519a1242c994927498,
b65279426684403083322b031dd2fd3e,
db2a8f23fde94c7595cb2fa42e9989d6,
95b4eb6ea183460ea053596a6e0b7e0b,
a25ce2bb0a1e40deb61d1285058ede15,
eac212f523844b48951c6bb90c59a8c3,
8848f9460a62442e9673f98154bb7c81,
34ad3e572aa2476d8f83818f7de444ec,
8ae8779ddae647539364be9b963b7a41,
2c9dd06bb50d4abe8480c751369867f2,
3bd34157b4424e9bb66450713d6d53ed,
8d101a973d62438da31a07581634bdd3,
942926d653854be5a7060b21ea2b3949,
73fc6b4b35d946569ffc99d2f7bf8e2d,
e463f5ab098841b493b7316b26c9c00f,
415d448041924a5b8ba25185d38d52b7,
37a7de35a4cb4c11815994550511e1b2,
0e5a752130874da3b40c582aecfcad4b,
2ed53e987efb4276ae811163a00c29e5,
80a2d755a6f34190a56b8426b6bca09b,
553ac05b9a154861be872d9805dac678,
b55fcc0efe914fed84063c829f9c2113,185000000.0000
d7adf62cf2a64380a0d8646c59a04716,
f783692d3dce462fa6fccf0eba852e7f,
d76b0bb0b8704773a6431a80b0e8fa93,
7955e331cbb3494ca3a67671a8d8d1e6,
edc317c0671d46cb9fcde1faeefff45a,
d7fb47e354cb471894eacdd8609518b2,
484ad2e985044d79a4a7f6d63b00b840,
f81a6959c06f4c3f9ee82eadc2d56a67,
84703fa6745f4b5499ee37d9d97f7b8f,
e187e575493e439ca48ce6f756889354,
c044097291474fbfbb9c2ea17e2e0f2b,
897fd4e7cb944cfd9075948d307e8cec,
08685906c4c44e9c89205ddf2006e820,
b7930f8d57664748a2a9913d1fde3ab8,
a034629bf34c47eeb4b4ff66bbdc8c07,
e178e6d503194610bb35099f44e48dbf,
748f38d7bb2f4bb691116cf780da2180,
abe14e42075f412399a75c230af5c469,
0e3285eeed05449c9e1b7d8afac321b9,
1be9cf8d08d44d258d6675249e87d30d,
9fa4ac84352f43889ea6f5905ebb7959,
c47457e1553540d29f5cfa673ebdc84f,
8582bede0cb847a586adc1a29f29e5d9,
ee58d35b9aa54054bf6e0aa14ae52024,
fcaf9490b0cd48649f06ebd382f8f7d3,7233083000.0000
63381a0d0429440fa54b53e66fb9f4e1,6121423000.0000
4651fa5b66a1404d83103f5dfc08872d,
d60f92d704024db385dd8b44847d386c,
debdd6f6f7e0423e847ee5bbd937903e,
0d271a7f7dc041baa0e3353e2df606ea,
260fbab904b5436babf1e6e34275b4cc,
9e9c3bbb1a714e138e8023fe7f6c11d0,
51fa1cea13c34ce59a7739d30087e6bd,
ad5f0d902702409e86fe1bcad77e737e,
c5f20cd136fd43ccaae3c68e24d258fc,
e58d961efbad4eaabde00e9cc6c23886,
cbc0e212ca5f4d5dbb09d393633f54c1,
27fc14e6c65545069d09e89bdc694793,
b21df2621f454c5caf215f7219e813cc,
39926177eb2444e0b5ab5efd8f5f7afc,
222a9377b5514ac5a5f3b869a215ce99,
a540fbc47eea48678fb974292edd113e,
655ba6dcec19477783c1a960aac2d5a5,
da175aa29b1a46a1a4a77a1a44181a20,
c4ba3de3f87b479cb76ac8e4cd222863,
83808b4c477f4b6ca2df5f464c12cf29,
91451b0fefaa4767bbf8cf9cba860842,
b3c149490b41495fbdf419055683e851,
95c718ac736247a683542e48b437f1da,
6d421655dae24aa8b6071f3117ff0e4f,
f568e8a95fd748e58bec6f3808530fff,
7e30fb049f5d4840adc26232dfbd4761,
a7bb22b980d14f4c8c6168b571a80ca6,
0c23ebc917894fd8918ff2b2af06281f,
edd48f157deb4c228cd9f60e4b2de227,
080a61ce38de467eb7fa16ec8b5e90a9,
b0f9d69e059a4f91815c73d06275a930,
6ca91dfcb58b42f5807aae994cfab980,
a857f06a55e1429b8dda0ed48c8fe4be,
2a366122ab054912ae14795d54f5efb7,
c11b8a5deba94f8bb293546d756c248f,
4815e5f7cebd4321a91c153ee9f1af76,
9f896b5811ed49f9afff03eeb9dc27e5,
5f128df38ab74d0ba0105b041472a2fc,
3474d1fa2f06411b907a0af67e81a936,
3d537025172847d39f60bca4acb4e9a6,
46f7ee2f2f3045d1ae0711d0e552aed2,
9f32ca0d961443b289b2368d357b0fbf,
e8b02713f8d0467eb30bb0a070ce978b,
770ea1dbf2c347518661924e411642c7,
3bdafdef6da04930bb92d5e95525724a,
9aa7f2129a1d4deeba46a37c260b98a5,
175a989022da4cd5a320bd55d0d00c39,
62a4e01c1428479c83cbb0a99fbc8dc2,
ed2e556f0d034ba1b1b82ed401100ef3,
ffd7fa1e81464c218a893d25d18c4805,
7a3b24f2b2fa4892961eebea1c96159c,
6dd8a175b5ac42749b546ce33d7eb905,
dca1b378a6104147a65d0c4e79bf23bc,
e728d74275714ce7a1ed383da6ffc939,
3843b48c1ee24d9a888d84d995b273b3,
2237ff3cb5824bc584067980b6ee3ba0,
b04698d540874b60be6b3fcc58895980,
c56fee7a8ef146c28a2617c370d85f21,
2d0da3e6ac8e4361935f47a2286d6f49,
6aaffe61d6c445e4b2c0d2da0da3313a,
fec89d639fc74361ab6b267d0af65839,
91b1e2046810416d9005f297df5561ad,
5eb46732894c4ace8de2f18b7b8d5e4d,
663e6627479140dab31ec7d9efe6b044,
c2f2c951e02c44158e330bd2353ce0e3,
f7920a5bd3ab47ab891180c0a334818c,
951293e2a1754d01a2e3e27ec70ae0ea,
80155dc91e5a49b784d0518f54c579aa,
f8cab7dfb63f4fdab37571fef1a1f237,
6809449e58b04ffc9dd8670089ddfebd,
962edb7db70947368bdecbda5d7bc55a,
bd534604ee124eb2b89f5fdfff863379,
3823ef1bb379412182c029cae23f4226,
5cc44a1972234a3192e88268f635b519,
1e3811adda7d4995bdb59161b2a32c52,
ca898c8cc86c47d9ae4b00adace1fd7b,
428119b831824404b8acb056e169b29d,
b5e6bc5fb78240ed9de86a74d333eb52,
26ba970de7ae491cbc2de78510f00d17,
e946c0de996f47be95cce4eed0ced79a,
98febea6a49d4b789d8ffeeedbe12052,
90e4f8649a4b4759bace139602e193c4,
81ba5822082f47a19c227236f2d3b5b7,
4925a6b0e20a4492854e36446cd804a5,
06e2bc9df24a4d34a8869057610196e5,
ae6dd153afc04e199464a93d492f35d4,
c9b7944dd72b43ca8ccaa336bd66a122,
d75d898b523a438495772db1aaa8fd13,
58747639814a41b799da002371fb83c5,
2fe44fca299741d7b2e4eae9bd390f0b,17264068000.0000
19b551490e2a42bba428168986766738,
38b4f978ffb04c3ca9cb4e714fa02b42,
3c28f217e4124bb0abeb6d5b3063aaab,
6898793033b54bbfa8757c8f3482dd65,
01eac3d53c48479da71ab9256f323a36,
21420dcb139c432aa687e245918e322f,
8e5c4b8bea6a467792b3200445e9d3a5,
0313dfdee569400585105ac8e18279ec,
1967e26a557f473e984e8a31d531ac77,
6a3c6081c67d4e5a85f60f4e25d9ae0f,
b147a989b48d4c6ba67e20a343aafd19,
fa9f7dd4ff8b4b85b5200788ccf33494,6311000000.0000
87e89aeb632d4abf88a008d9fe6db5d1,
2a93ea2b5b38414ab898614d78cbb5a7,
04245e0618304ff2b3b1c9ab44d397cd,
8ffdaf19cfbc44dc892c0004e76d3070,
b901cc4acc174e8198049b3239d372ce,
8026faddbd814a9f8d8852338ee7f00b,
9b9f4563d4e64348913e98e61b0dd41f,
dcf4b73a1e414642a93bd08562c776fb,
f4da036dc59e4673b70980a6dd4ab786,
826bf03364584937a2bec3d0c7321bac,
c7b3acbeb3b243ae9dccb298e78303b4,
3f2076b7143e44128e1b94d2df7a5326,74133000.0000
fa002a9487a14050a23437871b8f8b07,
27f0a10d303f4fddaabf08f6d9f93df0,
eeff45700c1241a08f087ea7f99934f7,
b38439898c4846dcade706973a651b5a,
0dbdddbde3694c0d8aa6bc0d7eed3ffe,
ad97c5ee2dfe44fbacc4216c162aa114,
aa4505fc2a3847058d06ee8efd528a06,
cmrqomsaw0029it4fa9qxmibi,
558b53e04df94a34aa9ad072037ba372,6505000000.0000
5ff2c34e839c4e72b3f70a7be9d497ac,6284000000.0000
fb8a184a66cc405c92827b1faa4c2a00,6413000000.0000
bffeae5061464fb78bb317a8a483fd59,
4e754b70279341b6b291227acec40c92,
3e8bda09f0be46998742d95715150744,
ae8808df0f554eb7a7dbfa4fb139f21c,
b413922dd4ae486eb624fb2622318352,
be68a9fc630b43fba98524774606dd02,
30834b4d30144f8f82e931c3cb5b3e51,
33ade5c5d29944b89f40cd830b7a1bb4,
52d5c6a717e84c5891d4f697e40fc049,
35d71d1c7d544fe0beda0e999ed3f1e2,
18e1fc0afcb541daa0265bcafb67e37d,
15c8235a6bd94ecc87603d62025e6039,
b095a09bbf904e1395a8abd515e60189,
1146df9f4f4040268ee53f56ee026436,
edd2eeed06cc4ae8b2f2f36d8ee0b13c,
8e4709108b9b4ae582d19fd8569cbe27,
85a4327e7dec4b968fb6ae22cdc9e1bb,
da7530ecf52d40a99cd673585d1fd2f9,
d013930730834d049f9d9d6a30fb6492,
045e246ac9e646a69b88c2354152fddd,
069b782ba70149d4be562d81d7fe1af3,
e001e6f81c72465c8b85bab63cfa729e,
3b74aaa04e5c4ad6ae2755b801944552,
b6f440a508104eeb80027146696b5827,
7f85820c4ad04107ba9975b4ebe40cd9,
1e337ff0ad354fd38059d26a6f560eb6,
b6cfdeae4f85407f9be1e65aff040a7e,
335bb72128784254b8af1d08eddd5bf6,
ffab55b6ad02440ca5bbec27800d9594,
ad67e8dd5691485eb70f76e6f84adb5d,
5b577d40cdf44e9f8d74217e937cf689,
78aa0ff4f5d44e16ab54a33a7717d7bd,
273e30cfdd8044d29df0e81b9dfd6ef9,
85fb817f55a846178e5bf242f7334ed0,
593e5651758648da9887f1c89061082c,
c38dfe7f22374dc5a7493ec23287760b,
d8b6b08bcd504303a6d474d72f9a3685,
088802c5adaa44288c584d26732691d2,
1184ce0d682d4d41aad68da7ed827aae,
d77016a3d00a44c5a8846debc9e2b748,
cd6c2cda2eba42b0bed83cff8789ed70,
78e4a1a7ef204631bca7f922bc1f89ad,
b261da2e55ee4a3fb1e3a5254e31c274,4373000000.0000
a6fa8181783e4d46a5f6a25f751cd673,
792c5c1ea7514b2787d2edea20d17831,1278089000.0000
56d0a2efe80e4fbea782468c4f5e741c,
61f91dce844a455b9ee0c5778530fcbc,
96ae1532bb70482fa63dee2d88cb754e,
2ad40d21671a41d5adc20ef3b065927d,
16a2786c9f624a8a887dc79f222291ae,
7d4ed425ce984121b9efdc2a457894cd,
3e72b8ec0d274eb8912e321f8576c7b1,
b33a3787d10e4bc69dc87467e2dfbfd7,
b1608c6d5f384849a450e1da6390b293,511600000.0000
44c5e8774d8c46d8be3786a73ca572bd,
be76c54188e046009abf7a7774647ffc,
81e5f9b8a0c54873ba9347a3d83279ed,
b5bb1184a1cf4139a2a9bfcdd1ca6c0c,
f33d10b43a664400923942d4b96c718c,
8aa7a76d86644f83b4f7fab058c3fbc6,644000000.0000
0cbafb6bc1d14043ae74b98728a77e75,
063743eb02ce4cd0976ac0f1a254e3d7,
65bf20fd37e044e2a1f4c0c7386d2981,
2e4e3b1ae74a4b268495b95e859cac7d,
28813c8e133b46c295aa0ef6534b0744,
bcab7e2e3a854bc2b57ece58a912bb6f,
78dcd18ff7de4706bbb7dbc586467407,
a5d66b78477b49bfbae7b64439eaa4de,
4b4e77d3101348ae9bfc1803ba3c0a90,
c43fe848eed743b89edb44f141e71a53,
7e58b71517db4d24811ff0fd667c8abd,
9740b708b9e0417baa400c7acc128e86,
e3e07d56a327459a892db42ec21d8898,
5ca2b2f3413a4f2cbd9f401097229f45,
6f7c9677eda54f07a7468dfc904193ff,
07738e8fc05c4c1a879bbe15c02bcefd,
3582e946f88b47dcbb2a2fce49a0266d,
7ea1b9f1d55149ba9b48655628ac3630,
2689395cc8b04c229721818017b1789a,
b48746ca161d4cb8baa15cce3e574cb9,
ca64293dec3d4067ada1626b0b3adf81,
58687a4e2dfb4b63b38255cec44452c8,
aa98c908ef89441b8c1ec9169865750e,
1e4843b50a44468dbc6c7a34c0716395,
f1774a9146a9475dad4222669360e637,
de8b66e0d55744d78fa2dc2ba58906d7,630900000.0000
1577cbd0d4b2478cb553eb2bc452edaf,
6161deca9df04f75a7b1df9c4bac4f25,
dadc7528631f4abba2ee87ebc5cc09b9,
1280fa58485842e0bb1279e1a2ab88c5,
d6bb72df21684dfbac18cfa5572f42d8,
1e829be59ddc437fbcd7ec448094d9b7,
fc6bc3f482cf47a489f79efda4359b60,
6ddeb3ad79f64b42aff4bd0b8b19baff,
8f38969bc218430b9607abcc4aac6ed9,
a333ec7c976f4656b22f6b1911e0f4a3,
e2a8c59814d04fb18af5d0e526956a2d,
80b1c1b1c9a0416f806cfeec18405393,
9d655906fb834000961332273a8ce41b,
5728d56bd1fb47b8b372febfc1123265,
c50f8312034f4490ac47866c4c9f0164,
2438c64e5d6047b4ad5097c65ee86677,
03871dc3a21d4e6c9a346fe24abee2e0,
3346558e3c7d467187d63e0d186fbd1c,
263c2f890ac74e0b8aa90cb6e116fb17,
8e2d84fc2d934af8825f0e474c5f24ae,
b93d41aaacc74409a3d2a9946da39b22,578000000.0000
2c52d600940e444982169c02cbadf366,
e22468fdff9c41a197414e57ccefa7e0,247200000.0000
e10d1894618f4f8a9aa9a69696d74f3b,249100000.0000
bc5ac7b775474389bec8382684260285,40500000.0000
9357fdeb42a746f99b85529876fa6f20,1097300000.0000
3eee5ef516cf4520b79d79c5231572f6,1170000000.0000
4921de28d5fa4c409cdc59cf565e18ba,268700000.0000
abe744ecf24147d0b74c4f33053ff1c2,279300000.0000
83ebc937554441c29a1f7a39db908cb8,270800000.0000
ce503419f5274d16bcfd138a542ce524,3195322000.0000
1bed92f715854f9ea9297f2416c1055f,373800000.0000
94c03dd2d6fe4f3e973b7f9659929948,1585700000.0000
c1cbd654c59f4ddaa62f2c8866f1d834,351800000.0000
603050f4c5e546fd92d6a0f1bc863e81,364100000.0000
43d12f4d6e91414bafc93b7f03ff42fc,388300000.0000
039bdc5309de4f959a31450edda9cc9a,408600000.0000
441389a02c624836bf5fe9a78a8779fa,408700000.0000
426a7db15d1e4d50a1145a8be9ef5e35,550500000.0000
578e71857f944cb9bf0112ccda0cf639,555600000.0000
44e9a72e0dc24f2bbbf3d75d1d7456cf,966825000.0000
09557ff4375a418b9011c508381eba92,202000000.0000
1d3e3503f37a411aaf54c05062f7007d,0.0000
d1fba04c8bd045d9adaae84cfad42f1b,193000000.0000
5e2fe813bae845cbb380fc304c4e24c6,777448000.0000
6490987448494392bc4c5735096b55de,529830000.0000
d1777fb1c5514575a0daf5e79fa8000e,3629432000.0000
de623dd3fd15465cb7cec41b3f339998,3313189000.0000
1cfe6e21cfad409ea995a9a1aa254d1c,4391806000.0000
fd0812df004f499fa4294e338600d92d,4469309000.0000
4faf8f4dfe294c8d960c170b0bf53f06,4554156000.0000
6fc535ed4e8e4a5fa3a2da32e6426eae,880146000.0000
1e2b1190642645f2a449c80c6fa63e47,1058691000.0000
30ef1b2e86c94d0f9002e743d476c882,2246491000.0000
004ac223e66849509ecdaeb9bff44789,1090661000.0000
112c956416ff4c73a5cdcd1c2c5b03e5,1228710000.0000
7685f5f6a0954ab2a75ad4096e2670ff,1818833000.0000
70933ace67fd449d88cde80bd95e8168,2285275000.0000
865b9dba5de74dbfbeb7fbd8b12c1528,3757732000.0000
7e4f17608ede40db85a58944e2517619,8915492000.0000
2c1e66cdae4c41c9a1b92921bdd8df50,720600000.0000
afe868142b90432ea2a7ffaac62176c9,615300000.0000
1f42dfe4b370486b894e8eb18ccf62f3,654800000.0000
65136e769a5241c6b6f6b3ddf9215ecf,331300000.0000
7633864ece2140a5882045a8342724e5,1019700000.0000
85e06c946aa04e3a96d59519679db474,1117900000.0000
8e6584d00a1643dc94ffbc92f3e9db75,10504409000.0000
0fc4a678a2de4ba4a534c3d539aac953,555600000.0000
84d503493882437d9d51e721a119444c,557000000.0000
3173b49b7fc44cc1808f7082c7b1210e,643500000.0000
769f96b41c8e4e71bb8ce6f4bd2c2df1,648900000.0000
85650a0648b94ea5a367e4046a7f5d0d,741400000.0000
1987900484914f1f82d5ac0e1bed5aad,889200000.0000
f30e7223912142329ab5166a40ff561e,610800000.0000
f62ce02daf074c8b9d217148cc7bd51d,10075290000.0000
ef1377f9588749acac7bc42c45cbdd0d,591100000.0000
cdf35f2a02364b6bbca4d49113003c88,636000000.0000
b09b5c3a97754fccb1449f3893f3d109,765000000.0000
5abfccfd73534d75b77b807f37461aa9,697000000.0000
1f520884627943e19254ebe61a881db6,771600000.0000
10b5bbf36a81475590b05507732a8721,815100000.0000
62451f49cc0c407a995b6d6aa9fcfd8a,850500000.0000
20f601181c4f408388c8621ba47ddcce,965600000.0000
7c5f6ed409c54190acf056107deb9e90,10587361000.0000
e60be51ecaeb4007bf4aada2a31fa230,11564438000.0000
0e242cba3e114fcfb4395049898ad5e3,114837000.0000
e829af69ba6a462c9627fba3f8bbf711,47151000.0000
04b5eb7440f441878e308285e6f008c0,40204000.0000
87a7254e08b64566bb095f75221c04fe,41057000.0000
babdde6d234147c69ed599c160c000f6,41014000.0000
7e2efbdcd15443d9859808ccec83f8c0,703817000.0000
624ea1322f42466e89eea6ddb2c85e72,795579000.0000
97b1e9c9727146bca6646c0c4a888ab2,838000000.0000
aa749e1498fb4775a5c269e25f24bad9,833000000.0000
d7c371d91df741fca1e17d75a7e159ab,864000000.0000
b46ddbd423c34cf1a9501250d2002c65,332000000.0000
1bed4d3bd5024409ae16586828d586ca,349000000.0000
0c0cbc5c64da41648d7885220168bac1,35567000.0000
7046e142deac4b26983712d9baacadcc,43893000.0000
4b7a8c863ca2427093782e049ea851be,
e5bc7ccf9eab4b87a466b45509f9d0d0,776873000.0000
e6ad6e7de1364406abcb70ae95d305d5,340000000.0000
0758be5e0541480593a109f721369766,322000000.0000
375e21d7cba547ef9bab73925b00b9ba,
c24de5cf0ea549c49b267a627c6df57d,
bce120036d724b55a98361e0281fdeb6,
e0eaccd7b97a443d92fde8d558aaf9b1,
a51c541123a7495db40471881b42bd6b,8150000000.0000
4e1bd7f1cd1c4200b2117a53b883409a,8494000000.0000
862794bb5556440f9602d9a24bc58e13,1118000000.0000
ea2a2376cd594296a7f8722679aac472,
50a7a57029e743ab9ea431a6bd6ede95,
4a7d6b19655b40d1b98c0e121758b10e,
54e1b46e7db44234b11c915b63627f0a,
98962465e7634058b7bfd250a04f14a8,
47e7116acd2749dcb93dfe8193f6b3e0,
315deb0aeaf14f23b3ecb5fc5b217fb7,950000000.0000
af22e38985994effb77144f9c6a8ab04,837000000.0000
df09c5465b4d49fca88ecf8e0ff8366b,
adcc92a4d65d4b7a8ecb5043633960ba,179000000.0000
7d54013a12824eed9a1ca342ef4c278f,
509aaed879f64b35a71e4a765bce26d5,178000000.0000
ceb41bd919454441be8d9cd0613b2871,181000000.0000
d923c186c07447f788ee8770d969ec47,916000000.0000
89d77a1374e04e58a1106138a40974d8,526000000.0000
04b6f7671b9f4e1cad1bc82e9dc12a9c,178000000.0000
2be05ebfe1024fcab1931246071eb11b,181000000.0000
ddeac14be2cd4d328c1c5c847c166882,190000000.0000
14d65f38e3a94df6aa8b005486b2b587,186000000.0000
f48db56b7ef0457690cce85e3b5d6a25,184000000.0000
3d34797946434bfca9db52d63ff8865d,175000000.0000
59f27095ff9b44b79048e4e4faff3b7f,185000000.0000
0de6afc74caa486f9ce7637c886d8ecc,531000000.0000
90af448c95eb449cbae23fca70d46068,467000000.0000
75620681d83f4d97a70475f544d8be24,559000000.0000
f355888ccef445218fffbe23a26b4e43,11000000.0000
050733d62f924a6d99f08002864f6b8a,11000000.0000
4cf9218bee0949e5ba965055d153ba06,7000000.0000
